data;horario;n_da_ocorrencia;tipo_de_ocorrencia;km;trecho;sentido;tipo_de_acidente;automovel;bicicleta;caminhao;moto;onibus;outros;tracao_animal;transporte_de_cargas_especiais;trator_maquinas;utilitarios;ilesos;levemente_feridos;moderadamente_feridos;gravemente_feridos;mortos
"08/01/2023";"04:11:00";"100";"ac02 - Aci";"96.727";"BR-116/RJ";"Norte";"Capotamento";1;0;0;0;0;0;0;0;0;0;0;0;2;0;0
"08/01/2023";"07:01:00";"122";"ac03 - Aci";"114.9";"BR-116/RJ";"Sul";"Colisão lateral no sentido contrário";2;0;0;0;0;0;0;0;0;0;2;0;0;0;0
"08/01/2023";"08:01:00";"132";"ac03 - Aci";"122.8";"BR-116/RJ";"Norte";"Choque - Defensa metálica";1;0;0;0;0;0;0;0;0;0;1;0;0;0;0
"09/01/2023";"05:19:00";"11";"ac02 - Aci";"101.622";"BR-116/RJ";"Sul";"Choque - Canaleta";0;0;0;0;1;0;0;0;0;0;1;1;0;0;0
"09/01/2023";"06:29:00";"17";"ac03 - Aci";"98.65";"BR-116/RJ";"Sul";"Choque - Meio Fio";1;0;0;0;0;0;0;0;0;0;1;0;0;0;0
"09/01/2023";"12:12:00";"84";"ac03 - Aci";"94";"BR-116/RJ";"Sul";"Choque - Canaleta";1;0;0;0;0;0;0;0;0;0;1;0;0;0;0
"09/01/2023";"04:57:00";"117";"ac02 - Aci";"111.3";"BR-116/RJ";"Norte";"Colisão Frontal";1;0;0;2;0;0;0;0;0;0;1;0;1;1;0
"09/01/2023";"07:49:00";"139";"ac03 - Aci";"142";"BR-116/RJ";"Norte";"Colisão Traseira";2;0;0;0;0;0;0;0;0;0;2;0;0;0;0
"10/01/2023";"02:48:00";"14";"ac02 - Aci";"25.95";"BR-116/RJ";"Sul";"Tombamento";0;0;1;0;0;0;0;0;0;0;0;0;1;0;0
"10/01/2023";"10:17:00";"68";"ac03 - Aci";"119.633";"BR-116/RJ";"Norte";"Choque - Defensa metálica";1;0;0;0;0;0;0;0;0;0;4;0;0;0;0
"11/01/2023";"04:35:00";"133";"ac03 - Aci";"89";"BR-116/RJ";"Sul";"Colisão Traseira";2;0;0;0;0;0;0;0;0;0;2;0;0;0;0
"12/01/2023";"06:54:00";"23";"ac03 - Aci";"45.3";"BR-116/RJ";"Norte";"Atropelamento de Animal";1;0;0;0;0;0;0;0;0;0;1;0;0;0;0
"12/01/2023";"02:14:00";"103";"ac02 - Aci";"139.961";"BR-116/RJ";"Sul";"Choque - Defensa metálica";1;0;0;0;0;0;0;0;0;0;0;0;1;0;0
"13/01/2023";"12:54:00";"4";"ac03 - Aci";"130.975";"BR-116/RJ";"Sul";"Choque - Meio Fio";1;0;0;0;0;0;0;0;0;0;1;0;0;0;0
"14/01/2023";"06:59:00";"20";"ac03 - Aci";"101";"BR-116/RJ";"Norte";"Saida de Pista";1;0;0;0;0;0;0;0;0;0;1;0;0;0;0
"14/01/2023";"05:34:00";"146";"ac03 - Aci";"128.358";"BR-116/RJ";"Norte";"Colisão Traseira";2;0;0;0;0;0;0;0;0;0;2;0;0;0;0
"14/01/2023";"07:16:00";"154";"ac01 - Aci";"94.3";"BR-116/RJ";"Sul";"Choque - Talude ou Barranco";0;0;0;1;0;0;0;0;0;0;0;0;0;0;1
"14/01/2023";"08:18:00";"163";"ac02 - Aci";"38.724";"BR-116/RJ";"Norte";"Colisão lateral no sentido contrário";2;0;0;0;0;0;0;0;0;0;0;1;3;0;0
"14/01/2023";"10:01:00";"175";"ac02 - Aci";"126";"BR-116/RJ";"Sul";"Atropelamento - Pedestre";0;0;0;0;0;1;0;0;0;0;1;0;1;0;0
"15/01/2023";"07:40:00";"29";"ac02 - Aci";"117.877";"BR-116/RJ";"Norte";"Colisão lateral no mesmo sentido";0;3;1;0;0;0;0;0;0;0;2;2;0;0;0
"15/01/2023";"04:25:00";"100";"ac02 - Aci";"122.58";"BR-116/RJ";"Sul";"Queda de Moto";0;0;0;1;0;0;0;0;0;0;1;2;0;0;0
"15/01/2023";"06:06:00";"120";"ac03 - Aci";"125";"BR-116/RJ";"Sul";"Colisão Traseira";2;0;0;0;0;0;0;0;0;0;2;0;0;0;0
"15/01/2023";"07:21:00";"133";"ac02 - Aci";"92.545";"BR-116/RJ";"Norte";"Colisão Frontal";2;0;0;0;0;0;0;0;0;0;3;0;4;0;0
"16/01/2023";"11:11:00";"72";"ac02 - Aci";"94.75";"BR-116/RJ";"Norte";"Tombamento";0;0;1;0;0;0;0;0;0;0;0;0;1;0;0
"17/01/2023";"03:12:00";"110";"ac03 - Aci";"99.75";"BR-116/RJ";"Norte";"Capotamento";0;0;0;0;0;0;0;0;0;1;2;0;0;0;0
"17/01/2023";"04:51:00";"123";"ac02 - Aci";"132";"BR-116/RJ";"Sul";"Choque - New jersey";0;0;0;1;0;0;0;0;0;0;0;0;1;0;0
"17/01/2023";"06:53:00";"137";"ac02 - Aci";"121.3";"BR-116/RJ";"Norte";"Queda de Moto";0;0;0;0;0;1;0;0;0;0;0;0;1;0;0
"17/01/2023";"08:07:00";"146";"ac03 - Aci";"130.2";"BR-116/RJ";"Sul";"Choque - Defensa metálica";1;0;0;0;0;1;0;0;0;0;3;0;0;0;0
"18/01/2023";"08:02:00";"41";"ac03 - Aci";"84.535";"BR-116/RJ";"Norte";"Queda de Moto";0;0;0;1;0;0;0;0;0;0;1;0;0;0;0
"18/01/2023";"12:21:00";"98";"ac03 - Aci";"101.627";"BR-116/RJ";"Sul";"Colisão Traseira";2;0;0;0;0;0;0;0;0;0;4;0;0;0;0
"18/01/2023";"12:52:00";"104";"ac03 - Aci";"103.738";"BR-116/RJ";"Sul";"Engavetamento";3;0;0;0;0;0;0;0;0;0;3;0;0;0;0
"19/01/2023";"08:33:00";"40";"ac03 - Aci";"90";"BR-116/RJ";"Norte";"Colisão Traseira";2;0;0;0;0;0;0;0;0;0;2;0;0;0;0
"19/01/2023";"10:33:00";"68";"ac03 - Aci";"142";"BR-116/RJ";"Sul";"Engavetamento";3;0;0;0;0;0;0;0;0;0;3;0;0;0;0
"19/01/2023";"12:25:00";"94";"ac03 - Aci";"109.725";"BR-116/RJ";"Sul";"Colisão lateral no mesmo sentido";2;0;0;0;0;0;0;0;0;0;2;0;0;0;0
"19/01/2023";"11:19:00";"183";"ac03 - Aci";"98";"BR-116/RJ";"Norte";"Colisão lateral no mesmo sentido";1;0;0;0;0;1;0;0;0;0;2;0;0;0;0
"20/01/2023";"04:31:00";"10";"ac02 - Aci";"8.536";"BR-116/RJ";"Norte";"Choque - Elemento de Drenagem";0;0;0;1;0;0;0;0;0;0;0;0;0;1;0
"20/01/2023";"07:08:00";"20";"ac03 - Aci";"140.692";"BR-116/RJ";"Norte";"Engavetamento";2;0;0;0;0;1;0;0;0;0;3;0;0;0;0
"20/01/2023";"03:44:00";"113";"ac02 - Aci";"77.9";"BR-116/RJ";"Norte";"Colisão Traseira";1;0;1;0;0;0;0;0;0;0;0;3;0;0;0
"20/01/2023";"08:41:00";"150";"ac02 - Aci";"79.7";"BR-116/RJ";"Norte";"Colisão lateral no mesmo sentido";2;0;0;0;0;0;0;0;0;0;0;2;1;0;0
"21/01/2023";"01:24:00";"9";"ac03 - Aci";"133.5";"BR-116/RJ";"Norte";"Choque - Veículo parado na pista";2;0;0;0;0;0;0;0;0;0;2;0;0;0;0
"21/01/2023";"11:09:00";"88";"ac02 - Aci";"128.432";"BR-116/RJ";"Sul";"Queda de Moto";0;0;0;1;0;0;0;0;0;0;0;1;0;0;0
"21/01/2023";"03:18:00";"122";"ac02 - Aci";"38.734";"BR-116/RJ";"Sul";"Colisão Frontal";2;0;0;0;0;0;0;0;0;0;0;6;0;0;0
"21/01/2023";"09:25:00";"161";"ac02 - Aci";"106.2";"BR-116/RJ";"Sul";"Colisão Frontal";1;0;0;1;0;0;0;0;0;0;1;1;1;0;0
"22/01/2023";"12:31:00";"4";"ac03 - Aci";"99.8";"BR-116/RJ";"Norte";"Choque - Canaleta";1;0;0;0;0;1;0;0;0;0;2;0;0;0;0
"22/01/2023";"10:31:00";"62";"ac02 - Aci";"140.01";"BR-116/RJ";"Sul";"Atropelamento - Pedestre";0;0;0;1;0;0;0;0;0;0;0;0;0;2;0
"22/01/2023";"10:56:00";"64";"ac02 - Aci";"81.588";"BR-116/RJ";"Norte";"Colisão Frontal";1;0;0;2;0;0;0;0;0;0;1;0;1;2;0
"22/01/2023";"09:01:00";"163";"ac03 - Aci";"139";"BR-116/RJ";"Norte";"Colisão Traseira";2;0;0;0;0;0;0;0;0;0;2;0;0;0;0
"23/01/2023";"07:42:00";"47";"ac03 - Aci";"137.387";"BR-116/RJ";"Norte";"Colisão Traseira";2;0;0;1;0;0;0;0;0;0;4;0;0;0;0
"23/01/2023";"02:34:00";"169";"ac03 - Aci";"97.765";"BR-116/RJ";"Sul";"Colisão Traseira";2;0;0;0;0;0;0;0;0;0;2;0;0;0;0
"23/01/2023";"08:05:00";"219";"ac02 - Aci";"114.915";"BR-116/RJ";"Norte";"Capotamento";1;0;0;0;0;0;0;0;0;0;0;0;1;0;0
"24/01/2023";"05:43:00";"25";"ac03 - Aci";"117";"BR-116/RJ";"Norte";"Atropelamento de Animal";1;0;0;0;0;0;0;0;0;0;1;0;0;0;0
"24/01/2023";"11:22:00";"139";"ac03 - Aci";"140";"BR-116/RJ";"Sul";"Choque - New jersey";1;0;0;0;0;0;0;0;0;0;1;0;0;0;0
"24/01/2023";"04:26:00";"178";"ac03 - Aci";"39.581";"BR-116/RJ";"Norte";"Saida de Pista";1;0;0;0;0;0;0;0;0;0;1;0;0;0;0
"24/01/2023";"08:45:00";"208";"ac03 - Aci";"127.622";"BR-116/RJ";"Norte";"Choque - New jersey";1;0;0;0;0;0;0;0;0;0;1;0;0;0;0
"25/01/2023";"07:15:00";"26";"ac02 - Aci";"105.504";"BR-116/RJ";"Sul";"Queda de Moto";0;0;0;1;0;0;0;0;0;0;0;2;0;0;0
"25/01/2023";"09:10:00";"55";"ac02 - Aci";"79.809";"BR-116/RJ";"Norte";"Atropelamento - Pedestre";0;0;0;1;0;0;0;0;0;0;1;0;1;0;0
"25/01/2023";"11:23:00";"78";"ac02 - Aci";"143.5";"BR-116/RJ";"Sul";"Colisão lateral no sentido contrário";1;0;0;1;0;0;0;0;0;0;2;1;0;0;0
"25/01/2023";"08:33:00";"166";"ac03 - Aci";"143";"BR-116/RJ";"Norte";"Colisão lateral no mesmo sentido";1;0;1;0;0;0;0;0;0;0;2;0;0;0;0
"26/01/2023";"06:25:00";"14";"ac03 - Aci";"96.628";"BR-116/RJ";"Sul";"Saida de Pista";0;0;1;0;0;0;0;0;0;0;1;0;0;0;0
"26/01/2023";"06:55:00";"20";"ac03 - Aci";"129.119";"BR-116/RJ";"Sul";"Capotamento";1;0;0;0;0;0;0;0;0;0;1;0;0;0;0
"26/01/2023";"02:38:00";"100";"ac02 - Aci";"37";"BR-116/RJ";"Sul";"Colisão lateral no sentido contrário";0;0;0;2;0;0;0;0;0;0;2;1;0;0;0
"26/01/2023";"06:29:00";"126";"ac02 - Aci";"139.9";"BR-116/RJ";"Sul";"Queda de Moto";0;0;0;1;0;0;0;0;0;0;0;0;1;0;0
"26/01/2023";"09:34:00";"142";"ac02 - Aci";"77.55";"BR-116/RJ";"Sul";"Atropelamento - Pedestre";1;0;0;0;0;0;0;0;0;0;1;0;0;1;0
"27/01/2023";"01:35:00";"151";"ac02 - Aci";"81.827";"BR-116/RJ";"Sul";"Queda de Moto";0;0;0;1;0;0;0;0;0;0;0;0;1;0;0
"27/01/2023";"08:34:00";"213";"ac02 - Aci";"23.6";"BR-116/RJ";"Sul";"Atropelamento - Pedestre";1;0;0;0;0;0;0;0;0;0;1;0;0;1;0
"28/01/2023";"02:33:00";"10";"ac02 - Aci";"132.78";"BR-116/RJ";"Sul";"Capotamento";1;0;0;0;0;0;0;0;0;0;0;2;0;0;0
"28/01/2023";"05:29:00";"16";"ac03 - Aci";"40";"BR-116/RJ";"Norte";"Choque - Meio Fio";1;0;0;0;0;0;0;0;0;0;1;0;0;0;0
"28/01/2023";"03:26:00";"118";"ac03 - Aci";"81.8";"BR-116/RJ";"Norte";"Choque - New jersey";1;0;0;0;0;0;0;0;0;0;1;0;0;0;0
"28/01/2023";"08:48:00";"164";"ac03 - Aci";"138.681";"BR-116/RJ";"Norte";"Choque - Defensa metálica";1;0;0;0;0;0;0;0;0;0;1;0;0;0;0
"29/01/2023";"01:15:00";"7";"ac02 - Aci";"133.5";"BR-116/RJ";"Sul";"Colisão Traseira";1;0;1;0;0;0;0;0;0;0;1;1;0;0;0
"29/01/2023";"11:15:00";"74";"ac02 - Aci";"120.881";"BR-116/RJ";"Norte";"Queda de Moto";0;0;0;1;0;0;0;0;0;0;0;0;2;0;0
"29/01/2023";"04:14:00";"97";"ac03 - Aci";"101";"BR-116/RJ";"Sul";"Choque - Outros";1;0;0;0;0;0;0;0;0;0;1;0;0;0;0
"29/01/2023";"06:02:00";"119";"ac03 - Aci";"99.45";"BR-116/RJ";"Sul";"Choque - Veículo parado na pista";1;0;1;0;0;0;0;0;0;0;2;0;0;0;0
"30/01/2023";"10:04:00";"65";"ac02 - Aci";"142.874";"BR-116/RJ";"Norte";"Colisão lateral no mesmo sentido";1;0;1;0;0;0;0;0;0;0;1;1;0;0;0
"31/01/2023";"07:19:00";"27";"ac03 - Aci";"123.5";"BR-116/RJ";"Sul";"Choque - Meio Fio";1;0;0;0;0;0;0;0;0;0;1;0;0;0;0
"31/01/2023";"10:08:00";"79";"ac03 - Aci";"70.987";"BR-116/RJ";"Sul";"Colisão Traseira";2;0;0;0;0;0;0;0;0;0;2;0;0;0;0
"31/01/2023";"03:04:00";"123";"ac03 - Aci";"92.2";"BR-116/RJ";"Sul";"Colisão Traseira";2;0;0;0;0;0;0;0;0;0;2;0;0;0;0
"31/01/2023";"07:27:00";"157";"ac02 - Aci";"75";"BR-116/RJ";"Sul";"Queda de Moto";0;0;0;1;0;0;0;0;0;0;0;0;1;0;0
"02/02/2023";"02:37:00";"7";"ac03 - Aci";"21.119";"BR-116/RJ";"Norte";"Choque - Caixa de Captação/Fibra";1;0;0;0;0;0;0;0;0;0;1;0;0;0;0
"03/02/2023";"09:16:00";"69";"ac03 - Aci";"111.075";"BR-116/RJ";"Norte";"Choque - Outros";1;0;1;0;0;0;0;0;0;0;2;0;0;0;0
"04/02/2023";"06:15:00";"19";"ac02 - Aci";"105.445";"BR-116/RJ";"Sul";"Capotamento";1;0;0;0;0;0;0;0;0;0;0;1;0;0;0
"04/02/2023";"10:34:00";"89";"ac03 - Aci";"126.082";"BR-116/RJ";"Sul";"Choque - Defensa metálica";1;0;0;0;0;0;0;0;0;0;1;0;0;0;0
"04/02/2023";"06:12:00";"141";"ac03 - Aci";"92.58";"BR-116/RJ";"Norte";"Choque - Outros";1;0;0;1;0;0;0;0;0;0;2;0;0;0;0
"05/02/2023";"05:27:00";"13";"ac03 - Aci";"64.302";"BR-116/RJ";"Sul";"Saida de Pista";1;0;0;0;0;0;0;0;0;0;1;0;0;0;0
"05/02/2023";"12:34:00";"65";"ac03 - Aci";"127.199";"BR-116/RJ";"Sul";"Colisão Traseira";2;0;0;0;0;0;0;0;0;0;2;0;0;0;0
"05/02/2023";"02:06:00";"69";"ac02 - Aci";"136.839";"BR-116/RJ";"Sul";"Capotamento";1;0;0;0;0;0;0;0;0;0;0;0;2;0;0
"05/02/2023";"05:47:00";"99";"ac03 - Aci";"3.066";"BR-116/RJ";"Norte";"Colisão Traseira";1;0;0;0;0;1;0;0;0;0;2;0;0;0;0
"05/02/2023";"06:10:00";"101";"ac03 - Aci";"131.335";"BR-116/RJ";"Sul";"Choque - Meio Fio";0;0;0;0;0;0;0;0;0;1;1;0;0;0;0
"05/02/2023";"07:15:00";"107";"ac02 - Aci";"133.441";"BR-116/RJ";"Sul";"Queda de Moto";0;0;0;1;0;0;0;0;0;0;0;0;0;1;0
"06/02/2023";"11:02:00";"97";"ac01 - Aci";"134.88";"BR-116/RJ";"Norte";"Capotamento";1;0;1;0;0;0;0;0;0;0;1;0;0;3;1
"06/02/2023";"03:07:00";"137";"ac03 - Aci";"103.695";"BR-116/RJ";"Norte";"Colisão Traseira";2;0;0;0;0;0;0;0;0;0;2;0;0;0;0
"06/02/2023";"06:17:00";"161";"ac02 - Aci";"64.453";"BR-116/RJ";"Norte";"Choque - Talude ou Barranco";1;0;0;0;0;0;0;0;0;0;1;1;0;0;0
"06/02/2023";"06:40:00";"170";"ac01 - Aci";"109.86";"BR-116/RJ";"Norte";"Colisão Frontal";0;0;1;1;0;0;0;0;0;0;1;0;1;0;1
"07/02/2023";"02:15:00";"148";"ac02 - Aci";"126.881";"BR-116/RJ";"Sul";"Queda de Moto";0;0;0;1;0;0;0;0;0;0;0;0;2;0;0
"07/02/2023";"04:59:00";"173";"ac03 - Aci";"89.158";"BR-116/RJ";"Sul";"Choque - New jersey";1;0;0;0;0;0;0;0;0;0;2;0;0;0;0
"08/02/2023";"07:42:00";"171";"ac02 - Aci";"62.513";"BR-116/RJ";"Norte";"Colisão Frontal";1;0;1;0;0;0;0;0;0;0;1;0;0;1;0
"09/02/2023";"10:27:00";"203";"ac02 - Aci";"81.863";"BR-116/RJ";"Norte";"Colisão lateral no sentido contrário";1;2;0;0;0;0;0;0;0;0;1;0;1;1;0
"09/02/2023";"11:16:00";"206";"ac02 - Aci";"95.703";"BR-116/RJ";"Norte";"Colisão lateral no sentido contrário";2;0;0;1;0;0;0;0;0;0;2;0;1;0;0
"10/02/2023";"04:58:00";"162";"ac03 - Aci";"142.12";"BR-116/RJ";"Sul";"Colisão lateral no mesmo sentido";1;0;1;0;0;0;0;0;0;0;2;0;0;0;0
"10/02/2023";"11:50:00";"197";"ac02 - Aci";"130.156";"BR-116/RJ";"Norte";"Choque - Defensa metálica";1;0;0;0;0;0;0;0;0;0;0;1;0;0;0
"11/02/2023";"01:08:00";"92";"ac02 - Aci";"130.024";"BR-116/RJ";"Norte";"Queda de Moto";0;0;0;1;0;0;0;0;0;0;1;0;1;0;0
"11/02/2023";"04:16:00";"110";"ac03 - Aci";"136.125";"BR-116/RJ";"Norte";"Colisão lateral no mesmo sentido";1;0;0;1;0;0;0;0;0;0;3;0;0;0;0
"11/02/2023";"08:35:00";"134";"ac03 - Aci";"126.859";"BR-116/RJ";"Sul";"Choque - Defensa metálica";1;0;0;0;0;0;0;0;0;0;1;0;0;0;0
"12/02/2023";"08:31:00";"124";"ac02 - Aci";"136.98";"BR-116/RJ";"Sul";"Choque - New jersey";1;0;0;0;0;0;0;0;0;0;0;0;1;0;0
"13/02/2023";"04:54:00";"154";"ac02 - Aci";"146.35";"BR-116/RJ";"Norte";"Choque - Outros";0;0;1;1;0;0;0;0;0;0;1;0;1;0;0
"13/02/2023";"04:56:00";"156";"ac02 - Aci";"144.143";"BR-116/RJ";"Norte";"Choque - Defensa metálica";1;0;0;0;0;0;0;0;0;0;0;0;1;0;0
"13/02/2023";"06:32:00";"165";"ac03 - Aci";"91.23";"BR-116/RJ";"Sul";"Choque - Meio Fio";1;0;0;0;0;0;0;0;0;0;1;0;0;0;0
"13/02/2023";"09:00:00";"187";"ac03 - Aci";"127.266";"BR-116/RJ";"Sul";"Capotamento";1;0;0;0;0;0;0;0;0;0;1;0;0;0;0
"13/02/2023";"10:22:00";"199";"ac03 - Aci";"133.589";"BR-116/RJ";"Norte";"Colisão Traseira";2;0;0;0;0;0;0;0;0;0;9;0;0;0;0
"14/02/2023";"07:19:00";"170";"ac02 - Aci";"16.764";"BR-116/RJ";"Sul";"Colisão lateral no sentido contrário";1;0;1;0;0;0;0;0;0;0;1;1;0;0;0
"15/02/2023";"04:02:00";"168";"ac02 - Aci";"74.442";"BR-116/RJ";"Sul";"Engavetamento";3;0;0;0;0;0;0;0;0;0;0;4;1;0;0
"15/02/2023";"04:32:00";"173";"ac03 - Aci";"102.916";"BR-116/RJ";"Norte";"Saida de Pista";0;0;0;0;0;0;0;0;0;1;2;0;0;0;0
"15/02/2023";"07:30:00";"195";"ac02 - Aci";"108.979";"BR-116/RJ";"Sul";"Choque - Arvore";0;0;0;1;0;0;0;0;0;0;0;0;1;0;0
"15/02/2023";"08:10:00";"202";"ac03 - Aci";"68.733";"BR-116/RJ";"Sul";"Choque - Arvore";1;0;0;0;0;0;0;0;0;0;1;0;0;0;0
"16/02/2023";"02:55:00";"8";"ac02 - Aci";"96.503";"BR-116/RJ";"Norte";"Tombamento";0;0;1;0;0;0;0;0;0;0;0;0;0;1;0
"16/02/2023";"05:09:00";"13";"ac03 - Aci";"117.935";"BR-116/RJ";"Norte";"Tombamento";0;0;1;0;0;0;0;0;0;0;1;0;0;0;0
"16/02/2023";"08:27:00";"56";"ac03 - Aci";"101.938";"BR-116/RJ";"Norte";"Colisão Traseira";2;0;0;0;0;0;0;0;0;0;2;0;0;0;0
"16/02/2023";"10:19:00";"83";"ac03 - Aci";"86.631";"BR-116/RJ";"Sul";"Choque - Talude ou Barranco";0;0;1;0;0;0;0;0;0;0;2;0;0;0;0
"16/02/2023";"05:02:00";"156";"ac02 - Aci";"120.2";"BR-116/RJ";"Norte";"Colisão lateral no mesmo sentido";1;0;0;1;0;0;0;0;0;0;1;1;0;0;0
"17/02/2023";"05:34:00";"13";"ac02 - Aci";"117.17";"BR-116/RJ";"Sul";"Queda de Moto";0;0;0;1;0;0;0;0;0;0;1;0;0;1;0
"17/02/2023";"07:43:00";"201";"ac03 - Aci";"53.26";"BR-116/RJ";"Norte";"Choque - Outros";1;0;0;0;0;0;0;0;0;0;1;0;0;0;0
"17/02/2023";"08:18:00";"207";"ac03 - Aci";"106.333";"BR-116/RJ";"Sul";"Choque - Outros";1;0;0;0;0;0;0;0;0;0;1;0;0;0;0
"17/02/2023";"09:18:00";"216";"ac03 - Aci";"98.73";"BR-116/RJ";"Sul";"Queda de Moto";0;0;0;1;0;0;0;0;0;0;1;0;0;0;0
"18/02/2023";"05:04:00";"19";"ac03 - Aci";"5.515";"BR-116/RJ";"Sul";"Choque - Sinalização";1;0;0;0;0;0;0;0;0;0;1;0;0;0;0
"18/02/2023";"11:14:00";"75";"ac03 - Aci";"142.196";"BR-116/RJ";"Sul";"Colisão lateral no mesmo sentido";1;0;0;0;1;0;0;0;0;0;2;0;0;0;0
"18/02/2023";"07:04:00";"147";"ac02 - Aci";"119.126";"BR-116/RJ";"Norte";"Capotamento";0;0;0;0;0;0;0;0;0;1;0;1;0;1;0
"19/02/2023";"10:46:00";"143";"ac03 - Aci";"116.619";"BR-116/RJ";"Norte";"Capotamento";1;0;0;0;0;0;0;0;0;0;1;0;0;0;0
"20/02/2023";"12:58:00";"2";"ac03 - Aci";"105.893";"BR-116/RJ";"Norte";"Choque - Outros";1;0;0;0;0;0;0;0;0;0;1;0;0;0;0
"20/02/2023";"06:30:00";"19";"ac03 - Aci";"142.642";"BR-116/RJ";"Norte";"Saida de Pista";1;0;0;0;0;0;0;0;0;0;1;0;0;0;0
"20/02/2023";"07:20:00";"130";"ac02 - Aci";"146.495";"BR-116/RJ";"Sul";"Queda de Moto";0;0;0;1;0;0;0;0;0;0;0;0;0;1;0
"21/02/2023";"10:31:00";"67";"ac02 - Aci";"31.58";"BR-116/RJ";"Sul";"Choque - Meio Fio";1;0;0;0;0;0;0;0;0;0;0;4;0;0;0
"21/02/2023";"12:17:00";"82";"ac03 - Aci";"108.887";"BR-116/RJ";"Norte";"Choque - Meio Fio";1;0;0;0;0;0;0;0;0;0;1;0;0;0;0
"21/02/2023";"06:34:00";"117";"ac03 - Aci";"99.75";"BR-116/RJ";"Sul";"Colisão Traseira";2;0;0;0;0;0;0;0;0;0;2;0;0;0;0
"22/02/2023";"08:44:00";"55";"ac03 - Aci";"114.173";"BR-116/RJ";"Norte";"Colisão lateral no mesmo sentido";1;0;0;0;0;1;0;0;0;0;2;0;0;0;0
"22/02/2023";"09:03:00";"62";"ac03 - Aci";"83.29";"BR-116/RJ";"Sul";"Colisão lateral no mesmo sentido";1;0;0;0;0;0;0;0;0;1;2;0;0;0;0
"22/02/2023";"01:13:00";"108";"ac02 - Aci";"100.582";"BR-116/RJ";"Sul";"Capotamento";1;0;0;0;0;0;0;0;0;0;1;1;1;0;0
"22/02/2023";"02:08:00";"115";"ac02 - Aci";"135.963";"BR-116/RJ";"Norte";"Atropelamento - Ambulante";1;0;0;1;0;0;0;0;0;0;2;1;0;0;0
"22/02/2023";"03:37:00";"126";"ac02 - Aci";"97.046";"BR-116/RJ";"Sul";"Colisão lateral no mesmo sentido";6;0;2;0;0;0;0;0;0;2;9;1;1;0;0
"23/02/2023";"09:00:00";"73";"ac03 - Aci";"107.95";"BR-116/RJ";"Norte";"Colisão Transversal";1;0;1;0;0;0;0;0;0;0;3;0;0;0;0
"23/02/2023";"09:27:00";"85";"ac02 - Aci";"14.867";"BR-116/RJ";"Sul";"Tombamento";0;0;1;0;0;0;0;0;0;0;0;0;1;0;0
"24/02/2023";"09:59:00";"100";"ac02 - Aci";"132.74";"BR-116/RJ";"Norte";"Tombamento";0;0;1;0;0;0;0;0;0;0;1;0;1;0;0
"24/02/2023";"11:31:00";"124";"ac02 - Aci";"83.29";"BR-116/RJ";"Sul";"Engavetamento";2;0;0;0;0;0;0;0;0;1;5;1;0;0;0
"24/02/2023";"12:47:00";"134";"ac03 - Aci";"66.431";"BR-116/RJ";"Sul";"Tombamento";0;0;1;0;0;0;0;0;0;0;1;0;0;0;0
"25/02/2023";"12:32:00";"1";"ac02 - Aci";"111.232";"BR-116/RJ";"Norte";"Capotamento";1;0;0;0;0;0;0;0;0;0;0;1;0;0;0
"25/02/2023";"03:49:00";"9";"ac03 - Aci";"89.38";"BR-116/RJ";"Sul";"Choque - New jersey";1;0;0;0;0;0;0;0;0;0;1;0;0;0;0
"26/02/2023";"07:01:00";"19";"ac02 - Aci";"75.114";"BR-116/RJ";"Norte";"Tombamento";0;1;1;0;0;0;0;0;0;0;0;0;2;0;0
"26/02/2023";"08:30:00";"29";"ac02 - Aci";"39.663";"BR-116/RJ";"Norte";"Choque - Sinalização";0;0;0;1;0;0;0;0;0;0;0;1;0;0;0
"26/02/2023";"04:12:00";"94";"ac03 - Aci";"93.841";"BR-116/RJ";"Norte";"Colisão Traseira";2;0;0;0;0;0;0;0;0;0;2;0;0;0;0
"26/02/2023";"07:41:00";"120";"ac02 - Aci";"40.862";"BR-116/RJ";"Norte";"Colisão lateral no sentido contrário";2;0;0;0;0;0;0;0;0;0;0;2;3;1;0
"27/02/2023";"01:07:00";"6";"ac03 - Aci";"97.736";"BR-116/RJ";"Sul";"Colisão lateral no mesmo sentido";1;0;1;0;0;0;0;0;0;0;2;0;0;0;0
"27/02/2023";"08:55:00";"69";"ac03 - Aci";"134.452";"BR-116/RJ";"Sul";"Colisão Traseira";2;0;0;0;0;0;0;0;0;0;2;0;0;0;0
"28/02/2023";"08:55:00";"50";"ac03 - Aci";"140.396";"BR-116/RJ";"Norte";"Colisão Traseira";1;0;0;0;0;1;0;0;0;0;3;0;0;0;0
"28/02/2023";"01:54:00";"101";"ac03 - Aci";"93.646";"BR-116/RJ";"Norte";"Colisão lateral no mesmo sentido";1;0;1;0;0;0;0;0;0;0;2;0;0;0;0
"28/02/2023";"07:28:00";"149";"ac03 - Aci";"84.446";"BR-116/RJ";"Norte";"Engavetamento";2;0;0;0;0;1;0;0;0;0;5;0;0;0;0
"28/02/2023";"10:17:00";"159";"ac02 - Aci";"68.5";"BR-116/RJ";"Norte";"Atropelamento - Pedestre";0;0;0;1;0;0;0;0;0;0;0;1;1;0;0
"01/03/2023";"12:11:00";"1";"ac03 - Aci";"586.8";"BR-116/MG";"Sul";"Atropelamento de Animal";0;0;0;0;0;0;0;0;0;1;1;0;0;0;0
"01/03/2023";"08:32:00";"57";"ac01 - Aci";"412.265";"BR-116/MG";"Sul";"Atropelamento - Pedestre";0;0;2;0;0;0;0;0;0;0;2;0;0;0;1
"01/03/2023";"09:19:00";"81";"ac03 - Aci";"616";"BR-116/MG";"Norte";"Capotamento";1;0;0;0;0;0;0;0;0;0;1;0;0;0;0
"01/03/2023";"09:49:00";"96";"ac03 - Aci";"94.1";"BR-116/RJ";"Sul";"Tombamento";0;0;1;0;0;0;0;0;0;0;2;0;0;0;0
"01/03/2023";"04:20:00";"197";"ac02 - Aci";"90";"BR-116/RJ";"Norte";"Colisão Traseira";1;0;0;0;0;1;0;0;0;0;2;1;1;0;0
"01/03/2023";"06:49:00";"240";"ac03 - Aci";"50.5";"BR-116/RJ";"Sul";"Capotamento";1;0;0;0;0;0;0;0;0;0;1;0;0;0;0
"01/03/2023";"07:47:00";"249";"ac02 - Aci";"90";"BR-116/RJ";"Norte";"Queda de Moto";0;0;0;1;0;0;0;0;0;0;0;1;0;0;0