data;horario;n_da_ocorrencia;tipo_de_ocorrencia;km;trecho;sentido;tipo_de_acidente;automovel;bicicleta;caminhao;moto;onibus;outros;tracao_animal;transporte_de_cargas_especiais;trator_maquinas;utilitarios;ilesos;levemente_feridos;moderadamente_feridos;gravemente_feridos;mortos
"01/03/2023";"08:34:00";"255";"ac03 - Aci";"494";"BR-116/MG";"Sul";"Capotamento";1;0;0;0;0;0;0;0;0;0;1;0;0;0;0
"02/03/2023";"09:32:00";"78";"ac03 - Aci";"74.5";"BR-116/RJ";"Norte";"Choque - Defensa metálica";0;0;1;0;0;0;0;0;0;0;1;0;0;0;0
"02/03/2023";"01:07:00";"166";"ac02 - Aci";"141.55";"BR-116/RJ";"Sul";"Colisão Frontal";1;0;0;1;0;0;0;0;0;0;1;1;0;0;0
"02/03/2023";"02:30:00";"164";"ac03 - Aci";"498";"BR-116/MG";"Norte";"Colisão lateral no mesmo sentido";1;0;1;0;0;0;0;0;0;0;2;0;0;0;0
"02/03/2023";"05:00:00";"202";"ac03 - Aci";"674";"BR-116/MG";"Sul";"Capotamento";1;0;0;0;0;0;0;0;0;0;1;0;0;0;0
"02/03/2023";"08:42:00";"232";"ac01 - Aci";"692.5";"BR-116/MG";"Norte";"Colisão Traseira";0;0;0;2;0;0;0;0;0;0;0;0;0;1;1
"02/03/2023";"08:42:00";"231";"ac03 - Aci";"635";"BR-116/MG";"Norte";"Colisão lateral no sentido contrário";2;0;0;0;0;0;0;0;0;0;2;0;0;0;0
"02/03/2023";"10:14:00";"244";"ac02 - Aci";"14.5";"BR-465/RJ";"Norte";"Atropelamento - Pedestre";1;0;0;0;0;0;0;0;0;0;1;1;0;0;0
"03/03/2023";"09:12:00";"84";"ac03 - Aci";"137.892";"BR-116/RJ";"Sul";"Colisão Traseira";1;0;0;0;1;0;0;0;0;0;2;0;0;0;0
"03/03/2023";"11:53:00";"124";"ac03 - Aci";"104";"BR-493/RJ";"Norte";"Capotamento";1;0;0;0;0;0;0;0;0;0;1;0;0;0;0
"03/03/2023";"07:53:00";"212";"ac02 - Aci";"21.9";"BR-465/RJ";"Sul";"Colisão lateral no mesmo sentido";0;0;0;1;0;1;0;0;0;0;2;0;1;0;0
"03/03/2023";"09:03:00";"230";"ac03 - Aci";"90";"BR-493/RJ";"Norte";"Atropelamento de Animal";1;0;0;0;0;0;0;0;0;0;1;0;0;0;0
"04/03/2023";"02:10:00";"13";"ac03 - Aci";"739.9";"BR-116/MG";"Norte";"Atropelamento de Animal";1;0;0;0;0;0;0;0;0;0;1;0;0;0;0
"04/03/2023";"05:11:00";"24";"ac02 - Aci";"90";"BR-116/RJ";"Sul";"Atropelamento - Funcionário";0;0;0;0;0;1;0;0;0;0;1;1;0;0;0
"04/03/2023";"06:26:00";"25";"ac02 - Aci";"710";"BR-116/MG";"Norte";"Tombamento";0;0;1;0;0;0;0;0;0;0;0;1;0;0;0
"04/03/2023";"08:51:00";"65";"ac03 - Aci";"117.631";"BR-116/RJ";"Sul";"Choque - Defensa metálica";1;0;0;0;0;0;0;0;0;0;1;0;0;0;0
"04/03/2023";"10:55:00";"102";"ac01 - Aci";"448";"BR-116/MG";"Norte";"Colisão Frontal";0;0;1;1;0;0;0;0;0;0;0;0;1;1;2
"04/03/2023";"11:42:00";"111";"ac02 - Aci";"147.459";"BR-116/RJ";"Norte";"Colisão lateral no mesmo sentido";0;0;0;2;0;0;0;0;0;0;1;0;1;0;0
"04/03/2023";"08:48:00";"203";"ac03 - Aci";"458";"BR-116/MG";"Sul";"Atropelamento de Animal";1;0;0;0;0;0;0;0;0;0;1;0;0;0;0
"05/03/2023";"01:22:00";"11";"ac02 - Aci";"106";"BR-493/RJ";"Sul";"Atropelamento de Animal";1;0;0;0;0;0;0;0;0;0;1;1;2;0;0
"05/03/2023";"06:34:00";"23";"ac02 - Aci";"142.382";"BR-116/RJ";"Sul";"Colisão Traseira";2;0;0;0;0;0;0;0;0;0;1;1;0;0;0
"05/03/2023";"07:25:00";"31";"ac03 - Aci";"9.04";"BR-493/RJ";"Norte";"Choque - Talude ou Barranco";1;0;0;0;0;0;0;0;0;0;1;0;0;0;0
"05/03/2023";"07:49:00";"35";"ac02 - Aci";"807.1";"BR-116/MG";"Sul";"Capotamento";1;0;0;0;0;0;0;0;0;0;0;1;0;0;0
"05/03/2023";"01:02:00";"92";"ac02 - Aci";"115.4";"BR-493/RJ";"Sul";"Choque - Pilar";1;0;0;0;0;0;0;0;0;0;0;1;0;0;0
"05/03/2023";"01:18:00";"95";"ac02 - Aci";"49.131";"BR-116/RJ";"Norte";"Capotamento";1;0;0;0;0;1;0;0;0;0;1;2;0;0;0
"05/03/2023";"06:24:00";"144";"ac02 - Aci";"45.5";"BR-116/RJ";"Norte";"Capotamento";1;0;0;0;0;0;0;0;0;0;0;0;4;0;0
"05/03/2023";"07:25:00";"160";"ac03 - Aci";"496";"BR-116/MG";"Norte";"Choque - Canaleta";0;0;0;1;0;0;0;0;0;0;1;0;0;0;0
"05/03/2023";"07:33:00";"158";"ac03 - Aci";"608";"BR-116/MG";"Sul";"Choque - Outros";1;0;0;0;0;0;0;0;0;0;1;0;0;0;0
"05/03/2023";"09:57:00";"177";"ac02 - Aci";"78";"BR-493/RJ";"Norte";"Choque - Pilar";1;0;0;0;0;0;0;0;0;0;0;1;0;0;0
"06/03/2023";"01:33:00";"10";"ac02 - Aci";"20";"BR-493/RJ";"Sul";"Atropelamento de Animal";0;0;0;1;0;0;0;0;0;0;0;1;0;0;0
"06/03/2023";"07:05:00";"44";"ac03 - Aci";"147.142";"BR-116/RJ";"Sul";"Engavetamento";2;0;0;0;0;1;0;0;0;0;3;0;0;0;0
"06/03/2023";"09:28:00";"120";"ac03 - Aci";"615";"BR-116/MG";"Norte";"Engavetamento";1;0;2;0;0;0;0;0;0;0;3;0;0;0;0
"06/03/2023";"12:46:00";"183";"ac03 - Aci";"649.786";"BR-116/MG";"Sul";"Colisão lateral no mesmo sentido";2;0;0;0;0;0;0;0;0;0;2;0;0;0;0
"06/03/2023";"04:42:00";"225";"ac02 - Aci";"435";"BR-116/MG";"Sul";"Colisão Frontal";1;0;1;0;0;0;0;0;0;0;1;0;1;0;0
"06/03/2023";"09:26:00";"269";"ac02 - Aci";"83.494";"BR-116/RJ";"Sul";"Colisão Traseira";1;0;0;1;0;0;0;0;0;0;1;0;1;0;0
"06/03/2023";"11:42:00";"280";"ac02 - Aci";"146.289";"BR-116/RJ";"Sul";"Colisão Traseira";2;0;0;0;0;0;0;0;0;0;0;2;0;0;0
"07/03/2023";"03:03:00";"238";"ac02 - Aci";"108";"BR-493/RJ";"Norte";"Choque - Pilar";1;0;0;0;0;0;0;0;0;0;0;1;0;0;0
"08/03/2023";"01:10:00";"131";"ac03 - Aci";"583";"BR-116/MG";"Sul";"Choque - Canaleta";1;0;0;0;0;0;0;0;0;0;1;0;0;0;0
"08/03/2023";"03:20:00";"160";"ac03 - Aci";"489";"BR-116/MG";"Sul";"Tombamento";0;0;1;0;0;0;0;0;0;0;1;0;0;0;0
"08/03/2023";"08:54:00";"217";"ac03 - Aci";"569.5";"BR-116/MG";"Sul";"Colisão Traseira";2;0;0;0;0;0;0;0;0;0;2;0;0;0;0
"08/03/2023";"09:55:00";"227";"ac03 - Aci";"496.5";"BR-116/MG";"Norte";"Tombamento";0;0;1;0;0;0;0;0;0;0;1;0;0;0;0
"09/03/2023";"07:19:00";"41";"ac02 - Aci";"458";"BR-116/MG";"Norte";"Atropelamento de Animal";0;0;0;1;0;0;0;0;0;0;0;1;1;0;0
"09/03/2023";"08:07:00";"65";"ac03 - Aci";"118.3";"BR-493/RJ";"Sul";"Atropelamento de Animal";1;0;0;0;0;0;0;0;0;0;1;0;0;0;0
"09/03/2023";"11:44:00";"154";"ac02 - Aci";"81.649";"BR-116/RJ";"Norte";"Atropelamento - Funcionário";0;0;0;1;0;0;0;0;0;0;1;0;1;0;0
"09/03/2023";"03:10:00";"195";"ac03 - Aci";"135.6";"BR-116/RJ";"Sul";"Queda de Moto";0;0;0;1;0;0;0;0;0;0;1;0;0;0;0
"09/03/2023";"04:13:00";"213";"ac03 - Aci";"666";"BR-116/MG";"Sul";"Colisão lateral no sentido contrário";2;0;0;0;0;0;0;0;0;0;2;0;0;0;0
"09/03/2023";"04:26:00";"217";"ac03 - Aci";"132";"BR-116/RJ";"Sul";"Colisão Traseira";2;0;0;0;0;0;0;0;0;0;2;0;0;0;0
"10/03/2023";"06:56:00";"51";"ac03 - Aci";"513";"BR-116/MG";"Norte";"Choque - Canaleta";1;0;0;0;0;0;0;0;0;0;1;0;0;0;0
"10/03/2023";"08:09:00";"71";"ac02 - Aci";"412.492";"BR-116/MG";"Norte";"Colisão Transversal";1;0;0;1;0;0;0;0;0;0;1;1;0;0;0
"10/03/2023";"02:12:00";"191";"ac03 - Aci";"98.8";"BR-493/RJ";"Sul";"Colisão lateral no mesmo sentido";0;0;1;0;0;0;0;0;0;1;2;0;0;0;0
"10/03/2023";"04:25:00";"215";"ac03 - Aci";"123.45";"BR-116/RJ";"Norte";"Choque - Meio Fio";1;0;0;0;0;0;0;0;0;0;1;0;0;0;0
"10/03/2023";"04:47:00";"219";"ac03 - Aci";"90.5";"BR-493/RJ";"Norte";"Choque - Canaleta";1;0;0;0;0;0;0;0;0;0;1;0;0;0;0
"10/03/2023";"11:17:00";"277";"ac02 - Aci";"495.57";"BR-116/MG";"Norte";"Colisão lateral no sentido contrário";1;0;0;1;0;0;0;0;0;0;1;0;2;0;0
"11/03/2023";"03:25:00";"17";"ac03 - Aci";"148.25";"BR-116/RJ";"Norte";"Choque - New jersey";1;0;0;0;0;0;0;0;0;0;1;0;0;0;0
"11/03/2023";"01:31:00";"135";"ac02 - Aci";"78.563";"BR-116/RJ";"Sul";"Colisão lateral no sentido contrário";1;0;1;0;0;0;0;0;0;0;2;0;1;0;0
"11/03/2023";"04:13:00";"159";"ac03 - Aci";"64";"BR-493/RJ";"Norte";"Choque - New jersey";1;0;0;0;0;0;0;0;0;0;1;0;0;0;0
"11/03/2023";"06:48:00";"182";"ac03 - Aci";"128.075";"BR-116/RJ";"Norte";"Colisão Traseira";2;0;0;0;0;0;0;0;0;0;3;0;0;0;0
"11/03/2023";"07:19:00";"187";"ac03 - Aci";"133.678";"BR-116/RJ";"Sul";"Choque - Defensa metálica";1;0;0;0;0;0;0;0;0;0;1;0;0;0;0
"11/03/2023";"08:19:00";"196";"ac03 - Aci";"812";"BR-116/MG";"Sul";"Colisão lateral no mesmo sentido";2;0;0;0;0;0;0;0;0;0;2;0;0;0;0
"11/03/2023";"08:23:00";"198";"ac01 - Aci";"137.795";"BR-116/RJ";"Norte";"Colisão Traseira";2;0;0;0;0;0;0;0;0;0;0;2;0;0;1
"11/03/2023";"09:33:00";"208";"ac03 - Aci";"526.8";"BR-116/MG";"Sul";"Capotamento";1;0;0;0;0;0;0;0;0;0;1;0;0;0;0
"11/03/2023";"10:32:00";"212";"ac03 - Aci";"53.1";"BR-493/RJ";"Norte";"Capotamento";1;0;0;0;0;0;0;0;0;0;1;0;0;0;0
"11/03/2023";"11:10:00";"215";"ac03 - Aci";"631";"BR-116/MG";"Norte";"Colisão Frontal";2;0;0;0;0;0;0;0;0;0;2;0;0;0;0
"12/03/2023";"12:58:00";"5";"ac02 - Aci";"62.439";"BR-116/RJ";"Norte";"Choque - Defensa metálica";0;0;0;0;0;0;0;0;0;1;1;0;1;0;0
"12/03/2023";"02:37:00";"7";"ac03 - Aci";"95.557";"BR-116/RJ";"Norte";"Capotamento";1;0;0;0;0;0;0;0;0;0;2;0;0;0;0
"12/03/2023";"03:24:00";"8";"ac03 - Aci";"18.606";"BR-493/RJ";"Sul";"Saida de Pista";0;0;0;0;0;0;0;0;0;1;1;0;0;0;0
"12/03/2023";"05:40:00";"17";"ac03 - Aci";"148.1";"BR-116/RJ";"Sul";"Choque - Elemento de Drenagem";1;0;0;0;0;0;0;0;0;0;1;0;0;0;0
"12/03/2023";"06:30:00";"18";"ac02 - Aci";"147";"BR-116/RJ";"Sul";"Choque - Defensa metálica";1;0;0;0;0;0;0;0;0;0;1;1;0;0;0
"12/03/2023";"07:46:00";"28";"ac03 - Aci";"753.89";"BR-116/MG";"Sul";"Colisão lateral no sentido contrário";1;0;1;0;0;0;0;0;0;0;2;0;0;0;0
"12/03/2023";"10:55:00";"76";"ac02 - Aci";"702.217";"BR-116/MG";"Sul";"Colisão Traseira";1;0;0;1;0;0;0;0;0;0;1;0;1;0;0
"12/03/2023";"06:15:00";"127";"ac02 - Aci";"30.221";"BR-116/RJ";"Norte";"Tombamento";0;0;1;0;0;0;0;0;0;0;0;0;1;0;0
"12/03/2023";"06:30:00";"132";"ac03 - Aci";"81";"BR-116/RJ";"Norte";"Choque - New jersey";1;0;0;0;0;0;0;0;0;0;1;0;0;0;0
"13/03/2023";"02:39:00";"12";"ac03 - Aci";"747";"BR-116/MG";"Sul";"Saida de Pista";1;0;0;0;0;0;0;0;0;0;1;0;0;0;0
"13/03/2023";"07:23:00";"41";"ac03 - Aci";"464";"BR-116/MG";"Norte";"Colisão Traseira";0;0;1;0;0;0;0;0;0;1;2;0;0;0;0
"13/03/2023";"10:20:00";"93";"ac03 - Aci";"499";"BR-116/MG";"Sul";"Colisão Traseira";2;0;0;0;0;0;0;0;0;0;2;0;0;0;0
"13/03/2023";"11:12:00";"108";"ac03 - Aci";"95.355";"BR-116/RJ";"Sul";"Choque - Talude ou Barranco";1;0;0;0;0;0;0;0;0;1;2;0;0;0;0
"13/03/2023";"11:17:00";"110";"ac02 - Aci";"4.115";"BR-116/RJ";"Sul";"Choque - Meio Fio";1;0;0;0;0;0;0;0;0;0;0;1;0;0;0
"13/03/2023";"01:25:00";"148";"ac03 - Aci";"536";"BR-116/MG";"Sul";"Colisão lateral no sentido contrário";1;0;0;0;0;0;0;0;0;1;2;0;0;0;0
"13/03/2023";"02:47:00";"168";"ac02 - Aci";"606";"BR-116/MG";"Norte";"Colisão Traseira";2;0;0;0;0;0;0;0;0;0;2;2;0;0;0
"13/03/2023";"02:54:00";"172";"ac02 - Aci";"142.435";"BR-116/RJ";"Norte";"Colisão Traseira";1;0;0;0;1;0;0;0;0;0;1;0;1;0;0
"14/03/2023";"12:08:00";"1";"ac02 - Aci";"94.95";"BR-493/RJ";"Norte";"Choque - Poste";1;0;0;0;0;0;0;0;0;0;0;0;0;1;0
"14/03/2023";"11:09:00";"111";"ac03 - Aci";"619";"BR-116/MG";"Sul";"Colisão lateral no mesmo sentido";0;0;0;2;0;0;0;0;0;0;2;0;0;0;0
"14/03/2023";"12:48:00";"131";"ac03 - Aci";"68.075";"BR-493/RJ";"Norte";"Saida de Pista";0;0;1;0;0;0;0;0;0;0;1;0;0;0;0
"14/03/2023";"04:00:00";"155";"ac02 - Aci";"62.6";"BR-116/RJ";"Sul";"Capotamento";1;0;0;0;0;0;0;0;0;0;0;1;0;0;0
"14/03/2023";"04:14:00";"159";"ac02 - Aci";"724";"BR-116/MG";"Sul";"Tombamento";0;0;1;0;0;0;0;0;0;0;0;1;0;0;0
"14/03/2023";"04:30:00";"162";"ac03 - Aci";"119.059";"BR-116/RJ";"Norte";"Choque - New jersey";1;0;0;0;0;0;0;0;0;0;1;0;0;0;0
"14/03/2023";"05:47:00";"169";"ac03 - Aci";"96";"BR-493/RJ";"Norte";"Choque - Canaleta";1;0;0;0;0;0;0;0;0;0;2;0;0;0;0
"14/03/2023";"06:04:00";"170";"ac03 - Aci";"88";"BR-116/RJ";"Norte";"Choque - Meio Fio";1;0;0;0;0;0;0;0;0;0;2;0;0;0;0
"14/03/2023";"06:22:00";"171";"ac03 - Aci";"52";"BR-493/RJ";"Norte";"Colisão Traseira";1;0;0;0;0;1;0;0;0;0;2;0;0;0;0
"14/03/2023";"07:44:00";"183";"ac02 - Aci";"456";"BR-116/MG";"Sul";"Colisão lateral no sentido contrário";1;0;0;1;0;0;0;0;0;0;1;0;1;0;0
"14/03/2023";"09:18:00";"192";"ac03 - Aci";"90";"BR-116/RJ";"Sul";"Choque - Outros";1;0;0;0;0;0;0;0;0;0;1;0;0;0;0
"15/03/2023";"12:48:00";"3";"ac03 - Aci";"118";"BR-493/RJ";"Sul";"Choque - Pilar";1;0;0;0;0;0;0;0;0;0;3;0;0;0;0
"15/03/2023";"11:00:00";"129";"ac02 - Aci";"462.5";"BR-116/MG";"Norte";"Atropelamento de Animal";0;0;0;1;0;0;0;0;0;0;0;0;2;0;0
"15/03/2023";"12:34:00";"166";"ac02 - Aci";"108.978";"BR-116/RJ";"Sul";"Tombamento";0;0;1;0;0;0;0;0;0;0;0;0;1;0;0
"15/03/2023";"02:01:00";"178";"ac03 - Aci";"521.2";"BR-116/MG";"Sul";"Colisão Traseira";1;0;0;0;0;0;0;0;0;1;2;0;0;0;0
"15/03/2023";"04:43:00";"207";"ac03 - Aci";"543";"BR-116/MG";"Sul";"Colisão lateral no sentido contrário";1;0;1;0;0;0;0;0;0;0;2;0;0;0;0
"15/03/2023";"08:34:00";"244";"ac03 - Aci";"0.046";"BR-493/RJ";"Sul";"Colisão Traseira";0;0;2;0;0;0;0;0;0;0;2;0;0;0;0
"15/03/2023";"11:08:00";"257";"ac03 - Aci";"84.945";"BR-116/RJ";"Norte";"Atropelamento de Animal";1;0;0;0;0;0;0;0;0;0;1;0;0;0;0
"16/03/2023";"01:57:00";"152";"ac02 - Aci";"66.861";"BR-116/RJ";"Sul";"Capotamento";1;0;0;0;0;0;0;0;0;0;0;2;0;0;0
"16/03/2023";"04:22:00";"168";"ac02 - Aci";"110.168";"BR-116/RJ";"Norte";"Queda de Moto";0;0;0;1;0;0;0;0;0;0;0;0;1;0;0
"16/03/2023";"06:34:00";"181";"ac03 - Aci";"78";"BR-116/RJ";"Norte";"Colisão Traseira";2;0;0;0;0;0;0;0;0;0;2;0;0;0;0
"17/03/2023";"06:09:00";"15";"ac03 - Aci";"114.191";"BR-493/RJ";"Sul";"Capotamento";1;0;0;0;0;0;0;0;0;0;1;0;0;0;0
"17/03/2023";"08:01:00";"41";"ac02 - Aci";"147.034";"BR-116/RJ";"Norte";"Engavetamento";5;0;0;0;0;0;0;0;0;0;4;1;0;0;0
"17/03/2023";"08:25:00";"48";"ac03 - Aci";"91";"BR-116/RJ";"Norte";"Engavetamento";3;0;0;0;0;1;0;0;0;0;4;0;0;0;0
"17/03/2023";"11:36:00";"113";"ac03 - Aci";"684.4";"BR-116/MG";"Sul";"Colisão Traseira";2;0;0;0;0;0;0;0;0;0;2;0;0;0;0
"17/03/2023";"03:44:00";"167";"ac02 - Aci";"635";"BR-116/MG";"Sul";"Colisão Transversal";2;0;0;0;0;0;0;0;0;1;2;2;0;0;0
"17/03/2023";"04:15:00";"173";"ac03 - Aci";"463";"BR-116/MG";"Norte";"Colisão lateral no sentido contrário";1;0;1;0;0;0;0;0;0;0;2;0;0;0;0
"17/03/2023";"04:47:00";"181";"ac03 - Aci";"103.883";"BR-116/RJ";"Norte";"Choque - Canaleta";1;0;0;0;0;0;0;0;0;0;1;0;0;0;0
"17/03/2023";"08:00:00";"206";"ac03 - Aci";"90";"BR-116/RJ";"Sul";"Choque - Barreira";0;0;1;0;0;0;0;0;0;0;1;0;0;0;0
"17/03/2023";"09:45:00";"233";"ac02 - Aci";"14";"BR-465/RJ";"Norte";"Colisão Frontal";0;0;0;2;0;0;0;0;0;0;2;0;0;1;0
"17/03/2023";"09:52:00";"236";"ac03 - Aci";"94";"BR-116/RJ";"Norte";"Choque - Outros";1;0;0;0;0;0;0;0;0;0;1;0;0;0;0
"17/03/2023";"10:27:00";"253";"ac03 - Aci";"96.6";"BR-493/RJ";"Sul";"Choque - Poste";1;0;0;0;0;0;0;0;0;0;1;0;0;0;0
"18/03/2023";"12:40:00";"6";"ac02 - Aci";"20.8";"BR-465/RJ";"Norte";"Colisão Frontal";2;0;0;0;0;0;0;0;0;0;0;1;2;0;0
"18/03/2023";"01:42:00";"7";"ac02 - Aci";"114.026";"BR-116/RJ";"Sul";"Tombamento";0;0;1;0;0;0;0;0;0;0;0;0;3;0;0
"18/03/2023";"02:00:00";"9";"ac02 - Aci";"680";"BR-116/MG";"Norte";"Colisão Traseira";2;0;0;0;0;0;0;0;0;0;3;2;0;0;0
"18/03/2023";"03:48:00";"13";"ac03 - Aci";"19";"BR-493/RJ";"Norte";"Tombamento";0;0;1;0;0;0;0;0;0;0;1;0;0;0;0
"18/03/2023";"03:50:00";"14";"ac03 - Aci";"499.24";"BR-116/MG";"Sul";"Colisão Traseira";2;0;0;0;0;0;0;0;0;0;2;0;0;0;0
"18/03/2023";"05:02:00";"15";"ac02 - Aci";"52";"BR-493/RJ";"Sul";"Choque - Meio Fio";0;0;0;1;0;0;0;0;0;0;0;0;1;0;0
"18/03/2023";"06:54:00";"35";"ac03 - Aci";"86.888";"BR-493/RJ";"Sul";"Choque - Poste";1;0;0;0;0;0;0;0;0;0;2;0;0;0;0
"18/03/2023";"11:01:00";"94";"ac03 - Aci";"509";"BR-116/MG";"Norte";"Colisão Traseira";0;0;1;0;0;1;0;0;0;1;3;0;0;0;0
"18/03/2023";"11:03:00";"97";"ac03 - Aci";"763.5";"BR-116/MG";"Norte";"Saida de Pista";0;0;1;0;0;0;0;0;0;0;1;0;0;0;0
"18/03/2023";"01:02:00";"123";"ac01 - Aci";"11.55";"BR-493/RJ";"Norte";"Colisão lateral no sentido contrário";1;0;1;0;0;0;0;0;0;0;1;0;0;3;5
"18/03/2023";"02:08:00";"133";"ac02 - Aci";"625";"BR-116/MG";"Norte";"Queda de Moto";0;0;0;1;0;0;0;0;0;0;0;1;0;0;0
"18/03/2023";"02:53:00";"143";"ac03 - Aci";"583.785";"BR-116/MG";"Sul";"Choque - Meio Fio";0;0;1;0;0;0;0;0;0;0;1;0;0;0;0
"18/03/2023";"05:18:00";"163";"ac03 - Aci";"622";"BR-116/MG";"Norte";"Saida de Pista";0;0;1;0;0;0;0;0;0;0;1;0;0;0;0
"18/03/2023";"05:25:00";"165";"ac03 - Aci";"671";"BR-116/MG";"Norte";"Colisão Traseira";0;0;1;0;0;0;0;0;0;1;2;0;0;0;0
"18/03/2023";"05:29:00";"166";"ac02 - Aci";"684";"BR-116/MG";"Norte";"Queda de Moto";0;0;0;1;0;0;0;0;0;0;0;0;1;0;0
"18/03/2023";"05:54:00";"169";"ac03 - Aci";"666.5";"BR-116/MG";"Sul";"Choque - Talude ou Barranco";1;0;0;0;0;0;0;0;0;0;1;0;0;0;0
"18/03/2023";"07:20:00";"178";"ac03 - Aci";"493.15";"BR-116/MG";"Sul";"Capotamento";1;0;0;0;0;0;0;0;0;0;1;0;0;0;0
"18/03/2023";"07:57:00";"180";"ac03 - Aci";"1.302";"BR-465/RJ";"Norte";"Tombamento";0;0;1;0;0;0;0;0;0;0;1;0;0;0;0
"18/03/2023";"08:40:00";"184";"ac03 - Aci";"601";"BR-116/MG";"Sul";"Capotamento";1;0;0;0;0;0;0;0;0;0;1;0;0;0;0
"18/03/2023";"11:33:00";"192";"ac02 - Aci";"801.5";"BR-116/MG";"Norte";"Colisão Frontal";1;0;1;0;0;0;0;0;0;0;0;1;4;0;0
"19/03/2023";"12:06:00";"1";"ac02 - Aci";"437.67";"BR-116/MG";"Sul";"Atropelamento - Pedestre";0;0;0;0;0;1;0;0;0;0;1;0;1;0;0
"19/03/2023";"01:41:00";"5";"ac03 - Aci";"144";"BR-116/RJ";"Sul";"Choque - Barreira";1;0;0;0;0;0;0;0;0;0;1;0;0;0;0
"19/03/2023";"05:11:00";"11";"ac03 - Aci";"6";"BR-465/RJ";"Norte";"Capotamento";1;0;0;0;0;0;0;0;0;0;3;0;0;0;0
"19/03/2023";"05:13:00";"13";"ac02 - Aci";"704";"BR-116/MG";"Sul";"Choque - Meio Fio";0;0;0;1;0;0;0;0;0;0;0;1;0;0;0
"19/03/2023";"06:01:00";"15";"ac02 - Aci";"67.495";"BR-116/RJ";"Sul";"Choque - Meio Fio";1;0;0;0;0;0;0;0;0;0;0;3;0;0;0
"19/03/2023";"07:07:00";"19";"ac03 - Aci";"20";"BR-493/RJ";"Sul";"Colisão Traseira";2;0;0;0;0;0;0;0;0;0;2;0;0;0;0
"19/03/2023";"07:26:00";"23";"ac02 - Aci";"18.888";"BR-116/RJ";"Sul";"Capotamento";1;0;0;0;0;0;0;0;0;0;0;0;1;0;0
"19/03/2023";"12:08:00";"60";"ac02 - Aci";"137.89";"BR-116/RJ";"Sul";"Colisão lateral no mesmo sentido";0;0;1;1;0;0;0;0;0;0;1;1;1;0;0
"19/03/2023";"01:24:00";"70";"ac02 - Aci";"98.438";"BR-116/RJ";"Norte";"Queda de Moto";0;0;0;1;0;0;0;0;0;0;0;0;1;0;0
"19/03/2023";"01:37:00";"72";"ac02 - Aci";"5";"BR-465/RJ";"Norte";"Colisão Transversal";1;0;0;1;0;0;0;0;0;0;1;1;0;0;0
"19/03/2023";"03:32:00";"89";"ac02 - Aci";"86.883";"BR-116/RJ";"Sul";"Queda de Moto";0;0;0;1;0;0;0;0;0;0;0;1;1;0;0
"19/03/2023";"04:50:00";"101";"ac03 - Aci";"94.448";"BR-116/RJ";"Norte";"Colisão lateral no mesmo sentido";1;0;0;0;0;1;0;0;0;0;2;0;0;0;0
"19/03/2023";"05:32:00";"108";"ac03 - Aci";"764.707";"BR-116/MG";"Sul";"Colisão Traseira";1;0;0;0;0;0;0;0;0;1;2;0;0;0;0
"19/03/2023";"05:55:00";"115";"ac03 - Aci";"574";"BR-116/MG";"Sul";"Choque - Arvore";1;0;0;0;0;0;0;0;0;0;1;0;0;0;0
"19/03/2023";"07:13:00";"119";"ac02 - Aci";"555";"BR-116/MG";"Sul";"Capotamento";1;0;0;0;0;0;0;0;0;0;0;1;0;0;0
"19/03/2023";"10:38:00";"139";"ac03 - Aci";"578";"BR-116/MG";"Sul";"Saida de Pista";1;0;0;0;0;0;0;0;0;0;1;0;0;0;0
"19/03/2023";"11:08:00";"143";"ac03 - Aci";"96.5";"BR-493/RJ";"Sul";"Capotamento";1;0;0;0;0;0;0;0;0;0;2;0;0;0;0
"19/03/2023";"11:08:00";"149";"ac03 - Aci";"96.6";"BR-493/RJ";"Norte";"Capotamento";1;0;0;0;0;0;0;0;0;0;3;0;0;0;0
"19/03/2023";"11:32:00";"152";"ac03 - Aci";"51";"BR-493/RJ";"Norte";"Atropelamento de Animal";1;0;0;0;0;0;0;0;0;0;1;0;0;0;0
"20/03/2023";"05:27:00";"11";"ac03 - Aci";"530";"BR-116/MG";"Norte";"Atropelamento de Animal";1;0;0;0;0;0;0;0;0;0;1;0;0;0;0
"20/03/2023";"08:25:00";"53";"ac03 - Aci";"133.4";"BR-116/RJ";"Sul";"Colisão Traseira";0;0;2;0;0;0;0;0;0;0;2;0;0;0;0
"20/03/2023";"10:28:00";"83";"ac03 - Aci";"144.778";"BR-116/RJ";"Sul";"Choque - Defensa metálica";1;0;0;0;0;0;0;0;0;0;1;0;0;0;0
"20/03/2023";"12:53:00";"127";"ac03 - Aci";"547.64";"BR-116/MG";"Sul";"Choque - Canaleta";1;0;0;0;0;0;0;0;0;0;1;0;0;0;0
"20/03/2023";"03:12:00";"163";"ac03 - Aci";"562.5";"BR-116/MG";"Sul";"Colisão Frontal";2;0;0;0;0;0;0;0;0;0;2;0;0;0;0
"20/03/2023";"03:54:00";"182";"ac03 - Aci";"41";"BR-116/RJ";"Sul";"Colisão lateral no mesmo sentido";1;0;1;0;0;0;0;0;0;0;2;0;0;0;0
"20/03/2023";"04:45:00";"195";"ac02 - Aci";"526.318";"BR-116/MG";"Sul";"Colisão lateral no sentido contrário";0;0;0;2;0;0;0;0;0;0;0;2;0;0;0
"20/03/2023";"07:51:00";"228";"ac03 - Aci";"64";"BR-493/RJ";"Sul";"Saida de Pista";1;0;0;0;0;0;0;0;0;0;1;0;0;0;0
"20/03/2023";"09:08:00";"239";"ac02 - Aci";"62";"BR-116/RJ";"Norte";"Queda de Moto";0;0;0;1;0;0;0;0;0;0;0;0;1;0;0
"21/03/2023";"08:55:00";"68";"ac03 - Aci";"81.612";"BR-116/RJ";"Norte";"Colisão Transversal";2;0;0;0;0;0;0;0;0;0;3;0;0;0;0
"21/03/2023";"01:00:00";"163";"ac02 - Aci";"93";"BR-116/RJ";"Sul";"Colisão lateral no sentido contrário";1;0;1;0;0;0;0;0;0;0;1;0;2;0;0
"21/03/2023";"03:49:00";"187";"ac03 - Aci";"3.1";"BR-465/RJ";"Sul";"Colisão lateral no sentido contrário";2;0;0;0;0;0;0;0;0;0;2;0;0;0;0