data;horario;n_da_ocorrencia;tipo_de_ocorrencia;km;trecho;sentido;tipo_de_acidente;automovel;bicicleta;caminhao;moto;onibus;outros;tracao_animal;transporte_de_cargas_especiais;trator_maquinas;utilitarios;ilesos;levemente_feridos;moderadamente_feridos;gravemente_feridos;mortos
"21/03/2023";"05:34:00";"203";"ac02 - Aci";"90";"BR-116/RJ";"Sul";"Saida de Pista";0;0;0;1;0;0;0;0;0;0;0;0;1;0;0
"21/03/2023";"07:04:00";"213";"ac02 - Aci";"147.607";"BR-116/RJ";"Sul";"Colisão lateral no mesmo sentido";1;0;0;2;0;0;0;0;0;0;3;1;0;0;0
"21/03/2023";"07:29:00";"217";"ac03 - Aci";"94";"BR-116/RJ";"Norte";"Colisão lateral no sentido contrário";2;0;0;0;0;0;0;0;0;0;4;0;0;0;0
"21/03/2023";"08:04:00";"221";"ac02 - Aci";"13";"BR-465/RJ";"Norte";"Colisão lateral no mesmo sentido";0;0;0;2;0;0;0;0;0;0;1;0;1;0;0
"21/03/2023";"10:59:00";"239";"ac03 - Aci";"555.1";"BR-116/MG";"Sul";"Choque - Canaleta";1;0;0;0;0;0;0;0;0;0;1;0;0;0;0
"22/03/2023";"12:42:00";"3";"ac03 - Aci";"100";"BR-116/RJ";"Norte";"Choque - Meio Fio";1;0;0;0;0;0;0;0;0;0;1;0;0;0;0
"22/03/2023";"07:54:00";"33";"ac02 - Aci";"28.6";"BR-116/RJ";"Sul";"Queda de Moto";0;0;0;1;0;0;0;0;0;0;0;0;1;0;0
"22/03/2023";"11:43:00";"98";"ac02 - Aci";"506";"BR-116/MG";"Norte";"Atropelamento Ciclista";0;1;0;0;0;1;0;0;0;0;1;0;1;0;0
"22/03/2023";"12:36:00";"113";"ac02 - Aci";"92";"BR-116/RJ";"Sul";"Colisão lateral no mesmo sentido";1;0;0;1;0;0;0;0;0;0;1;0;2;0;0
"22/03/2023";"02:27:00";"134";"ac02 - Aci";"51.677";"BR-116/RJ";"Norte";"Queda de Moto";0;0;0;1;0;0;0;0;0;0;0;1;0;0;0
"22/03/2023";"04:12:00";"158";"ac03 - Aci";"642";"BR-116/MG";"Norte";"Colisão Traseira";1;0;1;0;0;0;0;0;0;0;2;0;0;0;0
"22/03/2023";"11:09:00";"213";"ac03 - Aci";"4";"BR-465/RJ";"Sul";"Choque - Canaleta";1;0;0;0;0;0;0;0;0;0;1;0;0;0;0
"23/03/2023";"04:08:00";"14";"ac03 - Aci";"106";"BR-493/RJ";"Norte";"Atropelamento de Animal";0;0;0;0;0;0;0;0;0;1;1;0;0;0;0
"23/03/2023";"08:32:00";"45";"ac03 - Aci";"773.5";"BR-116/MG";"Norte";"Tombamento";0;0;1;0;0;0;0;0;0;0;1;0;0;0;0
"23/03/2023";"11:20:00";"83";"ac02 - Aci";"21.992";"BR-493/RJ";"Sul";"Atropelamento - Pedestre";1;1;0;0;0;0;0;0;0;0;1;0;1;0;0
"23/03/2023";"12:35:00";"89";"ac03 - Aci";"22";"BR-465/RJ";"Norte";"Colisão Traseira";1;0;1;0;0;0;0;0;0;0;2;0;0;0;0
"23/03/2023";"07:15:00";"149";"ac03 - Aci";"131.634";"BR-116/RJ";"Sul";"Colisão lateral no sentido contrário";2;0;0;0;0;0;0;0;0;0;2;0;0;0;0
"23/03/2023";"10:03:00";"172";"ac02 - Aci";"139";"BR-116/RJ";"Norte";"Colisão Traseira";1;0;0;1;0;0;0;0;0;0;1;0;2;0;0
"23/03/2023";"11:47:00";"176";"ac03 - Aci";"50.6";"BR-493/RJ";"Norte";"Atropelamento de Animal";1;0;0;0;0;0;0;0;0;0;3;0;0;0;0
"24/03/2023";"01:48:00";"6";"ac03 - Aci";"568";"BR-116/MG";"Norte";"Choque - Canaleta";1;0;0;0;0;0;0;0;0;0;1;0;0;0;0
"24/03/2023";"05:26:00";"195";"ac03 - Aci";"528.35";"BR-116/MG";"Norte";"Choque - Meio Fio";1;0;0;0;0;0;0;0;0;0;1;0;0;0;0
"24/03/2023";"06:49:00";"207";"ac02 - Aci";"642";"BR-116/MG";"Norte";"Colisão lateral no mesmo sentido";1;0;0;1;0;0;0;0;0;0;3;0;2;0;0
"24/03/2023";"11:49:00";"244";"ac02 - Aci";"20.917";"BR-493/RJ";"Sul";"Colisão Frontal";1;0;0;0;0;1;0;0;0;0;1;0;0;1;0
"25/03/2023";"01:44:00";"8";"ac02 - Aci";"94.15";"BR-493/RJ";"Norte";"Atropelamento de Animal";1;0;0;0;0;0;0;0;0;0;0;1;0;0;0
"25/03/2023";"08:01:00";"57";"ac02 - Aci";"87.643";"BR-493/RJ";"Sul";"Colisão Traseira";2;0;0;0;0;0;0;0;0;0;3;1;0;0;0
"25/03/2023";"10:48:00";"104";"ac03 - Aci";"141.949";"BR-116/RJ";"Norte";"Colisão Traseira";2;0;0;0;0;0;0;0;0;0;2;0;0;0;0
"25/03/2023";"08:21:00";"189";"ac03 - Aci";"583";"BR-116/MG";"Sul";"Saida de Pista";1;0;0;0;0;0;0;0;0;0;1;0;0;0;0
"26/03/2023";"01:06:00";"5";"ac02 - Aci";"760";"BR-116/MG";"Norte";"Queda de Moto";0;0;0;1;0;0;0;0;0;0;0;0;1;0;0
"26/03/2023";"09:28:00";"47";"ac02 - Aci";"115.174";"BR-493/RJ";"Sul";"Queda de Moto";0;0;0;1;0;0;0;0;0;0;0;0;2;0;0
"26/03/2023";"10:45:00";"57";"ac02 - Aci";"527";"BR-116/MG";"Norte";"Colisão lateral no mesmo sentido";1;0;0;1;0;0;0;0;0;0;1;1;1;0;0
"26/03/2023";"01:47:00";"85";"ac02 - Aci";"429.12";"BR-116/MG";"Sul";"Queda de Moto";0;0;0;1;0;0;0;0;0;0;0;1;0;0;0
"26/03/2023";"05:28:00";"121";"ac03 - Aci";"140";"BR-116/RJ";"Norte";"Choque - Defensa metálica";0;0;1;0;0;0;0;0;0;0;1;0;0;0;0
"26/03/2023";"08:46:00";"149";"ac02 - Aci";"703";"BR-116/MG";"Sul";"Colisão lateral no mesmo sentido";0;0;0;2;0;0;0;0;0;0;0;0;3;0;0
"26/03/2023";"09:17:00";"154";"ac03 - Aci";"141.95";"BR-116/RJ";"Norte";"Colisão Traseira";2;0;0;0;0;0;0;0;0;0;2;0;0;0;0
"26/03/2023";"10:51:00";"164";"ac03 - Aci";"110.148";"BR-116/RJ";"Norte";"Choque - Meio Fio";1;0;0;0;0;0;0;0;0;0;4;0;0;0;0
"27/03/2023";"12:22:00";"2";"ac03 - Aci";"148";"BR-116/RJ";"Sul";"Choque - Outros";1;0;0;0;0;0;0;0;0;0;1;0;0;0;0
"27/03/2023";"02:41:00";"17";"ac02 - Aci";"142";"BR-116/RJ";"Norte";"Colisão Frontal";1;0;0;1;0;0;0;0;0;0;1;1;0;0;0
"27/03/2023";"08:14:00";"51";"ac03 - Aci";"766.122";"BR-116/MG";"Norte";"Colisão Transversal";2;0;0;0;0;0;0;0;0;0;2;0;0;0;0
"27/03/2023";"10:40:00";"79";"ac02 - Aci";"101";"BR-116/RJ";"Sul";"Choque - Meio Fio";1;0;0;0;0;0;0;0;0;0;0;2;0;0;0
"27/03/2023";"06:03:00";"151";"ac03 - Aci";"114";"BR-116/RJ";"Norte";"Choque - Sinalização";0;0;0;0;0;0;0;0;0;1;1;0;0;0;0
"27/03/2023";"06:33:00";"156";"ac02 - Aci";"497";"BR-116/MG";"Sul";"Atropelamento Ciclista";1;1;0;0;0;0;0;0;0;0;1;0;1;0;0
"27/03/2023";"07:48:00";"167";"ac03 - Aci";"94";"BR-116/RJ";"Norte";"Choque - Canaleta";0;0;0;0;0;0;0;0;0;1;1;0;0;0;0
"27/03/2023";"10:32:00";"188";"ac02 - Aci";"417.62";"BR-116/MG";"Sul";"Choque - Poste";1;0;0;0;0;0;0;0;0;0;0;1;0;0;0
"27/03/2023";"11:03:00";"190";"ac03 - Aci";"102";"BR-493/RJ";"Norte";"Atropelamento de Animal";0;0;1;0;0;0;0;0;0;0;1;0;0;0;0
"28/03/2023";"12:05:00";"1";"ac03 - Aci";"103";"BR-493/RJ";"Norte";"Atropelamento de Animal";0;0;1;0;0;0;0;0;0;0;1;0;0;0;0
"28/03/2023";"07:26:00";"16";"ac02 - Aci";"21";"BR-465/RJ";"Sul";"Colisão lateral no sentido contrário";1;0;0;1;0;0;0;0;0;0;1;1;0;0;0
"28/03/2023";"08:44:00";"46";"ac01 - Aci";"21.908";"BR-493/RJ";"Norte";"Colisão lateral no sentido contrário";0;0;1;1;0;0;0;0;0;0;1;0;0;1;1
"28/03/2023";"10:44:00";"85";"ac02 - Aci";"4.2";"BR-465/RJ";"Norte";"Colisão lateral no sentido contrário";1;0;0;1;0;0;0;0;0;0;1;1;0;0;0
"28/03/2023";"01:16:00";"123";"ac02 - Aci";"103";"BR-493/RJ";"Norte";"Objeto lançado contra veículo";1;0;0;0;0;1;0;0;0;0;1;1;0;0;0
"28/03/2023";"05:26:00";"175";"ac03 - Aci";"521";"BR-116/MG";"Norte";"Colisão lateral no mesmo sentido";2;0;0;0;0;0;0;0;0;0;2;0;0;0;0
"28/03/2023";"06:42:00";"192";"ac03 - Aci";"8";"BR-465/RJ";"Sul";"Colisão Traseira";2;0;0;0;0;0;0;0;0;0;2;0;0;0;0
"28/03/2023";"08:25:00";"208";"ac02 - Aci";"74";"BR-493/RJ";"Sul";"Queda de Moto";0;0;0;1;0;0;0;0;0;0;0;1;1;0;0
"28/03/2023";"11:51:00";"226";"ac02 - Aci";"710.5";"BR-116/MG";"Sul";"Choque - Defensa metálica";0;0;1;0;0;0;0;0;0;0;0;0;1;0;0
"29/03/2023";"12:24:00";"5";"ac03 - Aci";"108";"BR-493/RJ";"Sul";"Saida de Pista";0;0;1;0;0;0;0;0;0;0;1;0;0;0;0
"29/03/2023";"06:57:00";"34";"ac02 - Aci";"2.33";"BR-493/RJ";"Norte";"Atropelamento de Animal";1;0;0;0;0;0;0;0;0;0;0;1;0;0;0
"29/03/2023";"10:52:00";"132";"ac02 - Aci";"23";"BR-493/RJ";"Norte";"Colisão Traseira";2;0;0;1;0;0;0;0;0;0;2;0;0;1;0
"29/03/2023";"12:57:00";"164";"ac03 - Aci";"139.722";"BR-116/RJ";"Sul";"Choque - Defensa metálica";1;0;0;0;0;0;0;0;0;0;2;0;0;0;0
"29/03/2023";"03:57:00";"189";"ac02 - Aci";"511.145";"BR-116/MG";"Sul";"Queda de Moto";0;0;0;1;0;0;0;0;0;0;0;1;0;0;0
"29/03/2023";"07:16:00";"219";"ac02 - Aci";"656";"BR-116/MG";"Sul";"Colisão Traseira";1;1;0;0;0;0;0;0;0;0;1;0;1;0;0
"30/03/2023";"02:59:00";"7";"ac03 - Aci";"110";"BR-493/RJ";"Norte";"Choque - Poste";0;0;1;0;0;0;0;0;0;0;1;0;0;0;0
"30/03/2023";"04:58:00";"9";"ac03 - Aci";"65";"BR-116/RJ";"Sul";"Atropelamento de Animal";1;0;0;0;0;0;0;0;0;0;1;0;0;0;0
"30/03/2023";"10:42:00";"131";"ac02 - Aci";"144.373";"BR-116/RJ";"Norte";"Queda de Moto";0;0;0;1;0;0;0;0;0;0;1;0;1;0;0
"30/03/2023";"12:00:00";"155";"ac03 - Aci";"108.994";"BR-116/RJ";"Sul";"Capotamento";1;0;0;0;0;0;0;0;0;0;2;0;0;0;0
"30/03/2023";"04:01:00";"198";"ac03 - Aci";"528.789";"BR-116/MG";"Norte";"Colisão lateral no mesmo sentido";2;0;0;0;0;0;0;0;0;0;2;0;0;0;0
"31/03/2023";"12:51:00";"3";"ac02 - Aci";"122.601";"BR-116/RJ";"Sul";"Colisão Traseira";2;0;0;0;0;0;0;0;0;0;1;1;0;0;0
"31/03/2023";"07:55:00";"52";"ac03 - Aci";"147.338";"BR-116/RJ";"Sul";"Colisão Traseira";1;0;0;0;0;0;0;0;0;1;2;0;0;0;0
"31/03/2023";"09:16:00";"81";"ac02 - Aci";"497.66";"BR-116/MG";"Norte";"Tombamento";0;0;1;0;0;0;0;0;0;0;0;1;0;0;0
"31/03/2023";"01:34:00";"150";"ac03 - Aci";"137.89";"BR-116/RJ";"Norte";"Colisão lateral no mesmo sentido";1;0;1;0;0;0;0;0;0;0;2;0;0;0;0
"31/03/2023";"01:39:00";"153";"ac02 - Aci";"814";"BR-116/MG";"Sul";"Colisão lateral no sentido contrário";0;0;0;1;0;1;0;0;0;0;1;0;1;0;0
"31/03/2023";"01:39:00";"151";"ac02 - Aci";"600.198";"BR-116/MG";"Norte";"Tombamento";0;0;1;0;0;0;0;0;0;0;0;0;1;0;0
"31/03/2023";"03:35:00";"179";"ac02 - Aci";"91.916";"BR-493/RJ";"Norte";"Choque - Outros";1;0;0;0;0;0;0;0;0;0;0;1;0;0;0
"31/03/2023";"04:56:00";"201";"ac02 - Aci";"95";"BR-116/RJ";"Sul";"Colisão lateral no sentido contrário";1;0;0;1;0;0;0;0;0;0;1;1;0;0;0
"31/03/2023";"05:35:00";"213";"ac03 - Aci";"51.211";"BR-493/RJ";"Norte";"Colisão Traseira";1;0;0;0;0;1;0;0;0;0;2;0;0;0;0
"31/03/2023";"05:48:00";"216";"ac02 - Aci";"585.18";"BR-116/MG";"Sul";"Colisão lateral no mesmo sentido";0;0;0;2;0;0;0;0;0;0;0;0;2;0;0
"31/03/2023";"07:28:00";"237";"ac01 - Aci";"607";"BR-116/MG";"Norte";"Colisão Frontal";1;0;0;1;0;0;0;0;0;0;1;0;0;0;1
"31/03/2023";"10:59:00";"274";"ac03 - Aci";"481";"BR-116/MG";"Norte";"Atropelamento de Animal";1;0;0;0;0;0;0;0;0;0;1;0;0;0;0
"01/04/2023";"02:43:00";"18";"ac02-Acide";"647";"BR-116/MG";"Norte";"Queda de Moto";0;0;0;1;0;0;0;0;0;0;0;0;1;0;0
"01/04/2023";"03:17:00";"19";"ac01-Acide";"808.36";"BR-116/MG";"Norte";"Colisão Frontal";2;0;0;0;0;0;0;0;0;0;0;0;0;0;2
"01/04/2023";"03:22:00";"22";"ac03-Acide";"106.2";"BR-116/RJ";"Sul";"Choque - Sinalização";1;0;0;0;0;0;0;0;0;0;1;0;0;0;0
"01/04/2023";"03:51:00";"23";"ac03-Acide";"3";"BR-465/RJ";"Norte";"Capotamento";1;0;0;0;0;0;0;0;0;0;1;0;0;0;0
"01/04/2023";"05:29:00";"28";"ac02-Acide";"194.6";"BR-116/RJ";"Norte";"Atropelamento - Pedestre";0;0;0;0;0;1;0;0;0;0;0;0;1;0;0
"01/04/2023";"07:33:00";"44";"ac02-Acide";"147.69";"BR-116/RJ";"Norte";"Atropelamento de Animal";0;0;0;1;0;0;0;0;0;0;0;0;0;1;0
"01/04/2023";"08:05:00";"50";"ac03-Acide";"209";"BR-116/RJ";"Norte";"Atropelamento de Animal";1;0;0;0;0;0;0;0;0;0;1;0;0;0;0
"01/04/2023";"11:30:00";"114";"ac02-Acide";"60.456";"BR-493/RJ";"Norte";"Capotamento";1;0;0;0;0;1;0;0;0;0;0;1;1;0;0
"01/04/2023";"02:52:00";"162";"ac02-Acide";"111.135";"BR-116/RJ";"Norte";"Colisão lateral no sentido contrário";2;0;0;0;0;0;0;0;0;0;2;0;1;0;0
"01/04/2023";"02:53:00";"160";"ac03-Acide";"185.336";"BR-116/RJ";"Sul";"Choque - New jersey";0;0;1;0;0;0;0;0;0;0;1;0;0;0;0
"01/04/2023";"03:48:00";"170";"ac03-Acide";"196.549";"BR-116/RJ";"Sul";"Colisão lateral no mesmo sentido";1;0;0;1;0;0;0;0;0;0;2;0;0;0;0
"01/04/2023";"05:16:00";"193";"ac02-Acide";"639";"BR-116/MG";"Sul";"Colisão Traseira";1;0;0;0;0;1;0;0;0;0;0;0;2;0;0
"01/04/2023";"08:16:00";"216";"ac03-Acide";"814";"BR-116/MG";"Sul";"Choque - Canaleta";1;0;0;0;0;0;0;0;0;0;1;0;0;0;0
"01/04/2023";"08:19:00";"217";"ac03-Acide";"21";"BR-465/RJ";"Norte";"Colisão lateral no mesmo sentido";2;0;0;1;0;0;0;0;0;0;2;0;0;0;0
"01/04/2023";"10:33:00";"231";"ac03-Acide";"133.5";"BR-116/RJ";"Sul";"Choque - Praça";1;0;0;0;0;0;0;0;0;0;1;0;0;0;0
"02/04/2023";"12:09:00";"1";"ac02-Acide";"178.8";"BR-116/RJ";"Norte";"Choque - New jersey";1;0;0;0;0;0;0;0;0;0;0;0;1;0;0
"02/04/2023";"01:32:00";"9";"ac03-Acide";"211.5";"BR-116/RJ";"Norte";"Colisão lateral no mesmo sentido";0;0;1;0;1;0;0;0;0;0;2;0;0;0;0
"02/04/2023";"01:37:00";"12";"ac03-Acide";"460.9";"BR-116/MG";"Norte";"Atropelamento de Animal";1;0;0;0;0;0;0;0;0;0;1;0;0;0;0
"02/04/2023";"01:46:00";"11";"ac03-Acide";"537";"BR-116/MG";"Sul";"Colisão lateral no mesmo sentido";1;0;0;0;1;0;0;0;0;0;3;0;0;0;0
"02/04/2023";"04:23:00";"17";"ac03-Acide";"109";"BR-116/RJ";"Norte";"Choque - Defensa metálica";1;0;0;0;0;0;0;0;0;0;1;0;0;0;0
"02/04/2023";"06:43:00";"27";"ac02-Acide";"136.262";"BR-116/RJ";"Norte";"Colisão lateral no mesmo sentido";0;0;0;2;0;0;0;0;0;0;0;0;3;1;0
"02/04/2023";"07:03:00";"30";"ac03-Acide";"97.53";"BR-116/RJ";"Sul";"Choque - Meio Fio";1;0;0;0;0;0;0;0;0;0;1;0;0;0;0
"02/04/2023";"07:19:00";"32";"ac02-Acide";"3";"BR-465/RJ";"Sul";"Colisão lateral no sentido contrário";2;0;0;0;1;0;0;0;0;0;1;2;0;0;0
"02/04/2023";"11:44:00";"78";"ac03-Acide";"577";"BR-116/MG";"Norte";"Choque - Canaleta";1;0;0;0;0;0;0;0;0;0;2;0;0;0;0
"02/04/2023";"03:27:00";"106";"ac02-Acide";"556";"BR-116/MG";"Norte";"Capotamento";1;0;0;0;0;0;0;0;0;0;0;1;0;0;0
"02/04/2023";"03:43:00";"111";"ac02-Acide";"171.006";"BR-116/RJ";"Norte";"Colisão Traseira";0;0;1;1;0;0;0;0;0;0;1;1;0;0;0
"02/04/2023";"04:21:00";"116";"ac02-Acide";"62.614";"BR-116/RJ";"Norte";"Capotamento";0;0;0;0;0;0;0;0;0;1;0;0;1;0;0
"02/04/2023";"04:27:00";"118";"ac03-Acide";"496.349";"BR-116/MG";"Norte";"Tombamento";0;0;1;0;0;0;0;0;0;0;0;0;0;0;0
"02/04/2023";"06:43:00";"135";"ac02-Acide";"772";"BR-116/MG";"Sul";"Queda de Moto";0;0;0;1;0;0;0;0;0;0;0;0;1;0;0
"02/04/2023";"06:45:00";"137";"ac02-Acide";"96";"BR-116/RJ";"Norte";"Colisão lateral no sentido contrário";2;0;0;0;0;0;0;0;0;0;0;0;1;1;0
"02/04/2023";"08:04:00";"150";"ac02-Acide";"528";"BR-116/MG";"Norte";"Colisão Transversal";2;0;0;0;0;0;0;0;0;0;1;0;1;0;0
"02/04/2023";"10:42:00";"169";"ac02-Acide";"1";"BR-465/RJ";"Sul";"Colisão lateral no sentido contrário";1;0;0;1;0;0;0;0;0;0;1;0;1;0;0
"02/04/2023";"10:55:00";"171";"ac02-Acide";"758";"BR-116/MG";"Norte";"Atropelamento de Animal";0;0;0;0;0;0;0;0;0;1;0;0;1;0;0
"03/04/2023";"02:04:00";"8";"ac03-Acide";"482";"BR-116/MG";"Norte";"Atropelamento de Animal";1;0;0;0;0;0;0;0;0;0;1;0;0;0;0
"03/04/2023";"07:21:00";"28";"ac02-Acide";"171.25";"BR-116/RJ";"Norte";"Colisão lateral no mesmo sentido";1;0;0;1;0;0;0;0;0;0;1;0;1;0;0
"03/04/2023";"07:38:00";"41";"ac02-Acide";"79.8";"BR-116/RJ";"Sul";"Colisão lateral no sentido contrário";1;0;0;1;0;0;0;0;0;0;0;0;1;0;0
"03/04/2023";"11:05:00";"127";"ac03-Acide";"192";"BR-116/RJ";"Sul";"Colisão Traseira";2;0;0;0;0;0;0;0;0;0;2;0;0;0;0
"03/04/2023";"11:51:00";"150";"ac02-Acide";"172";"BR-116/RJ";"Norte";"Colisão lateral no mesmo sentido";1;0;1;0;0;0;0;0;0;0;2;1;0;0;0
"03/04/2023";"12:47:00";"156";"ac02-Acide";"170";"BR-116/RJ";"Sul";"Colisão lateral no mesmo sentido";0;0;0;1;1;0;0;0;0;0;0;1;0;0;0
"03/04/2023";"03:53:00";"183";"ac02-Acide";"413.496";"BR-116/MG";"Norte";"Queda de Moto";1;0;0;0;0;1;0;0;0;0;0;0;1;0;0
"03/04/2023";"04:30:00";"186";"ac02-Acide";"172.5";"BR-116/RJ";"Sul";"Colisão lateral no mesmo sentido";1;0;0;1;0;0;0;0;0;0;1;1;0;0;0
"03/04/2023";"05:35:00";"195";"ac02-Acide";"528.705";"BR-116/MG";"Norte";"Colisão lateral no mesmo sentido";1;0;0;1;0;0;0;0;0;0;1;0;2;0;0
"03/04/2023";"06:49:00";"204";"ac02-Acide";"562";"BR-116/MG";"Norte";"Colisão Traseira";1;0;1;0;0;0;0;0;0;0;0;0;1;0;0
"03/04/2023";"11:22:00";"234";"ac03-Acide";"7.734";"BR-493/RJ";"Sul";"Choque - Outros";1;0;0;0;0;0;0;0;0;0;1;0;0;0;0
"03/04/2023";"11:51:00";"235";"ac03-Acide";"111";"BR-493/RJ";"Norte";"Atropelamento de Animal";1;0;0;0;0;0;0;0;0;0;1;0;0;0;0
"04/04/2023";"07:50:00";"53";"ac02-Acide";"443.73";"BR-116/MG";"Sul";"Tombamento";0;0;1;0;0;0;0;0;0;0;0;0;1;0;0
"04/04/2023";"08:07:00";"58";"ac03-Acide";"212.9";"BR-116/RJ";"Norte";"Colisão Traseira";2;0;0;0;0;0;0;0;0;0;2;0;0;0;0
"04/04/2023";"09:53:00";"110";"ac03-Acide";"128.161";"BR-116/RJ";"Sul";"Choque - Defensa metálica";1;0;0;0;0;0;0;0;0;0;1;0;0;0;0
"04/04/2023";"10:27:00";"121";"ac02-Acide";"58.5";"BR-493/RJ";"Sul";"Choque - Defensa metálica";1;0;0;0;0;0;0;0;0;0;0;0;1;0;0
"04/04/2023";"01:03:00";"156";"ac03-Acide";"175.6";"BR-116/RJ";"Norte";"Colisão Traseira";2;0;0;0;0;0;0;0;0;0;2;0;0;0;0
"04/04/2023";"02:36:00";"168";"ac02-Acide";"174";"BR-116/RJ";"Sul";"Colisão Traseira";1;0;1;0;0;0;0;0;0;0;1;1;0;0;0
"04/04/2023";"05:05:00";"189";"ac02-Acide";"537.09";"BR-116/MG";"Norte";"Colisão Traseira";0;0;0;1;1;0;0;0;0;0;1;0;2;0;0
"04/04/2023";"07:11:00";"215";"ac02-Acide";"765";"BR-116/MG";"Sul";"Colisão lateral no mesmo sentido";0;1;1;0;0;0;0;0;0;0;1;0;0;1;0
"04/04/2023";"07:33:00";"216";"ac02-Acide";"186.5";"BR-116/RJ";"Norte";"Colisão Traseira";1;0;0;1;0;0;0;0;0;0;1;0;1;0;0
"05/04/2023";"05:37:00";"16";"ac03-Acide";"176";"BR-116/RJ";"Norte";"Choque - New jersey";1;0;0;0;0;0;0;0;0;0;1;0;0;0;0
"05/04/2023";"06:58:00";"29";"ac03-Acide";"212.9";"BR-116/RJ";"Sul";"Colisão Traseira";2;0;0;0;0;0;0;0;0;0;2;0;0;0;0
"05/04/2023";"09:14:00";"78";"ac02-Acide";"172";"BR-116/RJ";"Norte";"Colisão lateral no mesmo sentido";1;0;0;1;0;0;0;0;0;0;1;2;0;0;0
"05/04/2023";"11:48:00";"132";"ac01-Acide";"115.2";"BR-116/RJ";"Norte";"Colisão lateral no mesmo sentido";0;0;1;1;0;0;0;0;0;0;1;0;0;0;1
"05/04/2023";"12:26:00";"139";"ac03-Acide";"500.2";"BR-116/MG";"Sul";"Colisão lateral no mesmo sentido";1;0;0;0;0;0;0;0;0;1;2;0;0;0;0
"05/04/2023";"01:38:00";"152";"ac02-Acide";"174";"BR-116/RJ";"Norte";"Engavetamento";5;0;0;0;0;0;0;0;0;0;5;2;0;0;0
"05/04/2023";"01:54:00";"157";"ac02-Acide";"74.993";"BR-116/RJ";"Norte";"Tombamento";0;0;1;0;0;0;0;0;0;0;0;1;0;0;0
"05/04/2023";"02:13:00";"158";"ac03-Acide";"115.443";"BR-116/RJ";"Norte";"Colisão Traseira";1;0;1;0;0;0;0;0;0;0;2;0;0;0;0
"05/04/2023";"03:43:00";"176";"ac01-Acide";"778.212";"BR-116/MG";"Sul";"Tombamento";0;0;1;0;0;0;0;0;0;0;0;0;0;0;1
"05/04/2023";"10:29:00";"234";"ac03-Acide";"94.5";"BR-116/RJ";"Sul";"Choque - Meio Fio";1;0;0;0;0;0;0;0;0;0;1;0;0;0;0
"06/04/2023";"05:35:00";"25";"ac03-Acide";"103";"BR-116/RJ";"Sul";"Choque - Canaleta";0;0;1;0;0;0;0;0;0;0;1;0;0;0;0
"06/04/2023";"07:23:00";"38";"ac02-Acide";"100.7";"BR-493/RJ";"Sul";"Choque - Arvore";0;0;1;0;0;0;0;0;0;0;0;1;0;0;0
"06/04/2023";"07:36:00";"41";"ac03-Acide";"21.589";"BR-493/RJ";"Sul";"Engavetamento";3;0;0;0;0;0;0;0;0;0;3;0;0;0;0
"06/04/2023";"08:16:00";"59";"ac02-Acide";"172.6";"BR-116/RJ";"Norte";"Colisão lateral no mesmo sentido";1;0;0;1;0;0;0;0;0;0;1;1;0;0;0
"06/04/2023";"11:07:00";"122";"ac02-Acide";"131.581";"BR-116/RJ";"Sul";"Queda de Moto";1;0;0;0;0;0;0;0;0;0;0;1;0;0;0
"06/04/2023";"03:08:00";"171";"ac02-Acide";"549";"BR-116/MG";"Norte";"Capotamento";1;0;0;0;0;0;0;0;0;0;2;1;0;0;0
"06/04/2023";"03:22:00";"173";"ac01-Acide";"196.072";"BR-116/RJ";"Sul";"Choque - Poste";0;0;0;1;0;0;0;0;0;0;0;0;0;0;1
"06/04/2023";"08:10:00";"225";"ac03-Acide";"86";"BR-493/RJ";"Sul";"Capotamento";1;0;0;0;0;0;0;0;0;0;4;0;0;0;0
"07/04/2023";"12:05:00";"1";"ac03-Acide";"766";"BR-116/MG";"Norte";"Atropelamento de Animal";0;0;1;0;0;0;0;0;0;0;1;0;0;0;0
"07/04/2023";"03:55:00";"13";"ac03-Acide";"719.111";"BR-116/MG";"Norte";"Colisão lateral no sentido contrário";2;0;0;0;0;0;0;0;0;0;3;0;0;0;0
"07/04/2023";"08:24:00";"40";"ac03-Acide";"450";"BR-116/MG";"Norte";"Saida de Pista";1;0;0;0;0;0;0;0;0;0;1;0;0;0;0
"07/04/2023";"09:27:00";"52";"ac03-Acide";"183.8";"BR-116/RJ";"Sul";"Colisão Traseira";2;0;0;0;0;0;0;0;0;0;1;0;0;0;0
"07/04/2023";"11:30:00";"78";"ac03-Acide";"4.4";"BR-116/RJ";"Norte";"Colisão lateral no mesmo sentido";2;0;0;0;0;0;0;0;0;0;2;0;0;0;0
"07/04/2023";"11:56:00";"81";"ac03-Acide";"192";"BR-116/RJ";"Norte";"Colisão Traseira";2;0;0;0;0;0;0;0;0;0;2;0;0;0;0
"07/04/2023";"02:24:00";"95";"ac02-Acide";"11";"BR-493/RJ";"Norte";"Capotamento";1;0;0;0;0;1;0;0;0;0;4;1;0;0;0
"07/04/2023";"03:00:00";"101";"ac02-Acide";"1";"BR-493/RJ";"Norte";"Colisão lateral no mesmo sentido";1;0;0;1;0;0;0;0;0;0;0;0;1;0;0
"07/04/2023";"05:42:00";"114";"ac03-Acide";"30";"BR-116/RJ";"Norte";"Choque - Meio Fio";1;0;0;0;0;0;0;0;0;0;5;0;0;0;0
"07/04/2023";"05:47:00";"115";"ac02-Acide";"103.2";"BR-116/RJ";"Norte";"Queda de Moto";0;0;0;1;0;0;0;0;0;0;0;0;1;0;0
"07/04/2023";"07:33:00";"130";"ac03-Acide";"99";"BR-116/RJ";"Norte";"Choque - Canaleta";1;0;0;0;0;0;0;0;0;0;3;0;0;0;0
"08/04/2023";"06:21:00";"19";"ac02-Acide";"136.106";"BR-116/RJ";"Sul";"Capotamento";1;0;0;0;0;0;0;0;0;0;0;0;1;1;0