data;horario;n_da_ocorrencia;tipo_de_ocorrencia;km;trecho;sentido;tipo_de_acidente;automovel;bicicleta;caminhao;moto;onibus;outros;tracao_animal;transporte_de_cargas_especiais;trator_maquinas;utilitarios;ilesos;levemente_feridos;moderadamente_feridos;gravemente_feridos;mortos
"20/04/2023";"05:17:00";"185";"ac02-Acide";"81.189";"BR-116/RJ";"Sul";"Colisão lateral no sentido contrário";1;0;0;1;0;0;0;0;0;0;0;1;1;0;0
"20/04/2023";"06:17:00";"192";"ac02-Acide";"16.534";"BR-493/RJ";"Norte";"Atropelamento de Animal";1;0;0;0;0;0;0;0;0;0;0;1;0;0;0
"20/04/2023";"06:26:00";"194";"ac03-Acide";"194.776";"BR-116/RJ";"Norte";"Engavetamento";3;0;0;0;0;0;0;0;0;0;3;0;0;0;0
"20/04/2023";"07:48:00";"203";"ac03-Acide";"196.322";"BR-116/RJ";"Sul";"Colisão Traseira";2;0;0;0;0;0;0;0;0;0;2;0;0;0;0
"20/04/2023";"08:07:00";"208";"ac02-Acide";"533";"BR-116/MG";"Sul";"Queda de Moto";0;0;0;1;0;0;0;0;0;0;0;0;2;0;0
"20/04/2023";"08:09:00";"209";"ac02-Acide";"412.15";"BR-116/MG";"Sul";"Engavetamento";2;0;0;0;0;1;0;0;0;0;1;1;0;0;0
"20/04/2023";"08:55:00";"217";"ac03-Acide";"213";"BR-116/RJ";"Sul";"Colisão Traseira";2;0;0;0;0;0;0;0;0;0;2;0;0;0;0
"21/04/2023";"12:15:00";"3";"ac02-Acide";"185";"BR-116/RJ";"Norte";"Capotamento";3;0;0;0;0;0;0;0;0;0;2;0;1;0;0
"21/04/2023";"03:00:00";"16";"ac02-Acide";"622.7";"BR-116/MG";"Norte";"Tombamento";0;0;2;0;0;0;0;0;0;0;0;1;0;0;0
"21/04/2023";"07:11:00";"45";"ac01-Acide";"97.281";"BR-493/RJ";"Norte";"Choque - Poste";0;0;0;1;0;0;0;0;0;0;0;0;0;0;1
"21/04/2023";"09:11:00";"75";"ac02-Acide";"110.504";"BR-116/RJ";"Norte";"Queda de Moto";0;0;0;1;0;0;0;0;0;0;0;0;1;0;0
"21/04/2023";"10:06:00";"85";"ac02-Acide";"94";"BR-116/RJ";"Norte";"Colisão lateral no mesmo sentido";0;0;0;1;0;1;0;0;0;0;0;0;1;0;0
"21/04/2023";"10:43:00";"94";"ac02-Acide";"19.15";"BR-493/RJ";"Norte";"Colisão lateral no mesmo sentido";2;0;0;0;0;0;0;0;0;0;0;3;0;0;0
"21/04/2023";"10:46:00";"96";"ac02-Acide";"137";"BR-116/RJ";"Norte";"Choque - Veiculo parado no acostamento";1;1;0;0;0;0;0;0;0;0;1;1;0;0;0
"21/04/2023";"10:59:00";"99";"ac02-Acide";"805";"BR-116/MG";"Norte";"Saida de Pista";1;0;1;0;0;0;0;0;0;0;1;1;0;0;0
"21/04/2023";"02:05:00";"133";"ac02-Acide";"173.204";"BR-116/RJ";"Sul";"Queda de Moto";0;0;0;1;0;0;0;0;0;0;0;0;1;0;0
"21/04/2023";"04:30:00";"155";"ac02-Acide";"560.829";"BR-116/MG";"Norte";"Tombamento";0;0;1;0;0;0;0;0;0;0;0;1;0;0;0
"21/04/2023";"04:41:00";"157";"ac03-Acide";"112.507";"BR-116/RJ";"Sul";"Colisão lateral no mesmo sentido";1;0;0;1;0;0;0;0;0;0;2;0;0;0;0
"21/04/2023";"06:02:00";"174";"ac01-Acide";"189.443";"BR-116/RJ";"Sul";"Atropelamento - Pedestre";1;0;0;0;0;0;0;0;0;0;1;0;0;0;1
"21/04/2023";"09:10:00";"194";"ac02-Acide";"112.193";"BR-116/RJ";"Norte";"Queda de Moto";0;0;0;1;0;0;0;0;0;0;0;0;1;0;0
"22/04/2023";"12:35:00";"6";"ac02-Acide";"8.389";"BR-493/RJ";"Norte";"Colisão Traseira";2;0;0;0;0;0;0;0;0;0;0;6;0;0;0
"22/04/2023";"06:45:00";"33";"ac02-Acide";"2.822";"BR-493/RJ";"Norte";"Capotamento";1;0;0;0;0;0;0;0;0;0;0;1;0;0;0
"22/04/2023";"09:03:00";"64";"ac03-Acide";"126";"BR-116/RJ";"Norte";"Choque - Veiculo parado no acostamento";1;0;0;1;0;0;0;0;0;0;2;0;0;0;0
"22/04/2023";"09:13:00";"67";"ac03-Acide";"208";"BR-116/RJ";"Sul";"Saida de Pista";1;0;0;0;0;0;0;0;0;0;1;0;0;0;0
"22/04/2023";"10:08:00";"85";"ac02-Acide";"98";"BR-116/RJ";"Norte";"Tombamento";0;0;2;0;0;0;0;0;0;0;0;3;1;0;0
"22/04/2023";"10:40:00";"89";"ac03-Acide";"19.393";"BR-116/RJ";"Norte";"Colisão Traseira";2;0;0;0;0;0;0;0;0;0;2;0;0;0;0
"22/04/2023";"11:23:00";"97";"ac03-Acide";"607";"BR-116/MG";"Sul";"Colisão Traseira";2;0;0;0;0;0;0;0;0;0;2;0;0;0;0
"22/04/2023";"06:39:00";"160";"ac02-Acide";"2.273";"BR-465/RJ";"Norte";"Atropelamento de Animal";0;0;0;1;0;0;0;0;0;0;0;1;0;0;0
"22/04/2023";"07:53:00";"169";"ac02-Acide";"715.8";"BR-116/MG";"Norte";"Tombamento";1;0;1;0;0;0;0;0;0;0;2;2;1;0;0
"22/04/2023";"08:19:00";"174";"ac03-Acide";"145.063";"BR-116/RJ";"Sul";"Colisão lateral no mesmo sentido";0;0;2;0;0;0;0;0;0;0;1;0;0;0;0
"22/04/2023";"11:57:00";"190";"ac03-Acide";"583.338";"BR-116/MG";"Norte";"Capotamento";1;0;0;0;0;0;0;0;0;0;0;0;0;0;0
"23/04/2023";"01:27:00";"7";"ac02-Acide";"675.9";"BR-116/MG";"Norte";"Capotamento";1;0;0;0;0;0;0;0;0;0;0;1;0;0;0
"23/04/2023";"04:13:00";"10";"ac02-Acide";"95.913";"BR-493/RJ";"Sul";"Atropelamento de Animal";1;0;0;0;0;0;0;0;0;0;0;4;0;0;0
"23/04/2023";"04:14:00";"11";"ac02-Acide";"95.913";"BR-493/RJ";"Sul";"Atropelamento de Animal";0;0;1;0;0;0;0;0;0;0;0;1;0;0;0
"23/04/2023";"06:27:00";"16";"ac03-Acide";"409";"BR-116/MG";"Norte";"Choque - Meio Fio";1;0;0;0;0;0;0;0;0;0;1;0;0;0;0
"23/04/2023";"07:07:00";"24";"ac02-Acide";"206";"BR-116/RJ";"Sul";"Queda de Moto";0;0;0;1;0;0;0;0;0;0;0;0;1;0;0
"23/04/2023";"08:30:00";"40";"ac02-Acide";"765.276";"BR-116/MG";"Sul";"Queda de Moto";0;0;0;1;0;0;0;0;0;0;0;0;1;0;0
"23/04/2023";"09:12:00";"44";"ac02-Acide";"104.3";"BR-116/RJ";"Norte";"Choque - Meio Fio";1;0;0;0;0;0;0;0;0;0;0;1;0;0;0
"23/04/2023";"10:05:00";"55";"ac02-Acide";"49.089";"BR-116/RJ";"Sul";"Queda de Moto";0;0;0;1;0;0;0;0;0;0;1;0;1;0;0
"23/04/2023";"10:22:00";"57";"ac02-Acide";"56.653";"BR-116/RJ";"Sul";"Colisão Transversal";0;0;0;2;0;0;0;0;0;0;0;1;0;0;0
"23/04/2023";"11:20:00";"68";"ac02-Acide";"143.756";"BR-116/RJ";"Sul";"Engavetamento";3;0;0;0;0;0;0;0;0;0;0;3;0;0;0
"23/04/2023";"11:27:00";"70";"ac02-Acide";"143.755";"BR-116/RJ";"Sul";"Queda de Moto";0;0;0;1;0;0;0;0;0;0;0;1;0;0;0
"23/04/2023";"03:22:00";"104";"ac03-Acide";"188";"BR-116/RJ";"Norte";"Engavetamento";3;0;0;0;0;0;0;0;0;0;3;0;0;0;0
"23/04/2023";"05:40:00";"126";"ac01-Acide";"24.442";"BR-116/RJ";"Norte";"Colisão Transversal";2;0;0;0;0;0;0;0;0;0;0;0;5;0;1
"23/04/2023";"05:56:00";"127";"ac02-Acide";"785";"BR-116/MG";"Norte";"Capotamento";1;0;0;0;0;0;0;0;0;0;0;0;1;0;0
"23/04/2023";"09:02:00";"160";"ac02-Acide";"98.886";"BR-116/RJ";"Sul";"Colisão lateral no sentido contrário";2;0;1;0;0;0;0;0;0;0;1;3;0;0;0
"24/04/2023";"12:15:00";"1";"ac02-Acide";"535";"BR-116/MG";"Norte";"Capotamento";1;0;0;0;0;0;0;0;0;0;0;0;1;0;0
"24/04/2023";"12:50:00";"3";"ac03-Acide";"132.5";"BR-116/RJ";"Sul";"Choque - Barreira";1;0;0;0;0;0;0;0;0;0;1;0;0;0;0
"24/04/2023";"01:36:00";"10";"ac03-Acide";"680";"BR-116/MG";"Sul";"Saida de Pista";1;0;0;0;0;0;0;0;0;0;1;0;0;0;0
"24/04/2023";"03:33:00";"18";"ac01-Acide";"199.112";"BR-116/RJ";"Norte";"Tombamento";0;0;1;0;0;0;0;0;0;0;0;0;0;0;1
"24/04/2023";"04:50:00";"22";"ac02-Acide";"643";"BR-116/MG";"Norte";"Capotamento";1;0;0;0;0;0;0;0;0;0;0;1;0;0;0
"24/04/2023";"05:49:00";"25";"ac02-Acide";"183.246";"BR-116/RJ";"Sul";"Capotamento";1;0;0;0;0;0;0;0;0;0;0;1;0;0;0
"24/04/2023";"07:38:00";"47";"ac03-Acide";"449.75";"BR-116/MG";"Norte";"Saida de Pista";1;0;0;0;0;0;0;0;0;0;1;0;0;0;0
"24/04/2023";"11:55:00";"135";"ac03-Acide";"108.187";"BR-116/RJ";"Norte";"Colisão Transversal";1;0;0;0;0;1;0;0;0;0;1;0;0;0;0
"24/04/2023";"01:22:00";"172";"ac02-Acide";"535.5";"BR-116/MG";"Norte";"Queda de Moto";0;0;1;1;0;0;0;0;0;0;1;0;0;1;0
"24/04/2023";"02:03:00";"182";"ac02-Acide";"413.895";"BR-116/MG";"Norte";"Colisão Transversal";1;0;0;1;0;0;0;0;0;0;0;1;0;0;0
"24/04/2023";"02:42:00";"192";"ac03-Acide";"195.615";"BR-116/RJ";"Sul";"Choque - Defensa metálica";0;0;1;0;0;0;0;0;0;0;1;0;0;0;0
"24/04/2023";"04:08:00";"213";"ac03-Acide";"60.918";"BR-493/RJ";"Norte";"Colisão lateral no mesmo sentido";0;0;2;0;0;0;0;0;0;0;2;0;0;0;0
"24/04/2023";"05:00:00";"224";"ac02-Acide";"103.145";"BR-493/RJ";"Sul";"Capotamento";1;0;0;0;0;0;0;0;0;0;0;1;0;0;0
"24/04/2023";"07:02:00";"243";"ac02-Acide";"774";"BR-116/MG";"Norte";"Tombamento";0;0;1;0;0;0;0;0;0;0;0;0;0;1;0
"24/04/2023";"07:17:00";"249";"ac02-Acide";"63.802";"BR-493/RJ";"Sul";"Choque - Poste";1;0;0;0;0;0;0;0;0;0;0;1;3;0;0
"25/04/2023";"02:58:00";"8";"ac02-Acide";"194.451";"BR-116/RJ";"Norte";"Atropelamento - Sem Informação";1;0;0;0;0;0;0;0;0;0;0;0;0;1;0
"25/04/2023";"01:06:00";"138";"ac02-Acide";"3.481";"BR-493/RJ";"Norte";"Choque - New jersey";0;0;1;0;0;0;0;0;0;0;0;1;0;0;0
"25/04/2023";"03:07:00";"161";"ac02-Acide";"701.15";"BR-116/MG";"Sul";"Colisão Transversal";0;0;1;1;0;0;0;0;0;0;1;0;1;0;0
"25/04/2023";"04:10:00";"172";"ac03-Acide";"212.9";"BR-116/RJ";"Norte";"Colisão Traseira";1;0;1;0;0;0;0;0;0;0;1;0;0;0;0
"25/04/2023";"05:30:00";"185";"ac02-Acide";"21.6";"BR-465/RJ";"Norte";"Colisão lateral no sentido contrário";1;0;0;1;0;0;0;0;0;0;1;0;1;0;0
"25/04/2023";"05:34:00";"187";"ac02-Acide";"413.12";"BR-116/MG";"Sul";"Atropelamento - Pedestre";0;0;0;1;0;0;0;0;0;0;1;0;1;0;0
"25/04/2023";"06:05:00";"190";"ac02-Acide";"107.5";"BR-116/RJ";"Sul";"Engavetamento";3;0;0;0;0;1;0;0;0;0;3;0;1;0;0
"25/04/2023";"06:33:00";"193";"ac02-Acide";"14";"BR-465/RJ";"Norte";"Atropelamento - Pedestre";1;0;0;0;0;0;0;0;0;0;1;1;0;0;0
"26/04/2023";"07:36:00";"42";"ac03-Acide";"63.806";"BR-493/RJ";"Sul";"Choque - Canaleta";1;0;0;0;0;0;0;0;0;0;0;0;0;0;0
"26/04/2023";"08:50:00";"86";"ac03-Acide";"169.5";"BR-116/RJ";"Norte";"Colisão Traseira";2;0;0;0;0;0;0;0;0;0;1;0;0;0;0
"26/04/2023";"10:02:00";"114";"ac02-Acide";"178.402";"BR-116/RJ";"Norte";"Colisão Traseira";1;0;0;1;0;0;0;0;0;0;1;1;0;0;0
"26/04/2023";"12:58:00";"156";"ac01-Acide";"443.238";"BR-116/MG";"Sul";"Colisão Frontal";2;0;0;0;0;0;0;0;0;1;2;1;1;0;1
"26/04/2023";"02:58:00";"175";"ac03-Acide";"182.343";"BR-116/RJ";"Sul";"Engavetamento";2;0;1;0;0;0;0;0;0;0;2;0;0;0;0
"26/04/2023";"04:42:00";"192";"ac02-Acide";"418.896";"BR-116/MG";"Norte";"Colisão Transversal";1;0;1;0;0;0;0;0;0;0;1;2;0;0;0
"26/04/2023";"04:55:00";"194";"ac03-Acide";"188.1";"BR-116/RJ";"Sul";"Colisão Traseira";1;0;0;0;0;0;0;0;0;1;2;0;0;0;0
"26/04/2023";"04:58:00";"195";"ac02-Acide";"776.9";"BR-116/MG";"Norte";"Tombamento";0;0;1;0;0;0;0;0;0;0;0;0;1;0;0
"26/04/2023";"05:08:00";"196";"ac02-Acide";"95.342";"BR-493/RJ";"Sul";"Choque - Poste";1;0;0;0;0;0;0;0;0;0;0;0;1;0;0
"26/04/2023";"07:27:00";"216";"ac03-Acide";"619.828";"BR-116/MG";"Norte";"Atropelamento de Animal";1;0;0;0;0;0;0;0;0;0;1;0;0;0;0
"26/04/2023";"08:15:00";"225";"ac02-Acide";"14.265";"BR-465/RJ";"Sul";"Atropelamento - Pedestre";1;0;0;0;0;0;0;0;0;0;1;1;0;0;0
"26/04/2023";"08:17:00";"226";"ac02-Acide";"95.43";"BR-493/RJ";"Sul";"Capotamento";1;0;0;0;0;0;0;0;0;0;0;1;0;0;0
"26/04/2023";"10:54:00";"239";"ac03-Acide";"771";"BR-116/MG";"Norte";"Choque - Veiculo parado no acostamento";2;0;0;0;0;0;0;0;0;0;2;0;0;0;0
"27/04/2023";"04:42:00";"9";"ac03-Acide";"71";"BR-493/RJ";"Sul";"Choque - Defensa metálica";1;0;0;0;0;0;0;0;0;0;1;0;0;0;0
"27/04/2023";"07:01:00";"20";"ac02-Acide";"25.45";"BR-116/RJ";"Norte";"Tombamento";0;0;1;0;0;0;0;0;0;0;0;0;2;0;0
"27/04/2023";"07:19:00";"38";"ac03-Acide";"113";"BR-493/RJ";"Sul";"Colisão lateral no mesmo sentido";1;0;1;0;0;0;0;0;0;0;1;0;0;0;0
"27/04/2023";"08:12:00";"47";"ac02-Acide";"705.564";"BR-116/MG";"Norte";"Choque - Veiculo parado no acostamento";1;0;1;0;0;0;0;0;0;1;1;1;2;0;0
"27/04/2023";"11:26:00";"125";"ac02-Acide";"113";"BR-493/RJ";"Sul";"Choque - Talude ou Barranco";0;0;0;0;0;0;0;0;0;1;0;0;1;0;0
"27/04/2023";"12:11:00";"138";"ac03-Acide";"97.5";"BR-493/RJ";"Norte";"Choque - Defensa metálica";1;0;0;0;0;0;0;0;0;0;1;0;0;0;0
"27/04/2023";"12:50:00";"145";"ac02-Acide";"181.54";"BR-116/RJ";"Norte";"Queda de Moto";0;0;0;1;0;0;0;0;0;0;0;2;0;0;0
"27/04/2023";"03:04:00";"166";"ac02-Acide";"191";"BR-116/RJ";"Sul";"Colisão Traseira";0;0;0;1;0;0;0;0;0;0;0;0;1;0;0
"27/04/2023";"03:09:00";"167";"ac02-Acide";"130.143";"BR-116/RJ";"Norte";"Queda de Moto";0;0;0;1;0;0;0;0;0;0;0;2;0;0;0
"27/04/2023";"03:27:00";"172";"ac02-Acide";"501.97";"BR-116/MG";"Sul";"Queda de Moto";0;0;0;1;0;0;0;0;0;0;0;0;1;0;0
"27/04/2023";"04:05:00";"174";"ac02-Acide";"69.486";"BR-493/RJ";"Sul";"Colisão Frontal";1;0;0;1;0;0;0;0;0;0;0;2;1;0;0
"27/04/2023";"06:53:00";"200";"ac02-Acide";"180.8";"BR-116/RJ";"Sul";"Colisão Traseira";2;0;0;0;0;0;0;0;0;0;0;2;0;0;0
"28/04/2023";"04:16:00";"9";"ac02-Acide";"111";"BR-116/RJ";"Norte";"Queda de Ciclista";0;1;0;0;0;0;0;0;0;0;0;1;0;0;0
"28/04/2023";"04:31:00";"10";"ac03-Acide";"94";"BR-116/RJ";"Norte";"Choque - Canaleta";1;0;0;0;0;0;0;0;0;0;1;0;0;0;0
"28/04/2023";"07:24:00";"27";"ac02-Acide";"173.969";"BR-116/RJ";"Norte";"Colisão Traseira";1;0;0;1;0;0;0;0;0;0;1;1;0;0;0
"28/04/2023";"07:43:00";"32";"ac01-Acide";"742.221";"BR-116/MG";"Norte";"Colisão lateral no sentido contrário";1;0;1;0;0;0;0;0;0;0;1;0;2;0;1
"28/04/2023";"08:26:00";"39";"ac02-Acide";"577";"BR-116/MG";"Norte";"Choque - Sinalização";1;0;0;0;0;0;0;0;0;0;0;2;0;0;0
"28/04/2023";"09:45:00";"66";"ac02-Acide";"187.603";"BR-116/RJ";"Norte";"Engavetamento";1;0;0;0;0;1;0;0;0;1;2;1;0;0;0
"28/04/2023";"12:07:00";"115";"ac02-Acide";"143.046";"BR-116/RJ";"Norte";"Queda de Moto";0;0;0;1;0;0;0;0;0;0;0;1;0;0;0
"28/04/2023";"01:41:00";"144";"ac03-Acide";"660";"BR-116/MG";"Sul";"Colisão Traseira";2;0;0;0;0;0;0;0;0;0;2;0;0;0;0
"28/04/2023";"04:09:00";"178";"ac02-Acide";"174.8";"BR-116/RJ";"Sul";"Colisão lateral no mesmo sentido";1;0;0;1;0;0;0;0;0;0;1;1;0;0;0
"28/04/2023";"04:25:00";"185";"ac02-Acide";"127.267";"BR-116/RJ";"Norte";"Colisão lateral no mesmo sentido";2;0;0;0;0;0;0;0;0;0;2;1;0;0;0
"28/04/2023";"06:04:00";"189";"ac03-Acide";"213.5";"BR-116/RJ";"Sul";"Colisão lateral no mesmo sentido";1;0;1;0;0;0;0;0;0;0;2;0;0;0;0
"28/04/2023";"06:14:00";"192";"ac02-Acide";"702";"BR-116/MG";"Sul";"Colisão Traseira";0;0;1;1;0;0;0;0;0;0;1;1;0;0;0
"28/04/2023";"06:14:00";"193";"ac02-Acide";"511";"BR-116/MG";"Norte";"Colisão Traseira";1;0;0;1;0;0;0;0;0;0;0;1;0;2;0
"28/04/2023";"07:41:00";"211";"ac03-Acide";"56";"BR-116/RJ";"Norte";"Saida de Pista";1;0;0;0;0;0;0;0;0;0;1;0;0;0;0
"28/04/2023";"07:41:00";"210";"ac03-Acide";"143";"BR-116/RJ";"Norte";"Atropelamento de Animal";1;0;0;0;0;0;0;0;0;0;1;0;0;0;0
"28/04/2023";"08:01:00";"215";"ac03-Acide";"176.295";"BR-116/RJ";"Sul";"Colisão lateral no mesmo sentido";1;0;0;1;0;0;0;0;0;0;1;0;0;0;0
"28/04/2023";"09:23:00";"231";"ac02-Acide";"555";"BR-116/MG";"Norte";"Capotamento";1;0;0;0;0;0;0;0;0;0;0;0;1;0;0
"29/04/2023";"12:01:00";"1";"ac03-Acide";"583";"BR-116/MG";"Sul";"Capotamento";1;0;0;0;0;0;0;0;0;0;1;0;0;0;0
"29/04/2023";"12:21:00";"3";"ac03-Acide";"55";"BR-493/RJ";"Norte";"Tombamento";0;0;1;0;0;0;0;0;0;0;1;0;0;0;0
"29/04/2023";"02:18:00";"16";"ac02-Acide";"667.2";"BR-116/MG";"Norte";"Colisão lateral no sentido contrário";1;0;1;0;0;0;0;0;0;0;1;0;1;0;0
"29/04/2023";"09:23:00";"99";"ac02-Acide";"142.036";"BR-116/RJ";"Sul";"Tombamento";0;0;1;0;0;0;0;0;0;0;0;1;0;0;0
"29/04/2023";"12:50:00";"159";"ac03-Acide";"751";"BR-116/MG";"Norte";"Engavetamento";2;0;0;1;0;0;0;0;0;0;3;0;0;0;0
"29/04/2023";"01:46:00";"175";"ac02-Acide";"59.972";"BR-116/RJ";"Norte";"Colisão lateral no mesmo sentido";2;0;0;0;0;0;0;0;0;0;0;4;0;0;0
"29/04/2023";"02:10:00";"176";"ac03-Acide";"416.84";"BR-116/MG";"Norte";"Colisão lateral no mesmo sentido";2;0;0;0;0;0;0;0;0;0;2;0;0;0;0
"29/04/2023";"04:58:00";"203";"ac02-Acide";"144.529";"BR-116/RJ";"Sul";"Choque - Defensa metálica";1;0;0;0;0;0;0;0;0;0;0;1;0;0;0
"29/04/2023";"06:49:00";"218";"ac02-Acide";"118.907";"BR-116/RJ";"Sul";"Colisão Traseira";0;0;0;1;0;0;1;0;0;0;0;0;0;1;0
"29/04/2023";"10:38:00";"256";"ac03-Acide";"101.5";"BR-493/RJ";"Norte";"Choque - Arvore";1;0;0;0;0;0;0;0;0;0;1;0;0;0;0
"29/04/2023";"11:38:00";"259";"ac03-Acide";"20";"BR-493/RJ";"Sul";"Colisão lateral no mesmo sentido";0;0;0;1;0;1;0;0;0;0;1;0;0;0;0
"30/04/2023";"01:51:00";"7";"ac01-Acide";"600.05";"BR-116/MG";"Sul";"Capotamento";1;0;0;0;0;0;0;0;0;0;0;2;0;0;1
"30/04/2023";"05:10:00";"15";"ac02-Acide";"133.146";"BR-116/RJ";"Norte";"Choque - Defensa metálica";1;0;0;0;0;0;0;0;0;0;0;0;0;1;0
"30/04/2023";"06:38:00";"21";"ac03-Acide";"111.516";"BR-493/RJ";"Sul";"Colisão Traseira";1;0;1;0;0;0;0;0;0;0;2;0;0;0;0
"30/04/2023";"09:12:00";"56";"ac02-Acide";"633.2";"BR-116/MG";"Norte";"Colisão lateral no mesmo sentido";1;0;0;1;0;0;0;0;0;0;1;1;0;0;0
"30/04/2023";"12:44:00";"94";"ac03-Acide";"137.761";"BR-116/RJ";"Norte";"Colisão Traseira";1;0;1;0;0;0;0;0;0;0;2;0;0;0;0
"30/04/2023";"02:06:00";"118";"ac02-Acide";"624";"BR-116/MG";"Norte";"Capotamento";1;0;0;0;0;0;0;0;0;0;0;1;0;0;0
"30/04/2023";"02:52:00";"116";"ac03-Acide";"202.799";"BR-116/RJ";"Sul";"Colisão lateral no mesmo sentido";1;0;1;0;0;0;0;0;0;0;3;0;0;0;0
"30/04/2023";"06:20:00";"146";"ac02-Acide";"415";"BR-116/MG";"Norte";"Colisão Transversal";0;0;0;1;0;1;0;0;0;0;1;0;1;0;0
"30/04/2023";"06:55:00";"155";"ac02-Acide";"185.473";"BR-116/RJ";"Norte";"Colisão Traseira";1;0;0;1;0;0;0;0;0;0;1;0;0;2;0
"30/04/2023";"07:31:00";"161";"ac02-Acide";"813.18";"BR-116/MG";"Norte";"Capotamento";1;0;0;0;0;0;0;0;0;0;1;0;1;0;0
"30/04/2023";"07:32:00";"162";"ac02-Acide";"19.6";"BR-493/RJ";"Sul";"Atropelamento Ciclista";0;1;0;1;0;0;0;0;0;0;0;0;2;0;0
"30/04/2023";"08:18:00";"170";"ac02-Acide";"12.4";"BR-465/RJ";"Norte";"Capotamento";0;0;0;0;0;1;0;0;0;0;0;1;0;0;0
"30/04/2023";"11:35:00";"187";"ac01-Acide";"195.012";"BR-116/RJ";"Sul";"Colisão Traseira";1;0;0;1;0;0;0;0;0;0;1;0;0;0;1
"30/04/2023";"11:54:00";"189";"ac03-Acide";"131";"BR-116/RJ";"Norte";"Atropelamento de Animal";1;0;0;0;0;0;0;0;0;0;1;0;0;0;0
"01/05/2023";"02:03:00";"16";"ac03-Acide";"643";"BR-116/MG";"Sul";"Choque - Outros";1;0;0;0;0;0;0;0;0;0;2;0;0;0;0
"01/05/2023";"04:00:00";"25";"ac02-Acide";"3.879";"BR-465/RJ";"Sul";"Atropelamento - Pedestre";1;0;0;0;0;0;0;0;0;0;0;0;0;1;0
"01/05/2023";"06:17:00";"29";"ac01-Acide";"183.336";"BR-116/RJ";"Norte";"Atropelamento - Pedestre";0;0;0;0;0;1;0;0;0;0;0;0;0;0;1
"01/05/2023";"08:32:00";"51";"ac02-Acide";"140.055";"BR-116/RJ";"Norte";"Atropelamento Ciclista";0;1;0;1;0;0;0;0;0;0;0;0;2;0;0
"01/05/2023";"10:06:00";"66";"ac02-Acide";"200";"BR-116/RJ";"Norte";"Colisão Traseira";1;0;0;0;1;0;0;0;0;0;2;1;1;0;0
"01/05/2023";"10:22:00";"68";"ac03-Acide";"169";"BR-116/RJ";"Sul";"Choque - Poste";1;0;0;0;0;0;0;0;0;0;0;0;0;0;0
"01/05/2023";"01:40:00";"105";"ac02-Acide";"816";"BR-116/MG";"Sul";"Colisão Traseira";2;0;0;0;0;0;0;0;0;0;1;2;0;0;0
"01/05/2023";"01:56:00";"109";"ac02-Acide";"497";"BR-116/MG";"Sul";"Colisão Transversal";1;0;0;1;0;0;0;0;0;0;1;0;2;0;0
"01/05/2023";"03:09:00";"121";"ac02-Acide";"132.381";"BR-116/RJ";"Norte";"Colisão Traseira";0;0;0;2;0;0;0;0;0;0;2;0;1;0;0
"01/05/2023";"04:03:00";"133";"ac02-Acide";"702.786";"BR-116/MG";"Sul";"Queda de Moto";0;0;0;1;0;0;0;0;0;0;0;0;1;0;0
"01/05/2023";"04:32:00";"143";"ac03-Acide";"56.2";"BR-493/RJ";"Sul";"Choque - Canaleta";1;0;0;0;0;0;0;0;0;0;1;0;0;0;0
"01/05/2023";"04:35:00";"146";"ac03-Acide";"100";"BR-116/RJ";"Sul";"Colisão Traseira";2;0;0;0;0;0;0;0;0;0;2;0;0;0;0
"01/05/2023";"06:13:00";"160";"ac03-Acide";"142.8";"BR-116/RJ";"Sul";"Colisão Traseira";1;0;0;1;0;0;0;0;0;0;1;0;0;0;0
"01/05/2023";"07:03:00";"171";"ac02-Acide";"197.2";"BR-116/RJ";"Norte";"Engavetamento";3;0;1;0;0;0;0;0;0;0;3;1;1;1;0
"01/05/2023";"08:32:00";"189";"ac03-Acide";"213";"BR-116/RJ";"Norte";"Colisão Traseira";2;0;0;0;0;0;0;0;0;0;2;0;0;0;0
"01/05/2023";"08:35:00";"190";"ac02-Acide";"536";"BR-116/MG";"Norte";"Choque - Talude ou Barranco";1;0;0;0;0;0;0;0;0;0;0;1;0;0;0
"01/05/2023";"08:50:00";"192";"ac03-Acide";"80.685";"BR-116/RJ";"Norte";"Choque - New jersey";1;0;0;0;0;0;0;0;0;0;1;0;0;0;0
"01/05/2023";"08:59:00";"193";"ac03-Acide";"62";"BR-493/RJ";"Norte";"Atropelamento de Animal";1;0;0;0;0;0;0;0;0;0;1;0;0;0;0
"02/05/2023";"02:39:00";"13";"ac03-Acide";"196.809";"BR-116/RJ";"Sul";"Choque - New jersey";1;0;0;0;0;0;0;0;0;0;1;0;0;0;0
"02/05/2023";"03:13:00";"15";"ac02-Acide";"5";"BR-465/RJ";"Sul";"Atropelamento - Pedestre";0;0;0;0;0;1;0;0;0;0;0;0;1;0;0
"02/05/2023";"06:23:00";"27";"ac02-Acide";"78.632";"BR-116/RJ";"Sul";"Colisão Traseira";1;0;1;0;0;0;0;0;0;0;0;2;0;0;0
"02/05/2023";"06:52:00";"31";"ac02-Acide";"117";"BR-493/RJ";"Sul";"Capotamento";1;0;0;0;0;0;0;0;0;0;0;1;0;0;0
"02/05/2023";"07:11:00";"36";"ac02-Acide";"174";"BR-116/RJ";"Norte";"Colisão Traseira";1;0;0;1;0;0;0;0;0;0;0;1;0;0;0
"02/05/2023";"07:20:00";"40";"ac03-Acide";"82";"BR-493/RJ";"Norte";"Colisão lateral no mesmo sentido";1;0;1;0;0;0;0;0;0;0;2;0;0;0;0
"02/05/2023";"09:24:00";"110";"ac02-Acide";"513.726";"BR-116/MG";"Norte";"Tombamento";0;0;1;0;0;0;0;0;0;0;0;2;0;0;0
"02/05/2023";"10:49:00";"139";"ac03-Acide";"118";"BR-116/RJ";"Sul";"Choque - Defensa metálica";0;0;1;0;0;0;0;0;0;0;1;0;0;0;0