data;horario;n_da_ocorrencia;tipo_de_ocorrencia;km;trecho;sentido;tipo_de_acidente;automovel;bicicleta;caminhao;moto;onibus;outros;tracao_animal;transporte_de_cargas_especiais;trator_maquinas;utilitarios;ilesos;levemente_feridos;moderadamente_feridos;gravemente_feridos;mortos
"05/06/2023";"04:25:00";"195";"ac03 - Aci";"182.801";"BR-116/RJ";"Sul";"Colisão lateral no mesmo sentido";1;0;1;0;0;0;0;0;0;0;2;0;0;0;0
"05/06/2023";"04:43:00";"198";"ac02 - Aci";"683.67";"BR-116/MG";"Sul";"Colisão lateral no mesmo sentido";0;0;0;1;0;1;0;0;0;0;1;1;0;0;0
"05/06/2023";"10:22:00";"254";"ac02 - Aci";"4";"BR-465/RJ";"Norte";"Colisão lateral no mesmo sentido";1;0;0;1;0;0;0;0;0;0;2;1;0;0;0
"05/06/2023";"10:55:00";"257";"ac03 - Aci";"193";"BR-116/RJ";"Norte";"Colisão Traseira";1;0;1;0;0;0;0;0;0;0;2;0;0;0;0
"05/06/2023";"11:31:00";"259";"ac03 - Aci";"812.718";"BR-116/MG";"Sul";"Tombamento";0;0;1;0;0;0;0;0;0;0;1;0;0;0;0
"06/06/2023";"06:16:00";"31";"ac02 - Aci";"28";"BR-116/RJ";"Sul";"Saida de Pista";1;0;0;0;0;0;0;0;0;0;0;1;0;0;0
"06/06/2023";"10:37:00";"137";"ac03 - Aci";"739.2";"BR-116/MG";"Sul";"Colisão Traseira";2;0;0;0;0;0;0;0;0;0;2;0;0;0;0
"06/06/2023";"12:27:00";"165";"ac03 - Aci";"412.396";"BR-116/MG";"Sul";"Colisão Transversal";2;0;0;0;0;0;0;0;0;0;2;0;0;0;0
"06/06/2023";"12:46:00";"170";"ac02 - Aci";"681.418";"BR-116/MG";"Sul";"Colisão Traseira";1;0;0;1;0;0;0;0;0;0;1;1;0;0;0
"06/06/2023";"02:59:00";"199";"ac03 - Aci";"183.8";"BR-116/RJ";"Sul";"Colisão Traseira";2;0;0;0;0;0;0;0;0;0;2;0;0;0;0
"06/06/2023";"03:41:00";"203";"ac02 - Aci";"12.133";"BR-465/RJ";"Sul";"Colisão Transversal";2;0;0;0;0;0;0;0;0;0;0;2;0;0;0
"06/06/2023";"06:27:00";"236";"ac02 - Aci";"415";"BR-116/MG";"Sul";"Colisão lateral no sentido contrário";0;0;0;1;0;1;0;0;0;0;1;0;1;0;0
"06/06/2023";"07:02:00";"244";"ac02 - Aci";"193.7";"BR-116/RJ";"Sul";"Colisão Traseira";2;0;0;0;0;0;0;0;0;0;1;0;1;0;0
"06/06/2023";"10:57:00";"284";"ac02 - Aci";"532";"BR-116/MG";"Norte";"Colisão lateral no sentido contrário";1;0;1;0;0;0;0;0;0;0;1;1;1;0;0
"07/06/2023";"08:24:00";"53";"ac02 - Aci";"4";"BR-465/RJ";"Norte";"Colisão lateral no sentido contrário";1;0;0;1;0;0;0;0;0;0;1;1;0;0;0
"07/06/2023";"02:08:00";"169";"ac02 - Aci";"172";"BR-116/RJ";"Norte";"Colisão Traseira";1;0;1;0;0;0;0;0;0;0;1;1;0;0;0
"07/06/2023";"02:23:00";"172";"ac02 - Aci";"101";"BR-116/RJ";"Norte";"Tombamento";0;0;1;0;0;0;0;0;0;0;0;3;0;0;0
"07/06/2023";"03:29:00";"181";"ac03 - Aci";"186.7";"BR-116/RJ";"Norte";"Engavetamento";4;0;0;0;0;0;0;0;0;0;4;0;0;0;0
"07/06/2023";"03:47:00";"184";"ac02 - Aci";"104";"BR-116/RJ";"Sul";"Colisão Traseira";0;0;2;0;0;0;0;0;0;0;1;0;1;0;0
"07/06/2023";"08:40:00";"236";"ac02 - Aci";"702";"BR-116/MG";"Norte";"Colisão lateral no mesmo sentido";1;0;0;1;0;0;0;0;0;1;2;0;1;0;0
"07/06/2023";"09:46:00";"243";"ac03 - Aci";"526";"BR-116/MG";"Norte";"Colisão Traseira";2;0;0;0;0;0;0;0;0;0;2;0;0;0;0
"07/06/2023";"11:16:00";"259";"ac02 - Aci";"119.069";"BR-116/RJ";"Sul";"Colisão lateral no mesmo sentido";1;0;1;0;0;0;0;0;0;0;1;1;0;0;0
"08/06/2023";"01:01:00";"7";"ac02 - Aci";"449";"BR-116/MG";"Sul";"Capotamento";1;0;0;0;0;0;0;0;0;0;0;1;0;0;0
"08/06/2023";"02:27:00";"13";"ac03 - Aci";"119.974";"BR-116/RJ";"Norte";"Atropelamento de Animal";1;0;0;0;0;0;0;0;0;0;4;0;0;0;0
"08/06/2023";"06:58:00";"47";"ac03 - Aci";"37.005";"BR-116/RJ";"Sul";"Choque - Meio Fio";1;0;0;0;0;0;0;0;0;0;1;0;0;0;0
"08/06/2023";"08:51:00";"88";"ac02 - Aci";"180.265";"BR-116/RJ";"Sul";"Engavetamento";3;0;0;0;0;0;0;0;0;0;2;0;1;0;0
"08/06/2023";"09:40:00";"107";"ac02 - Aci";"725";"BR-116/MG";"Sul";"Colisão Traseira";2;0;0;0;0;0;0;0;0;0;2;1;0;0;0
"08/06/2023";"12:03:00";"140";"ac02 - Aci";"11";"BR-116/RJ";"Sul";"Colisão Frontal";2;0;0;0;0;0;0;0;0;0;0;0;2;3;0
"08/06/2023";"12:20:00";"145";"ac03 - Aci";"182";"BR-116/RJ";"Norte";"Colisão lateral no mesmo sentido";1;0;0;1;0;0;0;0;0;0;2;0;0;0;0
"08/06/2023";"02:27:00";"176";"ac03 - Aci";"82.842";"BR-116/RJ";"Sul";"Colisão lateral no sentido contrário";1;0;1;0;0;0;0;0;0;0;2;0;0;0;0
"08/06/2023";"03:10:00";"183";"ac03 - Aci";"630";"BR-116/MG";"Norte";"Colisão Traseira";0;0;0;1;0;1;0;0;0;0;2;0;0;0;0
"08/06/2023";"03:38:00";"187";"ac02 - Aci";"562.175";"BR-116/MG";"Sul";"Queda de Moto";0;0;0;1;0;1;0;0;0;0;1;0;1;0;0
"08/06/2023";"05:49:00";"214";"ac02 - Aci";"564.5";"BR-116/MG";"Sul";"Colisão lateral no mesmo sentido";0;0;0;1;0;1;0;0;0;0;1;0;1;0;0
"08/06/2023";"06:53:00";"219";"ac03 - Aci";"52";"BR-116/RJ";"Sul";"Colisão Traseira";2;0;0;0;0;0;0;0;0;0;2;0;0;0;0
"08/06/2023";"07:54:00";"231";"ac02 - Aci";"462.656";"BR-116/MG";"Norte";"Queda de Moto";0;0;0;1;0;0;0;0;0;0;0;2;0;0;0
"08/06/2023";"08:32:00";"236";"ac02 - Aci";"42.229";"BR-116/RJ";"Sul";"Colisão Traseira";1;0;1;0;0;0;0;0;0;0;1;0;2;0;0
"08/06/2023";"10:57:00";"247";"ac03 - Aci";"63.821";"BR-116/RJ";"Norte";"Choque - Meio Fio";1;0;0;0;0;0;0;0;0;0;1;0;0;0;0
"08/06/2023";"11:17:00";"253";"ac02 - Aci";"13.877";"BR-465/RJ";"Sul";"Colisão lateral no mesmo sentido";0;0;0;1;0;0;0;0;0;1;1;1;0;0;0
"09/06/2023";"04:28:00";"14";"ac02 - Aci";"174";"BR-116/RJ";"Norte";"Choque - New jersey";1;0;0;0;0;0;0;0;0;0;0;1;0;0;0
"09/06/2023";"12:30:00";"160";"ac03 - Aci";"182.475";"BR-116/RJ";"Norte";"Colisão Traseira";2;0;0;0;0;0;0;0;0;0;2;0;0;0;0
"09/06/2023";"01:36:00";"177";"ac03 - Aci";"182.882";"BR-116/RJ";"Sul";"Queda de Moto";0;0;0;1;0;1;0;0;0;0;2;0;0;0;0
"09/06/2023";"03:12:00";"201";"ac02 - Aci";"211.427";"BR-116/RJ";"Sul";"Queda de Moto";0;0;0;1;0;0;0;0;0;0;0;0;1;0;0
"09/06/2023";"05:14:00";"219";"ac02 - Aci";"575";"BR-116/MG";"Norte";"Colisão Traseira";1;0;0;1;0;0;0;0;0;0;1;1;0;0;0
"09/06/2023";"05:33:00";"228";"ac02 - Aci";"185.251";"BR-116/RJ";"Norte";"Colisão lateral no sentido contrário";1;0;0;1;0;0;0;0;0;0;1;0;1;0;0
"09/06/2023";"05:41:00";"231";"ac02 - Aci";"96";"BR-116/RJ";"Norte";"Choque - Elemento de Drenagem";1;0;0;0;0;0;0;0;0;0;0;1;0;0;0
"09/06/2023";"06:23:00";"239";"ac02 - Aci";"5";"BR-493/RJ";"Norte";"Atropelamento Ciclista";0;1;0;1;0;0;0;0;0;0;0;0;2;0;0
"09/06/2023";"07:13:00";"255";"ac02 - Aci";"804";"BR-116/MG";"Sul";"Choque - Meio Fio";1;0;0;0;0;0;0;0;0;0;0;2;0;0;0
"09/06/2023";"07:16:00";"256";"ac02 - Aci";"454.866";"BR-116/MG";"Norte";"Colisão Frontal";2;0;0;0;0;0;0;0;0;0;1;0;1;0;0
"09/06/2023";"10:15:00";"284";"ac03 - Aci";"530.342";"BR-116/MG";"Sul";"Colisão Traseira";2;0;0;0;0;0;0;0;0;0;2;0;0;0;0
"09/06/2023";"11:27:00";"292";"ac02 - Aci";"15.079";"BR-465/RJ";"Norte";"Colisão lateral no mesmo sentido";1;0;0;1;0;0;0;0;0;0;2;0;1;0;0
"10/06/2023";"07:02:00";"28";"ac02 - Aci";"809.947";"BR-116/MG";"Norte";"Capotamento";1;0;0;0;0;0;0;0;0;0;0;1;0;0;0
"10/06/2023";"07:03:00";"30";"ac02 - Aci";"187.9";"BR-116/RJ";"Norte";"Colisão Traseira";1;0;0;1;0;0;0;0;0;0;1;1;0;0;0
"10/06/2023";"07:13:00";"32";"ac02 - Aci";"35.494";"BR-116/RJ";"Norte";"Queda de Moto";1;0;0;0;0;0;0;0;0;0;0;2;0;0;0
"10/06/2023";"10:10:00";"81";"ac02 - Aci";"14.689";"BR-465/RJ";"Sul";"Atropelamento - Pedestre";0;0;0;1;0;0;0;0;0;0;1;1;0;0;0
"10/06/2023";"10:56:00";"101";"ac02 - Aci";"802.266";"BR-116/MG";"Sul";"Colisão lateral no sentido contrário";0;0;1;1;0;0;0;0;0;0;1;0;0;1;0
"10/06/2023";"02:59:00";"154";"ac02 - Aci";"633.78";"BR-116/MG";"Sul";"Queda de Moto";0;0;0;1;0;0;0;0;0;0;0;0;1;0;0
"10/06/2023";"04:37:00";"181";"ac03 - Aci";"123.349";"BR-116/RJ";"Sul";"Choque - Defensa metálica";1;0;0;0;0;0;0;0;0;0;1;0;0;0;0
"10/06/2023";"06:03:00";"199";"ac02 - Aci";"146.5";"BR-116/RJ";"Norte";"Capotamento";1;0;0;0;0;0;0;0;0;0;0;1;0;0;0
"10/06/2023";"06:50:00";"206";"ac02 - Aci";"3.04";"BR-465/RJ";"Norte";"Choque - Barreira";1;0;0;0;0;0;0;0;0;0;1;1;0;0;0
"10/06/2023";"07:13:00";"209";"ac03 - Aci";"687.321";"BR-116/MG";"Norte";"Capotamento";1;0;0;0;0;0;0;0;0;0;1;0;0;0;0
"10/06/2023";"07:50:00";"213";"ac03 - Aci";"19";"BR-493/RJ";"Sul";"Colisão Traseira";1;0;0;0;0;1;0;0;0;0;2;0;0;0;0
"10/06/2023";"08:12:00";"221";"ac03 - Aci";"533";"BR-116/MG";"Norte";"Colisão lateral no sentido contrário";2;0;0;0;0;0;0;0;0;0;2;0;0;0;0
"10/06/2023";"08:43:00";"228";"ac02 - Aci";"558";"BR-116/MG";"Norte";"Colisão lateral no mesmo sentido";1;0;0;1;0;0;0;0;0;0;1;1;1;0;0
"10/06/2023";"09:22:00";"232";"ac02 - Aci";"40";"BR-116/RJ";"Sul";"Saida de Pista";1;0;0;0;0;0;0;0;0;0;1;1;0;0;0
"10/06/2023";"10:45:00";"242";"ac02 - Aci";"626";"BR-116/MG";"Sul";"Choque - Outros";1;0;0;0;0;0;0;0;0;0;0;0;1;0;0
"10/06/2023";"10:50:00";"243";"ac02 - Aci";"183";"BR-116/RJ";"Norte";"Choque - Barreira";1;0;0;0;0;0;0;0;0;0;2;1;0;0;0
"11/06/2023";"12:25:00";"3";"ac02 - Aci";"523";"BR-116/MG";"Norte";"Colisão lateral no mesmo sentido";0;0;0;1;0;1;0;0;0;0;1;0;2;0;0
"11/06/2023";"06:34:00";"24";"ac02 - Aci";"20.633";"BR-465/RJ";"Norte";"Queda de Moto";0;0;0;1;0;0;0;0;0;0;0;1;0;0;0
"11/06/2023";"12:06:00";"114";"ac03 - Aci";"576.326";"BR-116/MG";"Norte";"Colisão Traseira";2;0;0;0;0;0;0;0;0;0;2;0;0;0;0
"11/06/2023";"12:37:00";"120";"ac02 - Aci";"186.968";"BR-116/RJ";"Norte";"Engavetamento";5;0;0;0;0;0;0;0;0;0;5;2;0;1;0
"11/06/2023";"12:58:00";"125";"ac03 - Aci";"37.05";"BR-116/RJ";"Norte";"Colisão Traseira";2;0;0;0;0;0;0;0;0;0;2;0;0;0;0
"11/06/2023";"01:10:00";"127";"ac02 - Aci";"13.195";"BR-465/RJ";"Norte";"Queda de Moto";0;0;0;1;0;0;0;0;0;0;0;0;1;0;0
"11/06/2023";"01:13:00";"128";"ac03 - Aci";"190.088";"BR-116/RJ";"Norte";"Engavetamento";3;0;0;0;0;2;0;0;0;0;5;0;0;0;0
"11/06/2023";"04:42:00";"167";"ac03 - Aci";"191.607";"BR-116/RJ";"Norte";"Engavetamento";2;0;0;0;0;1;0;0;0;0;3;0;0;0;0
"11/06/2023";"06:16:00";"192";"ac03 - Aci";"174";"BR-116/RJ";"Sul";"Colisão Traseira";1;0;0;1;0;0;0;0;0;0;2;0;0;0;0
"11/06/2023";"06:46:00";"202";"ac03 - Aci";"213";"BR-116/RJ";"Norte";"Colisão Traseira";2;0;0;0;0;0;0;0;0;0;2;0;0;0;0
"11/06/2023";"06:48:00";"203";"ac01 - Aci";"547.9";"BR-116/MG";"Sul";"Atropelamento - Pedestre";2;0;0;0;1;0;0;0;0;0;2;1;0;0;1
"11/06/2023";"09:04:00";"229";"ac03 - Aci";"29.9";"BR-116/RJ";"Norte";"Atropelamento de Animal";1;0;0;0;0;0;0;0;0;0;1;0;0;0;0
"12/06/2023";"07:00:00";"45";"ac02 - Aci";"700";"BR-116/MG";"Norte";"Colisão Frontal";0;0;0;2;0;0;0;0;0;0;1;0;1;0;0
"12/06/2023";"07:18:00";"54";"ac03 - Aci";"35.4";"BR-116/RJ";"Norte";"Choque - Defensa metálica";1;0;0;0;0;0;0;0;0;0;1;0;0;0;0
"12/06/2023";"07:37:00";"65";"ac03 - Aci";"782";"BR-116/MG";"Sul";"Tombamento";0;0;1;0;0;0;0;0;0;0;1;0;0;0;0
"12/06/2023";"08:25:00";"83";"ac03 - Aci";"536.18";"BR-116/MG";"Norte";"Colisão lateral no sentido contrário";2;0;0;0;0;0;0;0;0;0;2;0;0;0;0
"12/06/2023";"10:03:00";"128";"ac03 - Aci";"186";"BR-116/RJ";"Sul";"Choque - Outros";0;1;0;0;1;0;0;0;0;0;2;0;0;0;0
"12/06/2023";"04:24:00";"208";"ac03 - Aci";"600.5";"BR-116/MG";"Sul";"Capotamento";1;0;0;0;0;0;0;0;0;0;1;0;0;0;0
"12/06/2023";"05:44:00";"217";"ac03 - Aci";"137.726";"BR-116/RJ";"Norte";"Colisão lateral no mesmo sentido";1;0;1;0;0;0;0;0;0;0;2;0;0;0;0
"12/06/2023";"05:50:00";"218";"ac02 - Aci";"213";"BR-116/RJ";"Sul";"Colisão Traseira";1;0;1;0;0;0;0;0;0;0;0;2;0;0;0
"12/06/2023";"06:26:00";"226";"ac01 - Aci";"171.514";"BR-116/RJ";"Sul";"Colisão lateral no mesmo sentido";0;0;1;1;0;0;0;0;0;0;1;0;0;0;1
"12/06/2023";"07:08:00";"237";"ac03 - Aci";"146";"BR-116/RJ";"Norte";"Queda de Moto";0;0;0;1;0;0;0;0;0;0;1;0;0;0;0
"12/06/2023";"11:22:00";"277";"ac02 - Aci";"187";"BR-116/RJ";"Sul";"Colisão Traseira";1;0;0;1;0;0;0;0;0;0;1;1;0;0;0
"13/06/2023";"02:46:00";"13";"ac02 - Aci";"804";"BR-116/MG";"Norte";"Capotamento";1;0;0;0;0;0;0;0;0;0;0;1;0;0;0
"13/06/2023";"06:37:00";"30";"ac02 - Aci";"169";"BR-116/RJ";"Norte";"Colisão lateral no mesmo sentido";0;0;0;1;0;0;0;0;0;1;1;1;0;0;0
"13/06/2023";"06:53:00";"35";"ac02 - Aci";"77.105";"BR-116/RJ";"Sul";"Choque - New jersey";1;0;0;0;0;0;0;0;0;0;0;1;0;0;0
"13/06/2023";"08:42:00";"78";"ac02 - Aci";"189.5";"BR-116/RJ";"Norte";"Capotamento";1;0;0;0;0;0;0;0;0;0;0;1;0;0;0
"13/06/2023";"12:18:00";"168";"ac02 - Aci";"0.661";"BR-493/RJ";"Sul";"Atropelamento - Pedestre";1;0;0;0;0;0;0;0;0;0;3;0;1;0;0
"13/06/2023";"04:24:00";"210";"ac02 - Aci";"102";"BR-116/RJ";"Sul";"Colisão Traseira";2;0;0;0;0;0;0;0;0;0;0;2;0;0;0
"13/06/2023";"05:24:00";"217";"ac02 - Aci";"727";"BR-116/MG";"Norte";"Colisão Traseira";0;0;1;1;0;0;0;0;0;0;1;1;0;0;0
"13/06/2023";"08:13:00";"244";"ac03 - Aci";"110";"BR-116/RJ";"Sul";"Choque - Defensa metálica";1;0;0;0;0;0;0;0;0;0;1;0;0;0;0
"13/06/2023";"08:24:00";"247";"ac03 - Aci";"688";"BR-116/MG";"Sul";"Colisão Traseira";2;0;0;0;0;0;0;0;0;0;2;0;0;0;0
"13/06/2023";"11:32:00";"270";"ac02 - Aci";"145.772";"BR-116/RJ";"Norte";"Colisão Traseira";0;0;0;1;0;1;0;0;0;0;1;0;1;0;0
"14/06/2023";"06:47:00";"35";"ac02 - Aci";"8.844";"BR-493/RJ";"Norte";"Colisão lateral no sentido contrário";0;0;0;1;0;1;0;0;0;0;1;0;1;0;0
"14/06/2023";"07:21:00";"53";"ac02 - Aci";"584.486";"BR-116/MG";"Norte";"Queda de Moto";0;0;0;1;0;0;0;0;0;0;0;1;0;0;0
"14/06/2023";"08:10:00";"72";"ac02 - Aci";"14.462";"BR-465/RJ";"Norte";"Queda de Moto";0;0;0;1;0;0;0;0;0;0;0;1;0;0;0
"14/06/2023";"10:38:00";"142";"ac02 - Aci";"179.936";"BR-116/RJ";"Norte";"Queda de Moto";0;0;0;1;0;0;0;0;0;0;0;0;2;0;0
"14/06/2023";"11:44:00";"161";"ac03 - Aci";"14.48";"BR-465/RJ";"Sul";"Colisão Transversal";1;0;1;0;0;0;0;0;0;0;3;0;0;0;0
"14/06/2023";"11:54:00";"164";"ac02 - Aci";"201.281";"BR-116/RJ";"Norte";"Colisão Traseira";2;0;0;0;0;0;0;0;0;0;1;2;0;0;0
"14/06/2023";"12:50:00";"169";"ac03 - Aci";"0";"BR-493/RJ";"Norte";"Atropelamento Ciclista";1;1;0;0;0;0;0;0;0;0;2;0;0;0;0
"14/06/2023";"01:23:00";"172";"ac02 - Aci";"42.239";"BR-116/RJ";"Norte";"Atropelamento - Pedestre";0;0;0;0;0;1;0;0;0;0;1;0;1;0;0
"14/06/2023";"03:20:00";"205";"ac02 - Aci";"183.511";"BR-116/RJ";"Sul";"Queda de Moto";0;0;0;1;0;0;0;0;0;0;0;1;0;0;0
"14/06/2023";"05:00:00";"224";"ac03 - Aci";"118";"BR-116/RJ";"Norte";"Choque - Defensa metálica";1;0;0;0;0;0;0;0;0;0;1;0;0;0;0
"14/06/2023";"05:12:00";"226";"ac02 - Aci";"730.2";"BR-116/MG";"Sul";"Tombamento";0;0;1;0;0;0;0;0;0;0;0;1;0;0;0
"14/06/2023";"05:45:00";"236";"ac03 - Aci";"21.425";"BR-493/RJ";"Norte";"Queda de Moto";0;0;0;1;0;0;0;0;0;0;1;0;0;0;0
"14/06/2023";"06:08:00";"241";"ac02 - Aci";"144";"BR-116/RJ";"Sul";"Atropelamento - Pedestre";0;0;0;0;1;0;0;0;0;0;1;1;0;0;0
"14/06/2023";"06:11:00";"244";"ac03 - Aci";"500";"BR-116/MG";"Sul";"Colisão lateral no mesmo sentido";2;0;0;0;0;0;0;0;0;0;2;0;0;0;0
"14/06/2023";"06:25:00";"247";"ac03 - Aci";"196.5";"BR-116/RJ";"Norte";"Atropelamento de Animal";0;0;1;0;0;0;0;0;0;0;1;0;0;0;0
"14/06/2023";"06:41:00";"252";"ac02 - Aci";"137.15";"BR-116/RJ";"Sul";"Atropelamento - Pedestre";0;0;0;1;0;0;0;0;0;0;0;1;2;0;0
"14/06/2023";"07:22:00";"267";"ac02 - Aci";"184";"BR-116/RJ";"Norte";"Colisão lateral no mesmo sentido";1;0;0;1;0;0;0;0;0;0;1;0;1;1;0
"14/06/2023";"10:23:00";"296";"ac03 - Aci";"213";"BR-116/RJ";"Sul";"Colisão Traseira";2;0;0;0;0;0;0;0;0;0;2;0;0;0;0
"15/06/2023";"03:15:00";"21";"ac03 - Aci";"482.537";"BR-116/MG";"Sul";"Atropelamento de Animal";1;0;0;0;0;0;0;0;0;0;1;0;0;0;0
"15/06/2023";"06:18:00";"29";"ac02 - Aci";"21.3";"BR-493/RJ";"Sul";"Queda de Moto";0;0;0;1;0;0;0;0;0;0;0;1;0;0;0
"15/06/2023";"10:38:00";"149";"ac02 - Aci";"7.5";"BR-465/RJ";"Sul";"Queda de Ciclista";0;1;0;0;0;0;0;0;0;0;0;1;0;0;0
"15/06/2023";"11:33:00";"160";"ac02 - Aci";"210.258";"BR-116/RJ";"Norte";"Colisão lateral no mesmo sentido";0;0;0;1;0;0;0;0;0;1;1;0;1;0;0
"15/06/2023";"04:15:00";"216";"ac03 - Aci";"176.392";"BR-116/RJ";"Sul";"Colisão Traseira";1;0;0;0;0;0;0;0;0;1;2;0;0;0;0
"15/06/2023";"05:33:00";"236";"ac03 - Aci";"127.246";"BR-116/RJ";"Sul";"Colisão lateral no mesmo sentido";1;0;0;0;0;1;0;0;0;0;3;0;0;0;0
"15/06/2023";"06:39:00";"244";"ac03 - Aci";"612";"BR-116/MG";"Norte";"Colisão lateral no sentido contrário";2;0;1;0;0;0;0;0;0;0;4;0;0;0;0
"15/06/2023";"07:16:00";"255";"ac03 - Aci";"517";"BR-116/MG";"Norte";"Colisão Traseira";2;0;0;0;0;0;0;0;0;0;2;0;0;0;0
"15/06/2023";"07:35:00";"261";"ac03 - Aci";"180.9";"BR-116/RJ";"Norte";"Colisão Traseira";0;0;0;1;0;0;0;0;0;1;2;0;0;0;0
"16/06/2023";"06:14:00";"11";"ac02 - Aci";"148.3";"BR-116/RJ";"Sul";"Queda de Moto";0;0;0;1;0;0;0;0;0;0;0;2;0;0;0
"16/06/2023";"06:39:00";"19";"ac03 - Aci";"137.95";"BR-116/RJ";"Sul";"Colisão lateral no mesmo sentido";1;0;0;0;0;1;0;0;0;0;2;0;0;0;0
"16/06/2023";"06:57:00";"25";"ac03 - Aci";"717";"BR-116/MG";"Sul";"Choque - Canaleta";1;0;0;0;0;0;0;0;0;0;1;0;0;0;0
"16/06/2023";"09:19:00";"89";"ac02 - Aci";"174.166";"BR-116/RJ";"Norte";"Engavetamento";2;0;1;0;0;0;0;0;0;0;3;1;0;0;0
"16/06/2023";"11:25:00";"135";"ac02 - Aci";"177.5";"BR-116/RJ";"Sul";"Colisão lateral no mesmo sentido";1;0;1;0;0;0;0;0;0;0;1;0;1;0;0
"16/06/2023";"12:16:00";"148";"ac03 - Aci";"139.617";"BR-116/RJ";"Sul";"Colisão lateral no mesmo sentido";1;0;1;0;0;0;0;0;0;0;2;0;0;0;0
"16/06/2023";"02:31:00";"172";"ac03 - Aci";"752";"BR-116/MG";"Norte";"Choque - Caixa de Captação/Fibra";0;0;0;0;1;0;0;0;0;0;8;0;0;0;0
"16/06/2023";"05:08:00";"198";"ac02 - Aci";"183.86";"BR-116/RJ";"Sul";"Colisão Traseira";0;0;0;2;0;0;0;0;0;0;1;2;0;0;0
"16/06/2023";"06:01:00";"212";"ac02 - Aci";"534";"BR-116/MG";"Sul";"Colisão Traseira";1;0;0;1;0;0;0;0;0;0;1;1;0;0;0
"16/06/2023";"07:25:00";"231";"ac03 - Aci";"127";"BR-116/RJ";"Sul";"Colisão lateral no mesmo sentido";2;0;0;0;0;0;0;0;0;0;3;0;0;0;0
"17/06/2023";"02:10:00";"8";"ac03 - Aci";"813";"BR-116/MG";"Norte";"Choque - Meio Fio";1;0;0;0;0;0;0;0;0;0;2;0;0;0;0
"17/06/2023";"04:51:00";"15";"ac03 - Aci";"496.313";"BR-116/MG";"Norte";"Tombamento";0;0;1;0;0;0;0;0;0;0;1;0;0;0;0
"17/06/2023";"07:12:00";"30";"ac03 - Aci";"173.822";"BR-116/RJ";"Norte";"Engavetamento";1;0;2;0;0;0;0;0;0;0;3;0;0;0;0
"17/06/2023";"07:50:00";"48";"ac02 - Aci";"81.1";"BR-116/RJ";"Norte";"Colisão lateral no mesmo sentido";1;0;0;1;0;0;0;0;0;0;1;1;0;0;0
"17/06/2023";"08:41:00";"61";"ac02 - Aci";"100.9";"BR-116/RJ";"Sul";"Colisão Traseira";2;0;0;0;0;0;0;0;0;0;0;2;0;0;0
"17/06/2023";"08:47:00";"64";"ac03 - Aci";"119";"BR-116/RJ";"Norte";"Choque - Defensa metálica";1;0;0;0;0;0;0;0;0;0;1;0;0;0;0
"17/06/2023";"11:53:00";"110";"ac03 - Aci";"652";"BR-116/MG";"Norte";"Colisão Traseira";2;0;0;0;0;0;0;0;0;0;2;0;0;0;0
"17/06/2023";"11:55:00";"109";"ac02 - Aci";"594.667";"BR-116/MG";"Norte";"Colisão Traseira";1;0;1;0;0;0;0;0;0;0;1;1;0;0;0
"17/06/2023";"02:14:00";"125";"ac02 - Aci";"814";"BR-116/MG";"Norte";"Choque - Talude ou Barranco";1;0;0;0;0;0;0;0;0;0;0;2;0;0;0
"17/06/2023";"05:21:00";"157";"ac03 - Aci";"121.609";"BR-116/RJ";"Norte";"Atropelamento de Animal";1;0;0;0;0;0;0;0;0;0;2;0;0;0;0
"17/06/2023";"05:45:00";"166";"ac02 - Aci";"642.105";"BR-116/MG";"Norte";"Colisão Traseira";1;0;0;0;0;1;0;0;0;0;1;3;0;0;0
"17/06/2023";"07:41:00";"179";"ac03 - Aci";"27.288";"BR-116/RJ";"Sul";"Choque - New jersey";1;0;0;0;0;0;0;0;0;0;1;0;0;0;0
"17/06/2023";"07:58:00";"186";"ac02 - Aci";"558.95";"BR-116/MG";"Sul";"Colisão Frontal";1;0;0;1;0;0;0;0;0;0;1;1;0;0;0
"17/06/2023";"08:38:00";"192";"ac03 - Aci";"11.503";"BR-465/RJ";"Sul";"Colisão lateral no sentido contrário";3;0;0;0;0;0;0;0;0;1;4;0;0;0;0
"17/06/2023";"08:58:00";"197";"ac02 - Aci";"3.189";"BR-465/RJ";"Sul";"Colisão lateral no mesmo sentido";1;0;0;1;0;0;0;0;0;0;0;2;0;0;0
"17/06/2023";"11:36:00";"213";"ac03 - Aci";"515.165";"BR-116/MG";"Sul";"Capotamento";1;0;0;0;0;0;0;0;0;0;1;0;0;0;0
"18/06/2023";"12:07:00";"1";"ac02 - Aci";"421.64";"BR-116/MG";"Norte";"Queda de Moto";0;0;0;1;0;0;0;0;0;0;0;0;1;0;0
"18/06/2023";"01:22:00";"5";"ac02 - Aci";"411.88";"BR-116/MG";"Sul";"Colisão Frontal";0;0;0;1;0;1;0;0;0;0;1;0;1;0;0
"18/06/2023";"01:58:00";"11";"ac02 - Aci";"177";"BR-116/RJ";"Sul";"Colisão lateral no mesmo sentido";1;0;0;1;0;0;0;0;0;0;1;1;0;0;0
"18/06/2023";"02:27:00";"13";"ac02 - Aci";"533";"BR-116/MG";"Sul";"Choque - Arvore";1;0;0;0;0;0;0;0;0;0;0;0;1;0;0
"18/06/2023";"02:45:00";"15";"ac03 - Aci";"100.681";"BR-116/RJ";"Norte";"Choque - Canaleta";1;0;0;0;0;0;0;0;0;0;1;0;0;0;0
"18/06/2023";"04:20:00";"22";"ac02 - Aci";"700.5";"BR-116/MG";"Sul";"Choque - Sinalização";0;0;0;1;0;0;0;0;0;0;0;1;0;0;0
"18/06/2023";"04:25:00";"18";"ac03 - Aci";"455.623";"BR-116/MG";"Norte";"Colisão Frontal";2;0;0;0;0;0;0;0;0;0;2;0;0;0;0
"18/06/2023";"05:14:00";"24";"ac02 - Aci";"58.748";"BR-116/RJ";"Sul";"Atropelamento - Pedestre";1;0;0;0;0;0;0;0;0;0;0;2;1;0;0