data;horario;n_da_ocorrencia;tipo_de_ocorrencia;km;trecho;sentido;tipo_de_acidente;automovel;bicicleta;caminhao;moto;onibus;outros;tracao_animal;transporte_de_cargas_especiais;trator_maquinas;utilitarios;ilesos;levemente_feridos;moderadamente_feridos;gravemente_feridos;mortos
"18/06/2023";"05:21:00";"25";"ac03 - Aci";"644";"BR-116/MG";"Sul";"Choque - Sinalização";1;0;0;0;0;0;0;0;0;0;1;0;0;0;0
"18/06/2023";"05:38:00";"26";"ac02 - Aci";"507.4";"BR-116/MG";"Norte";"Queda de Moto";0;0;0;1;0;0;0;0;0;0;0;0;1;0;0
"18/06/2023";"08:13:00";"58";"ac03 - Aci";"17";"BR-116/RJ";"Sul";"Saida de Pista";1;0;0;0;0;0;0;0;0;0;1;0;0;0;0
"18/06/2023";"10:20:00";"85";"ac02 - Aci";"776.685";"BR-116/MG";"Norte";"Capotamento";0;0;1;0;0;0;0;0;0;0;0;0;1;0;0
"18/06/2023";"10:22:00";"86";"ac02 - Aci";"18.998";"BR-493/RJ";"Sul";"Colisão lateral no sentido contrário";2;0;0;0;0;0;0;0;0;0;0;4;1;0;0
"18/06/2023";"10:54:00";"91";"ac03 - Aci";"801";"BR-116/MG";"Sul";"Colisão Traseira";1;0;0;1;0;0;0;0;0;0;2;0;0;0;0
"18/06/2023";"12:15:00";"102";"ac02 - Aci";"19.36";"BR-116/RJ";"Norte";"Colisão lateral no sentido contrário";1;0;0;1;0;0;0;0;0;0;1;1;0;0;0
"18/06/2023";"01:23:00";"117";"ac03 - Aci";"196.18";"BR-116/RJ";"Sul";"Colisão Frontal";2;0;0;0;0;0;0;0;0;0;4;0;0;0;0
"18/06/2023";"01:24:00";"118";"ac02 - Aci";"174.7";"BR-116/RJ";"Norte";"Queda de Moto";0;0;0;1;0;0;0;0;0;0;1;0;1;0;0
"18/06/2023";"03:25:00";"141";"ac02 - Aci";"479";"BR-116/MG";"Norte";"Colisão lateral no sentido contrário";0;0;0;2;0;0;0;0;0;0;1;0;1;0;0
"18/06/2023";"06:04:00";"171";"ac03 - Aci";"103.5";"BR-116/RJ";"Sul";"Choque - Meio Fio";1;0;0;0;0;0;0;0;0;0;1;0;0;0;0
"18/06/2023";"06:05:00";"172";"ac02 - Aci";"13";"BR-465/RJ";"Norte";"Colisão lateral no sentido contrário";1;0;0;1;0;0;0;0;0;0;1;0;1;0;0
"18/06/2023";"06:43:00";"182";"ac02 - Aci";"72.85";"BR-116/RJ";"Norte";"Atropelamento - Pedestre";1;0;0;0;0;0;0;0;0;0;1;0;0;1;0
"19/06/2023";"12:07:00";"4";"ac02 - Aci";"185.501";"BR-116/RJ";"Sul";"Choque - New jersey";1;0;0;0;0;0;0;0;0;0;0;1;0;0;0
"19/06/2023";"02:12:00";"13";"ac02 - Aci";"172";"BR-116/RJ";"Sul";"Choque - New jersey";1;0;0;0;0;0;0;0;0;0;0;1;0;0;0
"19/06/2023";"04:59:00";"23";"ac02 - Aci";"203.114";"BR-116/RJ";"Norte";"Colisão Traseira";0;0;2;0;0;0;0;0;0;0;2;0;0;1;0
"19/06/2023";"08:23:00";"56";"ac02 - Aci";"549.353";"BR-116/MG";"Norte";"Capotamento";1;0;0;0;0;0;0;0;0;0;1;1;0;0;0
"19/06/2023";"09:27:00";"72";"ac02 - Aci";"770.959";"BR-116/MG";"Norte";"Tombamento";0;0;1;0;0;0;0;0;0;0;0;0;1;0;0
"19/06/2023";"11:04:00";"98";"ac02 - Aci";"5.109";"BR-465/RJ";"Sul";"Atropelamento - Pedestre";0;0;0;1;0;0;0;0;0;0;1;1;0;0;0
"19/06/2023";"11:30:00";"113";"ac03 - Aci";"699.688";"BR-116/MG";"Sul";"Colisão Transversal";1;0;0;1;0;0;0;0;0;0;2;0;0;0;0
"19/06/2023";"01:40:00";"149";"ac03 - Aci";"188.962";"BR-116/RJ";"Norte";"Choque - New jersey";0;0;1;0;0;0;0;0;0;0;1;0;0;0;0
"19/06/2023";"03:32:00";"163";"ac02 - Aci";"551.865";"BR-116/MG";"Sul";"Queda de Moto";0;0;0;1;0;0;0;0;0;0;0;1;0;0;0
"19/06/2023";"03:36:00";"165";"ac03 - Aci";"769.061";"BR-116/MG";"Norte";"Colisão Traseira";2;0;0;0;0;0;0;0;0;0;2;0;0;0;0
"19/06/2023";"06:13:00";"197";"ac02 - Aci";"521.21";"BR-116/MG";"Sul";"Colisão lateral no mesmo sentido";1;0;0;1;0;0;0;0;0;0;1;0;1;0;0
"19/06/2023";"07:19:00";"220";"ac03 - Aci";"528.2";"BR-116/MG";"Sul";"Choque - Barreira";0;0;1;0;0;0;0;0;0;0;1;0;0;0;0
"19/06/2023";"11:58:00";"252";"ac03 - Aci";"554";"BR-116/MG";"Norte";"Capotamento";1;0;0;0;0;0;0;0;0;0;1;0;0;0;0
"20/06/2023";"07:26:00";"40";"ac03 - Aci";"413.072";"BR-116/MG";"Norte";"Colisão Traseira";0;0;0;1;0;0;0;0;0;1;2;0;0;0;0
"20/06/2023";"07:29:00";"42";"ac02 - Aci";"204.557";"BR-116/RJ";"Sul";"Queda de Ciclista";0;1;0;0;0;0;0;0;0;0;0;0;1;0;0
"20/06/2023";"08:22:00";"60";"ac03 - Aci";"555.393";"BR-116/MG";"Sul";"Saida de Pista";1;0;0;0;0;0;0;0;0;0;1;0;0;0;0
"20/06/2023";"10:33:00";"112";"ac02 - Aci";"417.329";"BR-116/MG";"Norte";"Colisão lateral no mesmo sentido";0;0;0;2;0;0;0;0;0;0;0;1;2;0;0
"20/06/2023";"11:50:00";"129";"ac03 - Aci";"415.76";"BR-116/MG";"Norte";"Colisão lateral no sentido contrário";1;0;1;0;0;0;0;0;0;0;2;0;0;0;0
"20/06/2023";"12:09:00";"135";"ac02 - Aci";"595.634";"BR-116/MG";"Norte";"Queda de Moto";0;0;0;1;0;0;0;0;0;0;0;1;0;0;0
"20/06/2023";"04:33:00";"197";"ac03 - Aci";"212.948";"BR-116/RJ";"Sul";"Colisão Traseira";1;0;1;0;0;0;0;0;0;0;2;0;0;0;0
"20/06/2023";"05:40:00";"213";"ac03 - Aci";"776";"BR-116/MG";"Norte";"Choque - Talude ou Barranco";0;0;1;0;0;0;0;0;0;0;1;0;0;0;0
"20/06/2023";"05:57:00";"211";"ac03 - Aci";"180.257";"BR-116/RJ";"Norte";"Colisão lateral no mesmo sentido";1;0;0;1;0;0;0;0;0;0;2;0;0;0;0
"20/06/2023";"06:04:00";"212";"ac03 - Aci";"214";"BR-116/RJ";"Sul";"Engavetamento";2;0;1;0;0;0;0;0;0;0;3;0;0;0;0
"20/06/2023";"06:53:00";"228";"ac03 - Aci";"187";"BR-116/RJ";"Norte";"Colisão lateral no mesmo sentido";1;0;0;1;0;0;0;0;0;0;2;0;0;0;0
"20/06/2023";"08:10:00";"243";"ac02 - Aci";"769";"BR-116/MG";"Sul";"Choque - Meio Fio";1;0;0;0;0;0;0;0;0;0;0;1;0;0;0
"20/06/2023";"09:02:00";"251";"ac02 - Aci";"28.7";"BR-116/RJ";"Sul";"Capotamento";1;0;0;0;0;0;0;0;0;0;0;1;0;0;0
"20/06/2023";"10:27:00";"260";"ac02 - Aci";"172";"BR-116/RJ";"Norte";"Colisão lateral no mesmo sentido";1;0;0;1;0;0;0;0;0;0;1;1;0;0;0
"21/06/2023";"01:27:00";"8";"ac02 - Aci";"24.138";"BR-493/RJ";"Sul";"Queda de Moto";0;0;0;1;0;0;0;0;0;0;0;0;2;0;0
"21/06/2023";"08:16:00";"60";"ac02 - Aci";"176.857";"BR-116/RJ";"Norte";"Colisão lateral no mesmo sentido";1;0;0;1;0;0;0;0;0;0;1;0;1;0;0
"21/06/2023";"08:31:00";"67";"ac03 - Aci";"174";"BR-116/RJ";"Norte";"Colisão lateral no mesmo sentido";0;0;1;2;0;0;0;0;0;0;3;0;0;0;0
"21/06/2023";"09:33:00";"116";"ac02 - Aci";"608";"BR-116/MG";"Norte";"Atropelamento - Pedestre";0;0;0;0;0;0;0;0;0;1;1;0;1;0;0
"21/06/2023";"10:01:00";"134";"ac02 - Aci";"119.065";"BR-116/RJ";"Norte";"Queda de Moto";0;0;0;1;0;0;0;0;0;0;0;1;0;0;0
"21/06/2023";"12:08:00";"177";"ac02 - Aci";"575";"BR-116/MG";"Sul";"Queda de Moto";0;0;0;1;0;0;0;0;0;0;0;0;1;0;0
"21/06/2023";"01:13:00";"188";"ac02 - Aci";"75.55";"BR-116/RJ";"Sul";"Colisão lateral no mesmo sentido";0;0;1;1;0;0;0;0;0;0;0;2;1;0;0
"21/06/2023";"01:46:00";"196";"ac01 - Aci";"0.3";"BR-493/RJ";"Norte";"Atropelamento - Pedestre";0;0;1;0;0;0;0;0;0;0;1;0;0;0;1
"21/06/2023";"02:08:00";"200";"ac03 - Aci";"527.14";"BR-116/MG";"Norte";"Colisão Traseira";1;0;1;0;0;0;0;0;0;0;2;0;0;0;0
"21/06/2023";"11:30:00";"301";"ac03 - Aci";"176";"BR-116/RJ";"Norte";"Choque - New jersey";1;0;0;0;0;0;0;0;0;0;1;0;0;0;0
"22/06/2023";"06:09:00";"15";"ac03 - Aci";"454";"BR-116/MG";"Norte";"Queda de Moto";0;0;0;1;0;0;0;0;0;0;1;0;0;0;0
"22/06/2023";"08:28:00";"59";"ac02 - Aci";"144";"BR-116/RJ";"Norte";"Colisão Traseira";1;0;1;0;0;0;0;0;0;0;1;1;0;0;0
"22/06/2023";"12:21:00";"160";"ac03 - Aci";"91";"BR-116/RJ";"Norte";"Choque - New jersey";0;0;1;0;0;0;0;0;0;0;1;0;0;0;0
"22/06/2023";"02:18:00";"177";"ac03 - Aci";"192";"BR-116/RJ";"Norte";"Colisão Traseira";2;0;0;0;0;0;0;0;0;0;2;0;0;0;0
"22/06/2023";"05:40:00";"217";"ac02 - Aci";"704.5";"BR-116/MG";"Sul";"Colisão Frontal";1;0;0;0;0;0;0;0;0;1;1;0;1;0;0
"22/06/2023";"07:11:00";"232";"ac02 - Aci";"113";"BR-116/RJ";"Norte";"Colisão lateral no mesmo sentido";1;0;0;1;0;0;0;0;0;0;1;2;0;0;0
"22/06/2023";"07:14:00";"233";"ac03 - Aci";"795.3";"BR-116/MG";"Norte";"Choque - Meio Fio";1;0;0;0;0;1;0;0;0;0;2;0;0;0;0
"22/06/2023";"07:30:00";"234";"ac02 - Aci";"410";"BR-116/MG";"Norte";"Colisão Transversal";0;1;0;1;0;0;0;0;0;0;1;0;1;0;0
"22/06/2023";"07:41:00";"237";"ac02 - Aci";"182";"BR-116/RJ";"Sul";"Colisão lateral no mesmo sentido";2;0;0;1;0;0;0;0;0;0;2;1;0;0;0
"22/06/2023";"08:50:00";"248";"ac03 - Aci";"701";"BR-116/MG";"Norte";"Atropelamento de Animal";1;0;0;0;0;0;0;0;0;0;1;0;0;0;0
"22/06/2023";"09:12:00";"251";"ac02 - Aci";"593.9";"BR-116/MG";"Norte";"Colisão Frontal";1;0;1;0;0;0;0;0;0;0;1;0;0;1;0
"23/06/2023";"04:23:00";"13";"ac01 - Aci";"196.501";"BR-116/RJ";"Sul";"Colisão lateral no sentido contrário";0;0;2;0;0;0;0;0;0;0;0;0;0;1;1
"23/06/2023";"07:38:00";"41";"ac02 - Aci";"196.499";"BR-116/RJ";"Norte";"Colisão Traseira";2;0;0;0;0;0;0;0;0;0;1;3;0;0;0
"23/06/2023";"08:08:00";"55";"ac03 - Aci";"170.102";"BR-116/RJ";"Norte";"Colisão lateral no mesmo sentido";1;0;0;1;0;0;0;0;0;0;3;0;0;0;0
"23/06/2023";"10:47:00";"109";"ac03 - Aci";"20.451";"BR-465/RJ";"Norte";"Colisão Traseira";1;0;0;1;0;0;0;0;0;0;2;0;0;0;0
"23/06/2023";"11:47:00";"124";"ac03 - Aci";"414.415";"BR-116/MG";"Norte";"Colisão Transversal";1;0;0;1;0;0;0;0;0;0;2;0;0;0;0
"23/06/2023";"11:59:00";"128";"ac02 - Aci";"700.751";"BR-116/MG";"Sul";"Colisão lateral no mesmo sentido";2;0;1;0;0;0;0;0;0;0;1;2;0;0;0
"23/06/2023";"03:22:00";"173";"ac03 - Aci";"524.107";"BR-116/MG";"Norte";"Colisão lateral no mesmo sentido";1;0;0;0;1;0;0;0;0;0;2;0;0;0;0
"23/06/2023";"03:34:00";"175";"ac02 - Aci";"45.443";"BR-116/RJ";"Norte";"Tombamento";0;0;1;0;0;0;0;0;0;0;0;1;0;0;0
"23/06/2023";"03:39:00";"177";"ac02 - Aci";"97.805";"BR-116/RJ";"Norte";"Queda de Moto";0;0;0;1;0;0;0;0;0;0;0;1;0;0;0
"23/06/2023";"04:51:00";"189";"ac02 - Aci";"177.306";"BR-116/RJ";"Norte";"Colisão lateral no mesmo sentido";1;0;0;1;0;0;0;0;0;0;1;0;1;0;0
"23/06/2023";"04:54:00";"190";"ac03 - Aci";"495";"BR-116/MG";"Sul";"Colisão lateral no mesmo sentido";1;0;1;0;0;0;0;0;0;0;2;0;0;0;0
"23/06/2023";"05:25:00";"193";"ac03 - Aci";"24";"BR-116/RJ";"Norte";"Colisão Traseira";2;0;0;0;0;0;0;0;0;0;2;0;0;0;0
"23/06/2023";"05:27:00";"194";"ac02 - Aci";"175";"BR-116/RJ";"Sul";"Queda de Moto";0;0;0;1;0;0;0;0;0;0;0;1;0;0;0
"23/06/2023";"05:34:00";"197";"ac03 - Aci";"800";"BR-116/MG";"Norte";"Colisão lateral no mesmo sentido";1;0;1;0;0;0;0;0;0;0;2;0;0;0;0
"23/06/2023";"05:59:00";"200";"ac02 - Aci";"14.6";"BR-465/RJ";"Sul";"Colisão lateral no sentido contrário";1;0;0;1;0;0;0;0;0;0;1;0;1;0;0
"23/06/2023";"06:47:00";"210";"ac02 - Aci";"183.651";"BR-116/RJ";"Sul";"Colisão Traseira";1;0;0;1;0;0;0;0;0;0;1;1;1;0;0
"23/06/2023";"07:57:00";"227";"ac01 - Aci";"147.98";"BR-116/RJ";"Norte";"Colisão lateral no mesmo sentido";0;0;0;1;0;1;0;0;0;0;2;0;0;0;1
"23/06/2023";"09:37:00";"241";"ac03 - Aci";"573";"BR-116/MG";"Norte";"Atropelamento de Animal";1;0;0;0;0;0;0;0;0;0;1;0;0;0;0
"23/06/2023";"09:37:00";"252";"ac03 - Aci";"573";"BR-116/MG";"Norte";"Atropelamento de Animal";0;0;0;0;0;1;0;0;0;0;1;0;0;0;0
"23/06/2023";"09:41:00";"242";"ac02 - Aci";"413";"BR-116/MG";"Norte";"Colisão lateral no sentido contrário";2;0;0;0;0;0;0;0;0;0;1;0;1;0;0
"23/06/2023";"10:29:00";"251";"ac03 - Aci";"33.9";"BR-116/RJ";"Norte";"Saida de Pista";1;0;0;0;0;0;0;0;0;0;4;0;0;0;0
"23/06/2023";"10:51:00";"253";"ac02 - Aci";"520";"BR-116/MG";"Sul";"Queda de Moto";0;0;0;1;0;0;0;0;0;0;0;0;1;0;0
"24/06/2023";"01:20:00";"2";"ac01 - Aci";"23";"BR-493/RJ";"Norte";"Atropelamento Ciclista";0;1;0;0;0;1;0;0;0;0;1;0;0;0;1
"24/06/2023";"01:59:00";"7";"ac02 - Aci";"25.4";"BR-116/RJ";"Sul";"Queda de Moto";0;0;0;1;0;0;0;0;0;0;0;0;0;1;0
"24/06/2023";"08:41:00";"55";"ac02 - Aci";"146.622";"BR-116/RJ";"Norte";"Atropelamento Ciclista";0;1;0;0;0;1;0;0;0;0;1;0;1;0;0
"24/06/2023";"10:21:00";"81";"ac02 - Aci";"487.097";"BR-116/MG";"Sul";"Tombamento";0;0;1;0;0;0;0;0;0;0;0;1;0;0;0
"24/06/2023";"10:41:00";"89";"ac02 - Aci";"172.742";"BR-116/RJ";"Norte";"Queda de Moto";0;0;0;1;0;1;0;0;0;0;1;1;0;0;0
"24/06/2023";"11:07:00";"96";"ac03 - Aci";"137.921";"BR-116/RJ";"Norte";"Colisão Traseira";1;0;1;0;0;0;0;0;0;0;2;0;0;0;0
"24/06/2023";"11:12:00";"98";"ac03 - Aci";"772.207";"BR-116/MG";"Norte";"Colisão Traseira";2;0;0;0;0;0;0;0;0;0;2;0;0;0;0
"24/06/2023";"11:20:00";"102";"ac02 - Aci";"24.141";"BR-493/RJ";"Sul";"Colisão lateral no mesmo sentido";0;0;0;1;0;1;0;0;0;0;1;1;0;0;0
"24/06/2023";"11:49:00";"117";"ac03 - Aci";"522.787";"BR-116/MG";"Sul";"Colisão lateral no mesmo sentido";1;0;1;0;0;0;0;0;0;0;2;0;0;0;0
"24/06/2023";"12:05:00";"123";"ac02 - Aci";"176.064";"BR-116/RJ";"Norte";"Colisão Traseira";1;0;0;1;0;0;0;0;0;0;1;1;0;0;0
"24/06/2023";"12:33:00";"133";"ac02 - Aci";"6.363";"BR-116/RJ";"Sul";"Capotamento";1;0;1;0;0;0;0;0;0;0;1;3;0;0;0
"24/06/2023";"12:34:00";"135";"ac02 - Aci";"21.046";"BR-465/RJ";"Sul";"Colisão lateral no sentido contrário";1;0;0;1;0;0;0;0;0;0;1;1;0;0;0
"24/06/2023";"03:25:00";"159";"ac02 - Aci";"519.748";"BR-116/MG";"Norte";"Colisão Transversal";1;0;0;1;0;0;0;0;0;0;0;0;3;0;0
"24/06/2023";"05:22:00";"188";"ac02 - Aci";"174.561";"BR-116/RJ";"Norte";"Colisão Traseira";1;0;0;1;0;0;0;0;0;0;1;2;0;0;0
"24/06/2023";"06:07:00";"193";"ac02 - Aci";"412";"BR-116/MG";"Sul";"Colisão Transversal";0;0;0;2;0;0;0;0;0;0;0;0;3;0;0
"24/06/2023";"06:16:00";"195";"ac02 - Aci";"187.5";"BR-116/RJ";"Sul";"Colisão Traseira";0;0;0;1;0;1;0;0;0;0;2;0;0;1;0
"24/06/2023";"06:53:00";"204";"ac01 - Aci";"586";"BR-116/MG";"Norte";"Atropelamento - Pedestre";1;0;0;1;0;0;0;0;0;0;2;0;0;1;1
"24/06/2023";"07:42:00";"220";"ac02 - Aci";"701";"BR-116/MG";"Norte";"Colisão lateral no mesmo sentido";1;0;0;1;0;0;0;0;0;0;1;1;0;0;0
"24/06/2023";"08:09:00";"228";"ac03 - Aci";"176.709";"BR-116/RJ";"Sul";"Colisão Traseira";2;0;0;0;0;0;0;0;0;0;2;0;0;0;0
"24/06/2023";"08:17:00";"230";"ac03 - Aci";"415";"BR-116/MG";"Norte";"Colisão lateral no mesmo sentido";2;0;0;0;0;0;0;0;0;0;2;0;0;0;0
"24/06/2023";"09:06:00";"241";"ac02 - Aci";"176";"BR-116/RJ";"Sul";"Colisão Traseira";1;0;0;1;0;0;0;0;0;0;1;1;0;0;0
"24/06/2023";"09:36:00";"247";"ac03 - Aci";"39";"BR-116/RJ";"Norte";"Atropelamento de Animal";0;0;0;1;0;0;0;0;0;0;1;0;0;0;0
"24/06/2023";"10:07:00";"250";"ac02 - Aci";"24";"BR-493/RJ";"Norte";"Colisão Traseira";2;0;0;0;0;0;0;0;0;0;1;0;1;0;0
"24/06/2023";"10:47:00";"255";"ac03 - Aci";"2.443";"BR-493/RJ";"Norte";"Atropelamento de Animal";1;0;0;0;0;0;0;0;0;0;4;0;0;0;0
"25/06/2023";"01:15:00";"4";"ac03 - Aci";"22.348";"BR-493/RJ";"Norte";"Capotamento";1;0;0;0;0;0;0;0;0;0;1;0;0;0;0
"25/06/2023";"02:20:00";"7";"ac01 - Aci";"768";"BR-116/MG";"Sul";"Queda de Moto";1;0;0;1;0;0;0;0;0;0;1;0;0;0;1
"25/06/2023";"02:35:00";"9";"ac03 - Aci";"202.5";"BR-116/RJ";"Sul";"Choque - Defensa metálica";1;0;0;0;0;0;0;0;0;0;1;0;0;0;0
"25/06/2023";"05:00:00";"20";"ac02 - Aci";"719";"BR-116/MG";"Sul";"Queda de Moto";0;0;0;1;0;0;0;0;0;0;0;2;0;0;0
"25/06/2023";"11:26:00";"100";"ac02 - Aci";"146.798";"BR-116/RJ";"Sul";"Colisão Traseira";2;0;0;1;0;0;0;0;0;0;7;2;0;0;0
"25/06/2023";"02:10:00";"133";"ac03 - Aci";"410.743";"BR-116/MG";"Sul";"Choque - Meio Fio";0;0;0;1;0;0;0;0;0;0;1;0;0;0;0
"25/06/2023";"02:36:00";"138";"ac02 - Aci";"414.415";"BR-116/MG";"Sul";"Colisão Transversal";1;0;0;1;0;0;0;0;0;0;1;1;1;0;0
"25/06/2023";"02:39:00";"139";"ac02 - Aci";"508.748";"BR-116/MG";"Sul";"Colisão Traseira";1;0;0;1;0;0;0;0;0;0;0;2;0;0;0
"25/06/2023";"03:17:00";"146";"ac02 - Aci";"171.537";"BR-116/RJ";"Norte";"Colisão lateral no mesmo sentido";1;0;0;0;1;0;0;0;0;0;1;1;0;0;0
"25/06/2023";"04:51:00";"165";"ac02 - Aci";"762.798";"BR-116/MG";"Norte";"Colisão Traseira";0;0;0;1;0;1;0;0;0;0;2;0;1;0;0
"25/06/2023";"06:07:00";"181";"ac02 - Aci";"584.484";"BR-116/MG";"Norte";"Colisão Frontal";1;0;0;1;0;0;0;0;0;0;1;0;1;0;0
"25/06/2023";"06:07:00";"182";"ac02 - Aci";"115.915";"BR-116/RJ";"Sul";"Colisão lateral no mesmo sentido";1;0;0;1;0;0;0;0;0;0;1;2;0;0;0
"25/06/2023";"06:44:00";"190";"ac03 - Aci";"194.667";"BR-116/RJ";"Norte";"Engavetamento";3;0;0;0;0;0;0;0;0;0;3;0;0;0;0
"25/06/2023";"07:34:00";"201";"ac01 - Aci";"745";"BR-116/MG";"Norte";"Colisão Frontal";1;0;1;0;0;0;0;0;0;0;1;0;0;0;1
"25/06/2023";"07:56:00";"206";"ac02 - Aci";"199.461";"BR-116/RJ";"Norte";"Queda de Moto";0;0;0;1;0;1;0;0;0;0;1;0;1;0;0
"25/06/2023";"08:02:00";"208";"ac03 - Aci";"17.126";"BR-493/RJ";"Sul";"Choque - New jersey";1;0;0;0;0;0;0;0;0;0;1;0;0;0;0
"25/06/2023";"08:31:00";"215";"ac02 - Aci";"200.5";"BR-116/RJ";"Norte";"Colisão Traseira";1;0;0;1;0;0;0;0;0;0;1;1;0;0;0
"25/06/2023";"10:13:00";"224";"ac03 - Aci";"174";"BR-116/RJ";"Sul";"Colisão Traseira";2;0;0;0;0;0;0;0;0;0;2;0;0;0;0
"25/06/2023";"10:23:00";"226";"ac02 - Aci";"108.5";"BR-116/RJ";"Norte";"Queda de Moto";0;0;0;1;0;0;0;0;0;0;0;0;0;1;0
"25/06/2023";"11:19:00";"236";"ac02 - Aci";"616";"BR-116/MG";"Sul";"Capotamento";1;0;0;0;0;0;0;0;0;0;0;0;1;0;0
"25/06/2023";"11:20:00";"237";"ac02 - Aci";"743";"BR-116/MG";"Norte";"Engavetamento";3;0;1;0;0;0;0;0;0;1;4;0;2;1;0
"25/06/2023";"11:58:00";"240";"ac03 - Aci";"172";"BR-116/RJ";"Norte";"Colisão Traseira";2;0;0;0;0;0;0;0;0;0;2;0;0;0;0
"26/06/2023";"04:05:00";"9";"ac01 - Aci";"182.495";"BR-116/RJ";"Sul";"Colisão Frontal";1;0;0;1;0;0;0;0;0;0;1;0;0;0;1
"26/06/2023";"06:14:00";"12";"ac03 - Aci";"202.5";"BR-116/RJ";"Sul";"Colisão lateral no mesmo sentido";2;0;0;0;0;0;0;0;0;0;2;0;0;0;0
"26/06/2023";"07:30:00";"36";"ac03 - Aci";"628";"BR-116/MG";"Norte";"Queda de Moto";0;0;0;1;0;0;0;0;0;0;2;0;0;0;0
"26/06/2023";"08:25:00";"66";"ac02 - Aci";"519.08";"BR-116/MG";"Sul";"Colisão lateral no sentido contrário";0;0;0;1;0;0;0;0;0;1;1;0;1;0;0
"26/06/2023";"08:49:00";"77";"ac02 - Aci";"569.478";"BR-116/MG";"Norte";"Queda de veículo em ribanceira, ponte ou viaduto";1;0;0;0;0;0;0;0;0;0;0;1;0;3;0
"26/06/2023";"03:07:00";"181";"ac02 - Aci";"147";"BR-116/RJ";"Norte";"Colisão Traseira";1;0;1;0;0;0;0;0;0;0;1;1;0;0;0
"26/06/2023";"04:35:00";"200";"ac02 - Aci";"6.108";"BR-493/RJ";"Norte";"Atropelamento Ciclista";1;1;0;0;0;0;0;0;0;0;1;0;2;0;0
"26/06/2023";"05:27:00";"212";"ac03 - Aci";"551";"BR-116/MG";"Sul";"Colisão lateral no mesmo sentido";0;0;1;1;0;0;0;0;0;0;2;0;0;0;0
"26/06/2023";"06:23:00";"229";"ac02 - Aci";"649.2";"BR-116/MG";"Sul";"Colisão Frontal";1;0;0;1;0;0;0;0;0;0;1;1;0;1;0
"26/06/2023";"07:17:00";"242";"ac02 - Aci";"740";"BR-116/MG";"Norte";"Atropelamento de Animal";1;0;0;0;0;0;0;0;0;0;0;2;0;0;0
"27/06/2023";"03:29:00";"14";"ac03 - Aci";"10";"BR-493/RJ";"Sul";"Atropelamento de Animal";0;0;1;0;0;0;0;0;0;0;1;0;0;0;0
"27/06/2023";"06:19:00";"29";"ac03 - Aci";"79";"BR-116/RJ";"Sul";"Saida de Pista";1;0;0;0;0;0;0;0;0;0;1;0;0;0;0
"27/06/2023";"06:40:00";"43";"ac03 - Aci";"184.08";"BR-116/RJ";"Sul";"Engavetamento";2;0;1;0;0;0;0;0;0;0;3;0;0;0;0
"27/06/2023";"07:38:00";"67";"ac02 - Aci";"171.085";"BR-116/RJ";"Norte";"Colisão Traseira";0;0;0;2;0;0;0;0;0;0;1;1;0;0;0
"27/06/2023";"08:19:00";"88";"ac03 - Aci";"748.721";"BR-116/MG";"Sul";"Colisão Traseira";1;0;1;0;0;0;0;0;0;0;2;0;0;0;0
"27/06/2023";"08:21:00";"89";"ac03 - Aci";"5.988";"BR-465/RJ";"Norte";"Colisão lateral no mesmo sentido";0;0;0;2;0;0;0;0;0;0;2;0;0;0;0
"27/06/2023";"10:08:00";"141";"ac03 - Aci";"211";"BR-116/RJ";"Sul";"Saida de Pista";1;0;0;0;0;0;0;0;0;0;1;0;0;0;0
"27/06/2023";"12:15:00";"170";"ac02 - Aci";"413.607";"BR-116/MG";"Norte";"Colisão Traseira";1;0;0;0;0;0;0;0;0;2;3;0;1;0;0
"27/06/2023";"02:22:00";"202";"ac02 - Aci";"183";"BR-116/RJ";"Sul";"Colisão lateral no mesmo sentido";1;0;0;1;0;0;0;0;0;0;1;1;0;0;0
"27/06/2023";"02:45:00";"214";"ac03 - Aci";"87";"BR-116/RJ";"Norte";"Colisão Traseira";2;0;0;0;0;0;0;0;0;0;2;0;0;0;0
"27/06/2023";"05:12:00";"236";"ac02 - Aci";"176";"BR-116/RJ";"Sul";"Colisão Traseira";1;0;1;0;0;0;0;0;0;0;2;1;0;0;0
"27/06/2023";"05:32:00";"239";"ac02 - Aci";"132.072";"BR-116/RJ";"Norte";"Choque - New jersey";1;0;0;0;0;0;0;0;0;0;0;1;0;0;0
"27/06/2023";"07:14:00";"264";"ac02 - Aci";"102.557";"BR-116/RJ";"Sul";"Choque - Canaleta";1;0;0;0;0;0;0;0;0;0;0;0;1;0;0
"27/06/2023";"09:46:00";"295";"ac01 - Aci";"420.89";"BR-116/MG";"Norte";"Colisão Frontal";2;0;0;0;0;0;0;0;0;0;1;0;0;2;1
"28/06/2023";"01:37:00";"7";"ac02 - Aci";"115.8";"BR-116/RJ";"Norte";"Queda de Moto";0;0;0;1;0;0;0;0;0;0;0;1;0;0;0
"28/06/2023";"07:06:00";"29";"ac02 - Aci";"728.755";"BR-116/MG";"Norte";"Choque - Sinalização";1;0;0;0;0;0;0;0;0;0;0;1;1;0;0
"28/06/2023";"07:31:00";"49";"ac03 - Aci";"171.714";"BR-116/RJ";"Norte";"Colisão Traseira";1;0;1;0;0;0;0;0;0;0;2;0;0;0;0
"28/06/2023";"08:38:00";"73";"ac03 - Aci";"193";"BR-116/RJ";"Norte";"Colisão Traseira";0;0;0;0;0;1;0;0;0;1;2;0;0;0;0
"28/06/2023";"09:08:00";"82";"ac03 - Aci";"175.109";"BR-116/RJ";"Sul";"Colisão Traseira";2;0;0;0;0;0;0;0;0;0;2;0;0;0;0
"28/06/2023";"12:21:00";"175";"ac03 - Aci";"137.888";"BR-116/RJ";"Norte";"Colisão lateral no mesmo sentido";0;0;1;0;1;0;0;0;0;0;2;0;0;0;0
"28/06/2023";"12:32:00";"178";"ac02 - Aci";"188.128";"BR-116/RJ";"Sul";"Choque - Objeto na Pista";0;0;1;1;0;0;0;0;0;0;1;1;0;0;0