data;horario;n_da_ocorrencia;tipo_de_ocorrencia;km;trecho;sentido;tipo_de_acidente;automovel;bicicleta;caminhao;moto;onibus;outros;tracao_animal;transporte_de_cargas_especiais;trator_maquinas;utilitarios;ilesos;levemente_feridos;moderadamente_feridos;gravemente_feridos;mortos
"28/06/2023";"01:22:00";"187";"ac02 - Aci";"696.891";"BR-116/MG";"Norte";"Queda de Moto";0;0;0;1;0;0;0;0;0;0;0;0;2;0;0
"28/06/2023";"01:38:00";"191";"ac02 - Aci";"578.767";"BR-116/MG";"Sul";"Colisão Traseira";1;0;0;1;0;0;0;0;0;0;1;0;1;1;0
"28/06/2023";"03:38:00";"209";"ac03 - Aci";"617.668";"BR-116/MG";"Norte";"Tombamento";1;0;0;0;0;0;0;0;0;0;1;0;0;0;0
"28/06/2023";"06:01:00";"247";"ac02 - Aci";"573";"BR-116/MG";"Sul";"Atropelamento - Pedestre";0;0;0;1;0;0;0;0;0;0;1;0;1;1;0
"28/06/2023";"06:50:00";"259";"ac03 - Aci";"213";"BR-116/RJ";"Sul";"Colisão lateral no mesmo sentido";1;0;0;1;0;0;0;0;0;0;2;0;0;0;0
"28/06/2023";"07:06:00";"266";"ac03 - Aci";"622";"BR-116/MG";"Sul";"Colisão Traseira";1;0;1;0;0;0;0;0;0;0;2;0;0;0;0
"28/06/2023";"07:49:00";"274";"ac03 - Aci";"17.439";"BR-465/RJ";"Sul";"Colisão Traseira";2;0;0;0;0;0;0;0;0;0;2;0;0;0;0
"28/06/2023";"08:00:00";"276";"ac02 - Aci";"181";"BR-116/RJ";"Norte";"Queda de Moto";0;0;0;1;0;0;0;0;0;0;0;2;0;0;0
"28/06/2023";"10:36:00";"303";"ac03 - Aci";"69";"BR-116/RJ";"Norte";"Choque - Meio Fio";1;0;0;0;0;0;0;0;0;0;1;0;0;0;0
"29/06/2023";"01:08:00";"6";"ac03 - Aci";"143.492";"BR-116/RJ";"Norte";"Choque - Defensa metálica";1;0;0;0;0;0;0;0;0;0;1;0;0;0;0
"29/06/2023";"02:00:00";"9";"ac02 - Aci";"412.31";"BR-116/MG";"Sul";"Queda de Moto";0;0;0;1;0;0;0;0;0;0;0;0;1;0;0
"29/06/2023";"08:35:00";"73";"ac03 - Aci";"170.171";"BR-116/RJ";"Sul";"Choque - New jersey";1;0;0;0;0;0;0;0;0;0;1;0;0;0;0
"29/06/2023";"01:04:00";"156";"ac02 - Aci";"654.158";"BR-116/MG";"Norte";"Colisão Traseira";1;0;0;1;0;0;0;0;0;0;1;0;1;0;0
"29/06/2023";"07:07:00";"227";"ac01 - Aci";"24.84";"BR-493/RJ";"Norte";"Atropelamento Ciclista";0;1;1;0;0;0;0;0;0;0;1;0;0;0;1
"29/06/2023";"07:47:00";"236";"ac02 - Aci";"47.335";"BR-116/RJ";"Sul";"Colisão Traseira";2;0;1;0;0;0;0;0;0;0;0;7;0;0;0
"29/06/2023";"09:20:00";"253";"ac03 - Aci";"769";"BR-116/MG";"Norte";"Atropelamento de Animal";1;0;0;0;0;0;0;0;0;0;2;0;0;0;0
"29/06/2023";"09:20:00";"254";"ac03 - Aci";"692";"BR-116/MG";"Sul";"Colisão lateral no sentido contrário";1;0;0;1;0;0;0;0;0;0;2;0;0;0;0
"29/06/2023";"10:35:00";"261";"ac02 - Aci";"129";"BR-116/RJ";"Sul";"Choque - Talude ou Barranco";1;0;0;0;0;0;0;0;0;0;0;1;1;0;0
"29/06/2023";"10:50:00";"265";"ac03 - Aci";"181";"BR-116/RJ";"Norte";"Colisão lateral no mesmo sentido";1;0;1;0;0;0;0;0;0;0;2;0;0;0;0
"29/06/2023";"11:43:00";"271";"ac03 - Aci";"2.8";"BR-465/RJ";"Sul";"Atropelamento de Animal";0;0;1;0;0;0;0;0;0;0;1;0;0;0;0
"30/06/2023";"05:59:00";"13";"ac02 - Aci";"100.033";"BR-116/RJ";"Sul";"Choque - Elemento de Drenagem";1;0;0;0;0;0;0;0;0;0;0;1;0;0;0
"30/06/2023";"08:08:00";"55";"ac03 - Aci";"173.272";"BR-116/RJ";"Norte";"Colisão Traseira";2;0;0;0;0;0;0;0;0;0;2;0;0;0;0
"30/06/2023";"09:08:00";"86";"ac03 - Aci";"485";"BR-116/MG";"Sul";"Colisão Traseira";2;0;0;0;0;0;0;0;0;0;2;0;0;0;0
"30/06/2023";"10:24:00";"110";"ac02 - Aci";"676.8";"BR-116/MG";"Norte";"Engavetamento";2;0;0;0;0;0;0;0;0;2;3;0;2;0;0
"30/06/2023";"10:36:00";"127";"ac03 - Aci";"521.82";"BR-116/MG";"Norte";"Colisão Traseira";1;0;0;0;0;1;0;0;0;0;2;0;0;0;0
"30/06/2023";"02:54:00";"159";"ac02 - Aci";"680.685";"BR-116/MG";"Sul";"Capotamento";1;0;0;0;0;0;0;0;0;0;0;1;1;0;0
"30/06/2023";"06:14:00";"199";"ac02 - Aci";"453.7";"BR-116/MG";"Norte";"Colisão Transversal";1;0;1;0;0;0;0;0;0;0;1;1;0;1;0
"30/06/2023";"07:19:00";"210";"ac03 - Aci";"104.475";"BR-116/RJ";"Norte";"Choque - Canaleta";1;0;0;0;0;0;0;0;0;0;2;0;0;0;0
"30/06/2023";"07:34:00";"217";"ac02 - Aci";"179";"BR-116/RJ";"Norte";"Queda de Moto";0;0;0;1;0;0;0;0;0;0;1;1;0;0;0
"30/06/2023";"09:03:00";"241";"ac02 - Aci";"585";"BR-116/MG";"Norte";"Capotamento";1;0;0;0;0;0;0;0;0;0;0;1;0;0;0
"01/07/2023";"12:52:00";"10";"ac02-Acide";"89.577";"BR-116/RJ";"Sul";"Choque - New jersey";1;0;0;0;0;0;0;0;0;0;0;2;0;0;0
"01/07/2023";"09:17:00";"78";"ac02-Acide";"20.631";"BR-465/RJ";"Norte";"Colisão lateral no sentido contrário";1;0;0;1;0;0;0;0;0;0;1;1;0;0;0
"01/07/2023";"09:54:00";"97";"ac03-Acide";"674.706";"BR-116/MG";"Sul";"Capotamento";1;0;0;0;0;0;0;0;0;0;1;0;0;0;0
"01/07/2023";"12:12:00";"126";"ac02-Acide";"92.992";"BR-116/RJ";"Norte";"Colisão lateral no mesmo sentido";1;0;0;1;0;0;0;0;0;0;1;0;1;0;0
"01/07/2023";"02:40:00";"150";"ac03-Acide";"709.735";"BR-116/MG";"Sul";"Tombamento";0;0;1;0;0;0;0;0;0;0;1;0;0;0;0
"01/07/2023";"02:40:00";"149";"ac02-Acide";"52.996";"BR-116/RJ";"Sul";"Capotamento";1;0;0;0;0;0;0;0;0;0;0;0;1;0;0
"01/07/2023";"02:51:00";"155";"ac02-Acide";"2.745";"BR-465/RJ";"Sul";"Colisão Transversal";2;0;0;0;0;0;0;0;0;0;2;1;0;0;0
"01/07/2023";"07:05:00";"202";"ac03-Acide";"53.911";"BR-493/RJ";"Norte";"Atropelamento de Animal";0;0;1;0;0;0;0;0;0;0;1;0;0;0;0
"01/07/2023";"08:53:00";"217";"ac02-Acide";"70.217";"BR-493/RJ";"Sul";"Atropelamento de Animal";1;0;0;0;0;0;0;0;0;0;0;2;0;0;0
"01/07/2023";"09:26:00";"223";"ac02-Acide";"553";"BR-116/MG";"Norte";"Choque - Sinalização";0;0;0;1;0;0;0;0;0;0;0;0;1;0;0
"01/07/2023";"09:35:00";"225";"ac02-Acide";"14.725";"BR-465/RJ";"Norte";"Atropelamento - Pedestre";0;0;0;1;0;0;0;0;0;0;0;1;1;0;0
"01/07/2023";"10:31:00";"230";"ac02-Acide";"51.9";"BR-493/RJ";"Sul";"Colisão Traseira";2;0;0;0;0;0;0;0;0;0;1;4;0;0;0
"02/07/2023";"02:07:00";"12";"ac02-Acide";"128.243";"BR-116/RJ";"Norte";"Choque - Defensa metálica";1;0;0;0;0;0;0;0;0;0;0;1;0;0;0
"02/07/2023";"06:45:00";"30";"ac02-Acide";"440.35";"BR-116/MG";"Norte";"Choque - Arvore";1;0;0;0;0;0;0;0;0;0;0;1;2;0;0
"02/07/2023";"07:15:00";"35";"ac03-Acide";"671";"BR-116/MG";"Sul";"Colisão Traseira";1;0;0;0;0;0;0;0;0;1;2;0;0;0;0
"02/07/2023";"08:05:00";"48";"ac03-Acide";"625.863";"BR-116/MG";"Sul";"Choque - Barreira";0;0;0;0;0;0;0;0;0;1;1;0;0;0;0
"02/07/2023";"08:36:00";"54";"ac02-Acide";"169.8";"BR-116/RJ";"Sul";"Queda de Moto";0;0;0;1;0;0;0;0;0;0;0;2;0;0;0
"02/07/2023";"09:28:00";"66";"ac02-Acide";"171.094";"BR-116/RJ";"Sul";"Choque - Poste";1;0;0;0;0;0;0;0;0;0;0;1;0;0;0
"02/07/2023";"09:34:00";"62";"ac02-Acide";"98.9";"BR-493/RJ";"Sul";"Colisão lateral no sentido contrário";1;0;0;1;0;0;0;0;0;0;2;1;0;0;0
"02/07/2023";"10:06:00";"67";"ac03-Acide";"502.275";"BR-116/MG";"Norte";"Saida de Pista";1;0;0;0;0;0;0;0;0;0;1;0;0;0;0
"02/07/2023";"11:22:00";"80";"ac02-Acide";"1";"BR-465/RJ";"Norte";"Colisão lateral no mesmo sentido";1;1;0;0;0;0;0;0;0;0;0;1;0;0;0
"02/07/2023";"01:59:00";"102";"ac03-Acide";"211";"BR-116/RJ";"Norte";"Colisão Traseira";2;0;0;0;0;0;0;0;0;0;2;0;0;0;0
"02/07/2023";"02:38:00";"110";"ac03-Acide";"696.358";"BR-116/MG";"Sul";"Colisão Traseira";2;0;0;0;0;0;0;0;0;0;2;0;0;0;0
"02/07/2023";"04:00:00";"122";"ac02-Acide";"148.33";"BR-116/RJ";"Sul";"Colisão lateral no mesmo sentido";0;0;0;1;0;1;0;0;0;0;0;2;0;0;0
"02/07/2023";"05:03:00";"132";"ac02-Acide";"421.811";"BR-116/MG";"Norte";"Colisão Frontal";2;0;0;0;0;0;0;0;0;0;0;1;2;0;0
"02/07/2023";"05:26:00";"137";"ac03-Acide";"61.897";"BR-116/RJ";"Sul";"Capotamento";1;0;0;0;0;0;0;0;0;0;1;0;0;0;0
"02/07/2023";"05:48:00";"139";"ac03-Acide";"182";"BR-116/RJ";"Sul";"Colisão Traseira";2;0;0;0;0;0;0;0;0;0;3;0;0;0;0
"02/07/2023";"06:41:00";"154";"ac03-Acide";"187.786";"BR-116/RJ";"Norte";"Engavetamento";3;0;0;0;0;0;0;0;0;0;4;0;0;0;0
"02/07/2023";"07:27:00";"162";"ac02-Acide";"609";"BR-116/MG";"Sul";"Colisão Traseira";1;0;0;1;0;0;0;0;0;0;1;2;0;0;0
"02/07/2023";"07:30:00";"163";"ac02-Acide";"148";"BR-116/RJ";"Sul";"Engavetamento";5;0;0;0;0;0;0;0;0;0;4;1;0;0;0
"02/07/2023";"09:26:00";"179";"ac03-Acide";"127";"BR-116/RJ";"Sul";"Choque - Defensa metálica";1;0;0;0;0;0;0;0;0;0;1;0;0;0;0
"02/07/2023";"11:09:00";"191";"ac02-Acide";"137.795";"BR-116/RJ";"Sul";"Choque - Praça";1;0;0;0;0;0;0;0;0;0;0;3;0;0;0
"02/07/2023";"11:37:00";"194";"ac03-Acide";"198.104";"BR-116/RJ";"Sul";"Atropelamento de Animal";1;0;0;0;0;0;0;0;0;0;2;0;0;0;0
"03/07/2023";"12:05:00";"1";"ac03-Acide";"199.086";"BR-116/RJ";"Norte";"Choque - Meio Fio";1;0;0;0;0;0;0;0;0;0;2;0;0;0;0
"03/07/2023";"03:54:00";"15";"ac02-Acide";"175";"BR-116/RJ";"Norte";"Choque - New jersey";1;0;0;0;0;0;0;0;0;0;0;0;1;0;0
"03/07/2023";"05:42:00";"21";"ac02-Acide";"20.537";"BR-465/RJ";"Norte";"Queda de Moto";0;0;0;1;0;1;0;0;0;0;0;1;0;0;0
"03/07/2023";"06:11:00";"22";"ac02-Acide";"82.759";"BR-116/RJ";"Sul";"Atropelamento - Pedestre";0;0;0;1;0;0;0;0;0;0;1;1;0;0;0
"03/07/2023";"06:25:00";"23";"ac03-Acide";"175.558";"BR-116/RJ";"Norte";"Engavetamento";2;0;1;0;0;0;0;0;0;0;3;0;0;0;0
"03/07/2023";"07:26:00";"33";"ac02-Acide";"781.621";"BR-116/MG";"Sul";"Tombamento";0;0;1;0;0;0;0;0;0;0;0;0;1;0;0
"03/07/2023";"12:44:00";"133";"ac01-Acide";"614.916";"BR-116/MG";"Sul";"Atropelamento Ciclista";1;1;0;0;0;0;0;0;0;0;0;1;0;0;1
"03/07/2023";"01:40:00";"152";"ac02-Acide";"14.073";"BR-116/RJ";"Sul";"Queda de veículo em ribanceira, ponte ou viaduto";1;0;0;0;0;0;0;0;0;0;0;0;2;0;0
"03/07/2023";"05:35:00";"200";"ac03-Acide";"513";"BR-116/MG";"Norte";"Colisão lateral no sentido contrário";1;0;1;0;0;0;0;0;0;0;2;0;0;0;0
"03/07/2023";"06:41:00";"213";"ac03-Acide";"3";"BR-493/RJ";"Norte";"Colisão Traseira";1;0;1;0;0;0;0;0;0;0;4;0;0;0;0
"03/07/2023";"08:44:00";"240";"ac03-Acide";"3.038";"BR-465/RJ";"Norte";"Choque - Meio Fio";1;0;0;0;0;0;0;0;0;0;2;0;0;0;0
"03/07/2023";"09:14:00";"244";"ac02-Acide";"417.1";"BR-116/MG";"Norte";"Queda de Moto";0;0;0;1;0;0;0;0;0;0;0;1;0;0;0
"03/07/2023";"10:47:00";"254";"ac03-Acide";"4";"BR-465/RJ";"Norte";"Queda de Moto";0;0;0;1;0;0;0;0;0;0;1;0;0;0;0
"03/07/2023";"11:30:00";"258";"ac03-Acide";"73.1";"BR-493/RJ";"Norte";"Choque - Canaleta";1;0;0;0;0;0;0;0;0;0;2;0;0;0;0
"04/07/2023";"06:10:00";"20";"ac03-Acide";"113.523";"BR-116/RJ";"Sul";"Atropelamento de Animal";1;0;0;0;0;0;0;0;0;0;1;0;0;0;0
"04/07/2023";"08:08:00";"69";"ac03-Acide";"2.538";"BR-465/RJ";"Sul";"Colisão Traseira";2;0;0;0;0;0;0;0;0;0;2;0;0;0;0
"04/07/2023";"11:22:00";"118";"ac02-Acide";"52.305";"BR-493/RJ";"Sul";"Colisão lateral no mesmo sentido";1;0;1;0;0;0;0;0;0;0;1;0;2;2;0
"04/07/2023";"04:45:00";"163";"ac03-Acide";"594.5";"BR-116/MG";"Sul";"Colisão Traseira";1;0;1;0;0;1;0;0;0;0;2;0;0;0;0
"04/07/2023";"04:50:00";"164";"ac03-Acide";"68.221";"BR-493/RJ";"Norte";"Choque - Canaleta";1;0;0;0;0;0;0;0;0;0;1;0;0;0;0
"04/07/2023";"05:32:00";"171";"ac03-Acide";"169";"BR-116/RJ";"Sul";"Engavetamento";1;0;1;0;0;0;0;0;0;1;4;0;0;0;0
"04/07/2023";"05:37:00";"173";"ac02-Acide";"699.805";"BR-116/MG";"Sul";"Colisão Traseira";2;0;0;0;0;0;0;0;0;0;1;0;1;0;0
"04/07/2023";"06:17:00";"179";"ac02-Acide";"441.5";"BR-116/MG";"Sul";"Queda de Moto";0;0;0;1;0;0;0;0;0;0;0;0;1;0;0
"04/07/2023";"06:23:00";"180";"ac02-Acide";"176";"BR-116/RJ";"Sul";"Queda de Moto";0;0;0;1;0;0;0;0;0;0;0;2;0;0;0
"04/07/2023";"06:40:00";"182";"ac03-Acide";"499";"BR-116/MG";"Sul";"Colisão Frontal";0;0;2;0;0;0;0;0;0;0;1;0;0;0;0
"04/07/2023";"06:43:00";"183";"ac02-Acide";"517";"BR-116/MG";"Norte";"Colisão Traseira";2;0;0;0;0;0;0;0;0;0;1;2;0;0;0
"04/07/2023";"07:16:00";"188";"ac02-Acide";"106.5";"BR-116/RJ";"Norte";"Colisão lateral no sentido contrário";0;0;1;1;0;0;0;0;0;0;1;0;0;2;0
"04/07/2023";"10:41:00";"216";"ac02-Acide";"584";"BR-116/MG";"Norte";"Queda de Moto";0;0;0;1;0;0;0;0;0;0;0;0;1;0;0
"04/07/2023";"10:54:00";"220";"ac03-Acide";"179.98";"BR-116/RJ";"Sul";"Choque - New jersey";1;0;0;0;0;0;0;0;0;0;1;0;0;0;0
"04/07/2023";"11:21:00";"222";"ac03-Acide";"201";"BR-116/RJ";"Sul";"Choque - Defensa metálica";1;0;0;0;0;0;0;0;0;0;2;0;0;0;0
"05/07/2023";"12:45:00";"3";"ac02-Acide";"584";"BR-116/MG";"Norte";"Colisão Transversal";1;0;0;1;0;0;0;0;0;0;1;0;1;0;0
"05/07/2023";"05:27:00";"16";"ac02-Acide";"182.7";"BR-116/RJ";"Norte";"Colisão Traseira";1;0;0;1;0;0;0;0;0;0;1;0;1;0;0
"05/07/2023";"07:02:00";"32";"ac02-Acide";"184";"BR-116/RJ";"Norte";"Engavetamento";3;0;0;0;0;0;0;0;0;0;0;3;0;0;0
"05/07/2023";"07:18:00";"38";"ac02-Acide";"173.864";"BR-116/RJ";"Norte";"Queda de Moto";0;0;0;1;0;0;0;0;0;0;0;1;0;0;0
"05/07/2023";"08:36:00";"59";"ac01-Acide";"181.359";"BR-116/RJ";"Sul";"Colisão Traseira";1;0;1;0;0;0;0;0;0;0;1;0;0;0;1
"05/07/2023";"09:47:00";"90";"ac03-Acide";"3.796";"BR-493/RJ";"Sul";"Tombamento";0;0;1;0;0;0;0;0;0;0;2;0;0;0;0
"05/07/2023";"09:49:00";"89";"ac02-Acide";"443.09";"BR-116/MG";"Norte";"Saida de Pista";1;0;0;0;0;0;0;0;0;0;0;2;0;0;0
"05/07/2023";"11:19:00";"141";"ac03-Acide";"526";"BR-116/MG";"Norte";"Engavetamento";2;0;1;0;0;0;0;0;0;0;3;0;0;0;0
"05/07/2023";"02:03:00";"171";"ac03-Acide";"741";"BR-116/MG";"Norte";"Colisão Traseira";2;0;0;0;0;0;0;0;0;0;2;0;0;0;0
"05/07/2023";"04:14:00";"201";"ac02-Acide";"209";"BR-116/RJ";"Norte";"Colisão lateral no mesmo sentido";1;0;0;1;0;0;0;0;0;0;1;1;0;0;0
"05/07/2023";"05:12:00";"213";"ac02-Acide";"412";"BR-116/MG";"Norte";"Colisão Transversal";1;0;0;1;0;0;0;0;0;0;1;1;0;0;0
"05/07/2023";"05:19:00";"215";"ac03-Acide";"177";"BR-116/RJ";"Sul";"Engavetamento";2;0;0;0;0;3;0;0;0;0;2;0;0;0;0
"05/07/2023";"06:33:00";"225";"ac03-Acide";"172";"BR-116/RJ";"Sul";"Engavetamento";3;0;0;0;0;0;0;0;0;0;3;0;0;0;0
"05/07/2023";"07:48:00";"243";"ac02-Acide";"57.431";"BR-493/RJ";"Sul";"Colisão lateral no mesmo sentido";2;0;0;0;0;0;0;0;0;0;2;2;0;0;0
"05/07/2023";"07:51:00";"244";"ac02-Acide";"412.4";"BR-116/MG";"Norte";"Colisão Transversal";1;0;0;1;0;0;0;0;0;0;1;0;1;0;0
"05/07/2023";"10:26:00";"269";"ac02-Acide";"15";"BR-465/RJ";"Norte";"Queda de Ciclista";0;1;0;0;0;0;0;0;0;0;0;1;0;0;0
"06/07/2023";"05:59:00";"25";"ac01-Acide";"699.761";"BR-116/MG";"Norte";"Queda de Moto";0;0;0;1;0;0;0;0;0;0;0;0;0;0;1
"06/07/2023";"07:22:00";"44";"ac02-Acide";"144.032";"BR-116/RJ";"Sul";"Colisão lateral no sentido contrário";0;1;1;0;0;0;0;0;0;0;1;1;0;0;0
"06/07/2023";"07:33:00";"46";"ac02-Acide";"802";"BR-116/MG";"Sul";"Choque - Meio Fio";1;0;0;0;0;0;0;0;0;0;0;1;0;0;0
"06/07/2023";"08:26:00";"60";"ac02-Acide";"625";"BR-116/MG";"Sul";"Choque - Talude ou Barranco";1;0;0;0;0;0;0;0;0;0;0;1;0;1;0
"06/07/2023";"08:50:00";"68";"ac02-Acide";"95.117";"BR-493/RJ";"Sul";"Capotamento";0;0;0;0;0;0;0;0;0;1;0;2;0;0;0
"06/07/2023";"06:02:00";"207";"ac02-Acide";"633.1";"BR-116/MG";"Norte";"Queda de Moto";0;0;0;1;0;0;0;0;0;0;0;0;1;0;0
"06/07/2023";"06:55:00";"215";"ac02-Acide";"630.856";"BR-116/MG";"Norte";"Colisão lateral no sentido contrário";2;0;0;0;0;1;0;0;0;0;2;1;0;0;0
"06/07/2023";"07:11:00";"218";"ac02-Acide";"762.8";"BR-116/MG";"Norte";"Colisão Transversal";2;0;0;0;0;0;0;0;0;0;0;0;2;0;0
"06/07/2023";"07:43:00";"223";"ac02-Acide";"5.587";"BR-465/RJ";"Norte";"Colisão Transversal";1;0;0;1;0;0;0;0;0;0;1;0;1;0;0
"07/07/2023";"03:53:00";"14";"ac02-Acide";"66.827";"BR-493/RJ";"Sul";"Saida de Pista";0;0;1;0;0;0;0;0;0;0;0;1;0;0;0
"07/07/2023";"07:08:00";"40";"ac02-Acide";"139.92";"BR-116/RJ";"Sul";"Queda de Moto";0;0;0;1;1;0;0;0;0;1;2;1;1;0;0
"07/07/2023";"07:59:00";"49";"ac02-Acide";"773.654";"BR-116/MG";"Norte";"Tombamento";0;0;1;0;0;0;0;0;0;0;0;1;0;0;0
"07/07/2023";"08:08:00";"52";"ac02-Acide";"11.681";"BR-493/RJ";"Sul";"Engavetamento";1;0;2;0;0;0;0;0;0;0;2;1;0;0;0
"07/07/2023";"10:49:00";"102";"ac02-Acide";"21.344";"BR-493/RJ";"Norte";"Colisão Traseira";2;0;0;0;0;0;0;0;0;0;0;2;0;0;0
"07/07/2023";"11:17:00";"108";"ac03-Acide";"137.89";"BR-116/RJ";"Sul";"Colisão Traseira";1;0;1;0;0;0;0;0;0;0;2;0;0;0;0
"07/07/2023";"11:56:00";"115";"ac03-Acide";"10.337";"BR-493/RJ";"Norte";"Engavetamento";1;0;1;0;0;0;0;0;0;1;3;0;0;0;0
"07/07/2023";"12:04:00";"117";"ac03-Acide";"680.657";"BR-116/MG";"Norte";"Colisão Traseira";2;0;0;0;0;0;0;0;0;0;2;0;0;0;0
"07/07/2023";"04:14:00";"172";"ac02-Acide";"16.448";"BR-493/RJ";"Sul";"Atropelamento Ciclista";1;1;0;0;0;1;0;0;0;0;1;0;1;0;0
"07/07/2023";"04:42:00";"176";"ac03-Acide";"148.067";"BR-116/RJ";"Sul";"Engavetamento";2;0;0;0;0;1;0;0;0;0;2;0;0;0;0
"07/07/2023";"04:57:00";"180";"ac03-Acide";"413.112";"BR-116/MG";"Sul";"Colisão Traseira";1;0;1;0;0;0;0;0;0;0;2;0;0;0;0
"07/07/2023";"06:21:00";"198";"ac02-Acide";"701.2";"BR-116/MG";"Norte";"Colisão lateral no sentido contrário";0;0;0;2;0;0;0;0;0;0;1;1;0;0;0
"07/07/2023";"06:38:00";"203";"ac02-Acide";"55";"BR-493/RJ";"Sul";"Choque - Defensa metálica";0;0;1;0;0;0;0;0;0;0;0;1;0;0;0
"07/07/2023";"06:46:00";"206";"ac02-Acide";"183.818";"BR-116/RJ";"Sul";"Queda de Moto";0;0;0;1;0;0;0;0;0;0;0;1;0;0;0
"07/07/2023";"06:51:00";"207";"ac03-Acide";"213";"BR-116/RJ";"Sul";"Colisão lateral no mesmo sentido";1;0;1;0;0;0;0;0;0;0;2;0;0;0;0
"07/07/2023";"06:56:00";"209";"ac03-Acide";"690.034";"BR-116/MG";"Norte";"Tombamento";0;0;1;0;0;0;0;0;0;0;1;0;0;0;0
"07/07/2023";"08:20:00";"227";"ac02-Acide";"169.5";"BR-116/RJ";"Sul";"Colisão Frontal";1;0;0;1;0;0;0;0;0;0;1;0;1;0;0
"07/07/2023";"08:53:00";"231";"ac02-Acide";"19";"BR-493/RJ";"Norte";"Queda de Ciclista";0;1;0;0;0;0;0;0;0;0;0;0;1;0;0
"07/07/2023";"08:55:00";"233";"ac03-Acide";"50.9";"BR-493/RJ";"Sul";"Colisão lateral no mesmo sentido";1;0;0;1;0;0;0;0;0;0;1;0;0;0;0
"07/07/2023";"09:50:00";"247";"ac03-Acide";"530.937";"BR-116/MG";"Norte";"Colisão Traseira";2;0;0;0;0;0;0;0;0;0;1;0;0;0;0
"07/07/2023";"10:18:00";"250";"ac02-Acide";"98";"BR-116/RJ";"Sul";"Saida de Pista";0;0;1;0;0;0;0;0;0;0;0;1;0;0;0
"07/07/2023";"11:26:00";"266";"ac02-Acide";"172.905";"BR-116/RJ";"Norte";"Capotamento";2;0;0;0;0;0;0;0;0;0;2;0;1;0;0
"08/07/2023";"01:39:00";"8";"ac03-Acide";"528";"BR-116/MG";"Norte";"Choque - Barreira";1;0;0;0;0;0;0;0;0;0;1;0;0;0;0
"08/07/2023";"02:21:00";"13";"ac02-Acide";"533";"BR-116/MG";"Norte";"Queda de Moto";0;0;0;1;0;0;0;0;0;0;0;0;1;0;0
"08/07/2023";"04:21:00";"20";"ac03-Acide";"190";"BR-116/RJ";"Norte";"Colisão lateral no mesmo sentido";1;0;1;0;0;0;0;0;0;0;2;0;0;0;0
"08/07/2023";"06:51:00";"34";"ac03-Acide";"182.858";"BR-116/RJ";"Norte";"Choque - Poste";1;0;0;0;0;0;0;0;0;0;2;0;0;0;0
"08/07/2023";"11:17:00";"129";"ac02-Acide";"84.532";"BR-116/RJ";"Sul";"Queda de Moto";0;0;0;1;0;0;0;0;0;0;0;0;1;0;0
"08/07/2023";"12:33:00";"147";"ac03-Acide";"173.263";"BR-116/RJ";"Norte";"Engavetamento";3;0;0;0;0;0;0;0;0;0;6;0;0;0;0
"08/07/2023";"12:53:00";"151";"ac03-Acide";"140.713";"BR-116/RJ";"Sul";"Colisão lateral no mesmo sentido";1;0;1;0;0;0;0;0;0;0;2;0;0;0;0
"08/07/2023";"12:59:00";"153";"ac02-Acide";"4";"BR-465/RJ";"Norte";"Queda de Moto";0;0;0;1;0;1;0;0;0;0;0;1;0;0;0
"08/07/2023";"01:35:00";"158";"ac02-Acide";"731";"BR-116/MG";"Norte";"Queda de Moto";0;0;0;1;0;0;0;0;0;0;1;0;1;0;0
"08/07/2023";"01:36:00";"159";"ac02-Acide";"175.948";"BR-116/RJ";"Norte";"Colisão Traseira";0;0;0;1;0;1;0;0;0;0;0;0;1;0;0
"08/07/2023";"02:15:00";"164";"ac02-Acide";"19.564";"BR-493/RJ";"Sul";"Colisão Transversal";1;0;0;1;0;0;0;0;0;0;1;0;1;0;0
"08/07/2023";"02:57:00";"173";"ac03-Acide";"660";"BR-116/MG";"Sul";"Choque - Meio Fio";0;0;0;0;0;0;0;0;0;1;1;0;0;0;0
"08/07/2023";"04:29:00";"195";"ac03-Acide";"192.584";"BR-116/RJ";"Sul";"Choque - Defensa metálica";1;0;0;0;0;1;0;0;0;0;1;0;0;0;0
"08/07/2023";"05:18:00";"204";"ac02-Acide";"536.726";"BR-116/MG";"Norte";"Colisão Transversal";0;0;0;1;1;0;0;0;0;0;1;0;1;0;0
"08/07/2023";"07:52:00";"238";"ac03-Acide";"187";"BR-116/RJ";"Norte";"Tombamento";0;0;0;0;0;0;0;0;0;1;2;0;0;0;0
"08/07/2023";"10:40:00";"269";"ac02-Acide";"83";"BR-116/RJ";"Sul";"Colisão lateral no sentido contrário";1;0;0;1;0;0;0;0;0;0;1;1;0;0;0
"09/07/2023";"12:16:00";"5";"ac02-Acide";"15";"BR-465/RJ";"Norte";"Colisão lateral no mesmo sentido";2;0;0;0;0;0;0;0;0;0;1;0;1;0;0
"09/07/2023";"01:51:00";"12";"ac02-Acide";"110";"BR-493/RJ";"Norte";"Capotamento";1;0;0;0;0;0;0;0;0;0;0;1;1;0;0
"09/07/2023";"05:05:00";"20";"ac02-Acide";"530";"BR-116/MG";"Sul";"Colisão Traseira";1;0;0;1;0;0;0;0;0;0;0;0;0;1;0
"09/07/2023";"05:55:00";"24";"ac02-Acide";"608";"BR-116/MG";"Norte";"Capotamento";1;0;0;0;0;0;0;0;0;0;0;2;1;0;0
"09/07/2023";"06:56:00";"32";"ac03-Acide";"180.938";"BR-116/RJ";"Sul";"Choque - New jersey";1;0;0;0;0;0;0;0;0;0;1;0;0;0;0
"09/07/2023";"07:11:00";"35";"ac03-Acide";"96.045";"BR-493/RJ";"Sul";"Choque - Canaleta";1;0;0;1;0;0;0;0;0;0;1;0;0;0;0
"09/07/2023";"07:53:00";"44";"ac03-Acide";"102.281";"BR-116/RJ";"Sul";"Choque - New jersey";1;0;0;0;0;0;0;0;0;0;2;0;0;0;0