data;horario;n_da_ocorrencia;tipo_de_ocorrencia;km;trecho;sentido;tipo_de_acidente;automovel;bicicleta;caminhao;moto;onibus;outros;tracao_animal;transporte_de_cargas_especiais;trator_maquinas;utilitarios;ilesos;levemente_feridos;moderadamente_feridos;gravemente_feridos;mortos
"09/07/2023";"10:09:00";"96";"ac02-Acide";"103.378";"BR-116/RJ";"Sul";"Queda de Moto";0;0;0;1;0;0;0;0;0;0;0;1;0;0;0
"09/07/2023";"01:00:00";"133";"ac02-Acide";"141.33";"BR-116/RJ";"Sul";"Colisão Traseira";2;0;0;0;0;0;0;0;0;0;0;2;0;0;0
"09/07/2023";"02:34:00";"146";"ac02-Acide";"180.628";"BR-116/RJ";"Sul";"Atropelamento - Pedestre";1;0;0;0;0;0;0;0;0;0;1;0;1;0;0
"09/07/2023";"03:34:00";"160";"ac03-Acide";"88.782";"BR-493/RJ";"Norte";"Choque - Canaleta";1;0;0;0;0;0;0;0;0;0;2;0;0;0;0
"09/07/2023";"04:45:00";"177";"ac03-Acide";"416";"BR-116/MG";"Sul";"Colisão Traseira";1;0;1;0;0;0;0;0;0;0;2;0;0;0;0
"09/07/2023";"04:51:00";"178";"ac02-Acide";"89.591";"BR-116/RJ";"Sul";"Capotamento";1;0;0;0;0;0;0;0;0;0;0;2;0;0;0
"09/07/2023";"06:45:00";"203";"ac03-Acide";"479";"BR-116/MG";"Norte";"Colisão Traseira";2;0;0;0;0;0;0;0;0;0;2;0;0;0;0
"09/07/2023";"06:50:00";"205";"ac02-Acide";"17.245";"BR-465/RJ";"Sul";"Colisão lateral no sentido contrário";2;0;0;0;0;0;0;0;0;0;0;1;0;0;0
"09/07/2023";"06:54:00";"207";"ac03-Acide";"52.2";"BR-493/RJ";"Norte";"Choque - Meio Fio";1;0;0;0;0;0;0;0;0;0;1;0;0;0;0
"09/07/2023";"07:19:00";"210";"ac02-Acide";"56.5";"BR-493/RJ";"Sul";"Atropelamento de Animal";1;0;0;0;0;0;0;0;0;0;0;0;1;0;0
"09/07/2023";"07:40:00";"212";"ac02-Acide";"57";"BR-493/RJ";"Norte";"Atropelamento de Animal";1;0;0;0;0;0;0;0;0;0;0;2;0;0;0
"09/07/2023";"08:48:00";"226";"ac03-Acide";"544";"BR-116/MG";"Sul";"Saida de Pista";1;0;0;0;0;0;0;0;0;0;0;0;0;0;0
"09/07/2023";"09:09:00";"229";"ac02-Acide";"99";"BR-116/RJ";"Norte";"Colisão Frontal";2;0;0;0;0;0;0;0;0;0;0;4;0;0;0
"09/07/2023";"09:37:00";"231";"ac03-Acide";"8.096";"BR-465/RJ";"Norte";"Colisão Traseira";2;0;0;0;0;0;0;0;0;0;2;0;0;0;0
"09/07/2023";"11:42:00";"237";"ac03-Acide";"106.5";"BR-493/RJ";"Sul";"Atropelamento de Animal";1;0;0;0;0;0;0;0;0;0;0;0;0;0;0
"10/07/2023";"04:50:00";"12";"ac02-Acide";"413";"BR-116/MG";"Sul";"Choque - Poste";1;0;0;0;0;0;0;0;0;0;0;1;0;0;0
"10/07/2023";"07:24:00";"36";"ac02-Acide";"701";"BR-116/MG";"Norte";"Colisão Transversal";0;0;0;1;1;0;0;0;0;0;0;1;1;0;0
"10/07/2023";"07:30:00";"38";"ac02-Acide";"175.5";"BR-116/RJ";"Norte";"Queda de Moto";0;0;0;1;0;0;0;0;0;0;0;0;1;0;0
"10/07/2023";"08:00:00";"61";"ac03-Acide";"66.7";"BR-116/RJ";"Sul";"Choque - Poste";0;0;1;0;0;0;0;0;0;0;1;0;0;0;0
"10/07/2023";"11:55:00";"167";"ac02-Acide";"108";"BR-116/RJ";"Sul";"Queda de Moto";0;0;0;1;0;0;0;0;0;0;0;1;0;0;0
"10/07/2023";"12:18:00";"154";"ac02-Acide";"145.05";"BR-116/RJ";"Norte";"Colisão Traseira";2;0;0;0;0;0;0;0;0;0;2;2;0;0;0
"10/07/2023";"12:49:00";"161";"ac03-Acide";"103";"BR-116/RJ";"Norte";"Choque - Meio Fio";1;0;0;0;0;0;0;0;0;0;1;0;0;0;0
"10/07/2023";"07:04:00";"238";"ac02-Acide";"110";"BR-116/RJ";"Norte";"Colisão Frontal";1;0;0;1;0;0;0;0;0;0;1;1;0;0;0
"10/07/2023";"07:09:00";"239";"ac02-Acide";"554";"BR-116/MG";"Norte";"Choque - Talude ou Barranco";1;0;0;0;0;0;0;0;0;0;0;1;0;0;0
"11/07/2023";"02:14:00";"10";"ac03-Acide";"18.9";"BR-493/RJ";"Sul";"Atropelamento de Animal";0;0;0;0;0;1;0;0;0;0;1;0;0;0;0
"11/07/2023";"06:19:00";"22";"ac02-Acide";"143.446";"BR-116/RJ";"Sul";"Colisão Traseira";1;0;0;1;0;0;0;0;0;0;1;0;1;0;0
"11/07/2023";"08:23:00";"74";"ac02-Acide";"678";"BR-116/MG";"Sul";"Colisão lateral no mesmo sentido";1;0;0;1;0;0;0;0;0;0;1;0;1;0;0
"11/07/2023";"10:25:00";"120";"ac02-Acide";"172.7";"BR-116/RJ";"Norte";"Engavetamento";4;0;0;0;0;0;0;0;0;0;3;2;0;0;0
"11/07/2023";"04:12:00";"197";"ac02-Acide";"73";"BR-116/RJ";"Norte";"Queda de Moto";1;0;0;1;0;0;0;0;0;0;0;0;1;0;0
"11/07/2023";"05:12:00";"216";"ac02-Acide";"4.7";"BR-465/RJ";"Sul";"Colisão lateral no sentido contrário";1;0;0;1;0;0;0;0;0;0;1;1;0;0;0
"11/07/2023";"05:32:00";"222";"ac03-Acide";"148";"BR-116/RJ";"Sul";"Queda de Moto";0;0;0;1;0;1;0;0;0;0;1;0;0;0;0
"11/07/2023";"06:22:00";"234";"ac02-Acide";"413";"BR-116/MG";"Sul";"Colisão Transversal";0;0;0;2;0;0;0;0;0;0;0;0;2;1;0
"11/07/2023";"06:58:00";"239";"ac03-Acide";"21";"BR-465/RJ";"Sul";"Colisão lateral no sentido contrário";2;0;0;0;0;0;0;0;0;0;2;0;0;0;0
"11/07/2023";"07:29:00";"244";"ac03-Acide";"54.403";"BR-493/RJ";"Sul";"Colisão Frontal";0;0;0;0;0;2;0;0;0;0;0;0;0;0;0
"12/07/2023";"03:59:00";"19";"ac03-Acide";"113.224";"BR-493/RJ";"Sul";"Colisão Traseira";0;0;2;0;0;0;0;0;0;0;2;0;0;0;0
"12/07/2023";"06:11:00";"26";"ac02-Acide";"126.377";"BR-116/RJ";"Norte";"Choque - New jersey";1;0;0;0;0;0;0;0;0;0;1;2;0;0;0
"12/07/2023";"06:53:00";"31";"ac03-Acide";"68.331";"BR-493/RJ";"Norte";"Capotamento";1;0;0;0;0;0;0;0;0;0;1;0;0;0;0
"12/07/2023";"07:18:00";"43";"ac02-Acide";"174.864";"BR-116/RJ";"Norte";"Colisão lateral no mesmo sentido";1;0;0;1;0;0;0;0;0;0;1;0;1;0;0
"12/07/2023";"07:27:00";"50";"ac03-Acide";"561.864";"BR-116/MG";"Sul";"Choque - Canaleta";1;0;0;0;0;0;0;0;0;0;1;0;0;0;0
"12/07/2023";"08:30:00";"82";"ac02-Acide";"182.339";"BR-116/RJ";"Sul";"Colisão lateral no mesmo sentido";1;0;0;1;0;0;0;0;0;0;1;0;1;0;0
"12/07/2023";"09:52:00";"102";"ac02-Acide";"178.957";"BR-116/RJ";"Norte";"Colisão lateral no mesmo sentido";0;0;0;1;1;0;0;0;0;0;0;0;1;0;0
"12/07/2023";"10:15:00";"108";"ac02-Acide";"455.621";"BR-116/MG";"Norte";"Colisão lateral no mesmo sentido";0;0;1;0;0;0;0;0;0;1;2;0;1;0;0
"12/07/2023";"12:45:00";"137";"ac02-Acide";"50.044";"BR-116/RJ";"Sul";"Colisão Traseira";1;0;0;0;0;0;0;0;0;1;0;2;0;0;0
"12/07/2023";"12:46:00";"138";"ac03-Acide";"412.473";"BR-116/MG";"Norte";"Colisão Transversal";2;0;0;0;0;0;0;0;0;0;2;0;0;0;0
"12/07/2023";"01:23:00";"142";"ac02-Acide";"81.93";"BR-116/RJ";"Sul";"Atropelamento de Animal";0;0;0;1;0;0;0;0;0;0;0;1;0;0;0
"12/07/2023";"01:42:00";"147";"ac02-Acide";"759.409";"BR-116/MG";"Norte";"Colisão lateral no mesmo sentido";2;0;0;0;0;0;0;0;0;0;1;0;1;0;0
"12/07/2023";"01:59:00";"148";"ac02-Acide";"81.95";"BR-116/RJ";"Norte";"Colisão Traseira";1;0;1;0;0;0;0;0;0;0;1;1;0;0;0
"12/07/2023";"03:24:00";"166";"ac02-Acide";"182.487";"BR-116/RJ";"Sul";"Colisão lateral no mesmo sentido";0;1;1;0;1;0;0;0;0;0;2;1;0;0;0
"12/07/2023";"04:07:00";"180";"ac03-Acide";"763";"BR-116/MG";"Norte";"Colisão Traseira";2;0;0;0;0;0;0;0;0;0;2;0;0;0;0
"12/07/2023";"05:41:00";"205";"ac02-Acide";"529";"BR-116/MG";"Norte";"Colisão Transversal";2;0;0;0;0;0;0;0;0;0;1;1;0;0;0
"12/07/2023";"05:47:00";"206";"ac02-Acide";"536";"BR-116/MG";"Norte";"Queda de Moto";0;0;0;1;0;0;0;0;0;0;0;0;1;0;0
"12/07/2023";"06:34:00";"216";"ac03-Acide";"182.9";"BR-116/RJ";"Sul";"Colisão Traseira";1;0;0;2;0;0;0;0;0;0;3;0;0;0;0
"12/07/2023";"08:32:00";"243";"ac03-Acide";"803";"BR-116/MG";"Norte";"Atropelamento de Animal";0;0;1;0;0;0;0;0;0;0;1;0;0;0;0
"13/07/2023";"07:07:00";"59";"ac03-Acide";"487.085";"BR-116/MG";"Sul";"Tombamento";0;0;1;0;0;0;0;0;0;0;1;0;0;0;0
"13/07/2023";"07:28:00";"65";"ac03-Acide";"194.853";"BR-116/RJ";"Sul";"Colisão Traseira";1;0;0;0;0;1;0;0;0;0;1;0;0;0;0
"13/07/2023";"07:35:00";"66";"ac03-Acide";"83.156";"BR-493/RJ";"Norte";"Colisão lateral no mesmo sentido";1;0;1;0;0;0;0;0;0;0;3;0;0;0;0
"13/07/2023";"07:36:00";"67";"ac02-Acide";"416.723";"BR-116/MG";"Sul";"Queda de Moto";0;0;0;1;0;0;0;0;0;0;0;0;1;0;0
"13/07/2023";"07:43:00";"68";"ac02-Acide";"625.989";"BR-116/MG";"Sul";"Tombamento";0;0;1;0;0;0;0;0;0;0;0;1;0;0;0
"13/07/2023";"08:04:00";"73";"ac02-Acide";"498";"BR-116/MG";"Sul";"Queda de Moto";0;0;0;1;0;0;0;0;0;0;0;1;0;0;0
"13/07/2023";"08:18:00";"76";"ac02-Acide";"178.227";"BR-116/RJ";"Norte";"Queda de Moto";0;0;0;1;0;0;0;0;0;0;1;1;0;0;0
"13/07/2023";"11:12:00";"125";"ac03-Acide";"752";"BR-116/MG";"Sul";"Colisão Traseira";1;0;0;0;0;1;0;0;0;0;1;0;0;0;0
"13/07/2023";"01:56:00";"163";"ac02-Acide";"6.339";"BR-493/RJ";"Sul";"Colisão Traseira";2;0;0;0;0;0;0;0;0;0;0;6;0;0;0
"13/07/2023";"03:59:00";"189";"ac02-Acide";"12.609";"BR-493/RJ";"Sul";"Colisão lateral no sentido contrário";1;0;1;0;0;0;0;0;0;0;1;0;0;1;0
"13/07/2023";"04:52:00";"204";"ac03-Acide";"730";"BR-116/MG";"Sul";"Engavetamento";2;0;0;0;0;1;0;0;0;0;2;0;0;0;0
"13/07/2023";"05:57:00";"217";"ac03-Acide";"123.278";"BR-116/RJ";"Norte";"Colisão Traseira";1;0;0;0;0;1;0;0;0;0;2;0;0;0;0
"13/07/2023";"06:59:00";"229";"ac02-Acide";"6";"BR-493/RJ";"Norte";"Queda de Moto";0;0;0;1;0;0;0;0;0;0;0;0;1;0;0
"13/07/2023";"07:05:00";"233";"ac03-Acide";"187";"BR-116/RJ";"Norte";"Colisão lateral no mesmo sentido";1;0;1;0;0;0;0;0;0;0;2;0;0;0;0
"13/07/2023";"08:10:00";"252";"ac02-Acide";"609.7";"BR-116/MG";"Sul";"Choque - Talude ou Barranco";1;0;0;0;0;0;0;0;0;0;0;1;0;0;0
"13/07/2023";"08:56:00";"262";"ac02-Acide";"127";"BR-116/RJ";"Norte";"Colisão Traseira";1;0;1;0;0;0;0;0;0;0;0;1;0;0;0
"14/07/2023";"03:47:00";"12";"ac03-Acide";"84";"BR-493/RJ";"Norte";"Atropelamento de Animal";0;0;1;0;0;0;0;0;0;0;1;0;0;0;0
"14/07/2023";"06:08:00";"23";"ac02-Acide";"177";"BR-116/RJ";"Norte";"Colisão lateral no mesmo sentido";1;0;0;1;0;0;0;0;0;0;2;0;1;0;0
"14/07/2023";"06:57:00";"27";"ac02-Acide";"185";"BR-116/RJ";"Norte";"Queda de Moto";0;0;0;1;0;0;0;0;0;0;0;0;2;0;0
"14/07/2023";"08:23:00";"62";"ac03-Acide";"665";"BR-116/MG";"Sul";"Colisão Traseira";2;0;0;0;0;0;0;0;0;0;2;0;0;0;0
"14/07/2023";"10:06:00";"112";"ac03-Acide";"543.3";"BR-116/MG";"Norte";"Colisão Traseira";2;0;0;0;0;0;0;0;0;0;2;0;0;0;0
"14/07/2023";"10:23:00";"122";"ac02-Acide";"800.39";"BR-116/MG";"Sul";"Colisão lateral no mesmo sentido";1;0;0;1;0;0;0;0;0;0;1;0;1;0;0
"14/07/2023";"02:02:00";"176";"ac02-Acide";"101";"BR-493/RJ";"Sul";"Capotamento";1;0;0;0;0;0;0;0;0;0;0;0;0;1;0
"14/07/2023";"04:08:00";"199";"ac03-Acide";"647.12";"BR-116/MG";"Norte";"Colisão Traseira";2;0;0;0;0;0;0;0;0;0;2;0;0;0;0
"14/07/2023";"04:32:00";"208";"ac03-Acide";"595.5";"BR-116/MG";"Norte";"Colisão Traseira";2;0;0;0;0;0;0;0;0;0;2;0;0;0;0
"14/07/2023";"04:52:00";"212";"ac03-Acide";"413";"BR-116/MG";"Norte";"Colisão lateral no mesmo sentido";2;0;1;0;0;0;0;0;0;0;0;0;0;0;0
"14/07/2023";"04:56:00";"213";"ac02-Acide";"170";"BR-116/RJ";"Sul";"Colisão lateral no mesmo sentido";0;0;0;1;0;0;0;0;0;1;1;1;0;0;0
"14/07/2023";"05:48:00";"229";"ac02-Acide";"761";"BR-116/MG";"Norte";"Engavetamento";2;0;0;1;0;0;0;0;0;0;0;2;1;0;0
"14/07/2023";"07:13:00";"246";"ac03-Acide";"501";"BR-116/MG";"Norte";"Colisão Transversal";2;0;0;0;0;0;0;0;0;0;2;0;0;0;0
"14/07/2023";"07:18:00";"248";"ac03-Acide";"207";"BR-116/RJ";"Norte";"Queda de Moto";0;0;0;1;0;0;0;0;0;0;1;0;0;0;0
"14/07/2023";"08:14:00";"264";"ac02-Acide";"51.8";"BR-116/RJ";"Norte";"Saida de Pista";0;0;1;0;0;0;0;0;0;0;0;0;2;0;0
"14/07/2023";"10:56:00";"295";"ac02-Acide";"609";"BR-116/MG";"Norte";"Queda de Moto";0;0;0;1;0;0;0;0;0;0;0;0;1;0;0
"15/07/2023";"02:30:00";"19";"ac03-Acide";"146.512";"BR-116/RJ";"Sul";"Colisão Traseira";2;0;0;0;0;0;0;0;0;0;0;0;0;0;0
"15/07/2023";"03:42:00";"23";"ac03-Acide";"599";"BR-116/MG";"Norte";"Atropelamento de Animal";0;0;0;0;0;1;0;0;0;0;0;0;0;0;0
"15/07/2023";"05:09:00";"28";"ac02-Acide";"774.15";"BR-116/MG";"Norte";"Colisão lateral no sentido contrário";1;0;1;0;0;0;0;0;0;0;1;2;0;1;0
"15/07/2023";"07:28:00";"57";"ac03-Acide";"595.577";"BR-116/MG";"Norte";"Colisão Traseira";2;0;0;0;0;0;0;0;0;0;2;0;0;0;0
"15/07/2023";"08:02:00";"64";"ac02-Acide";"186.486";"BR-116/RJ";"Norte";"Colisão Traseira";1;0;0;1;0;1;0;0;0;0;1;0;1;0;0
"15/07/2023";"10:16:00";"110";"ac02-Acide";"815";"BR-116/MG";"Norte";"Colisão lateral no sentido contrário";0;0;1;1;0;0;0;0;0;0;1;0;1;0;0
"15/07/2023";"12:57:00";"143";"ac03-Acide";"174.3";"BR-116/RJ";"Norte";"Engavetamento";2;0;0;0;0;1;0;0;0;0;2;0;0;0;0
"15/07/2023";"04:32:00";"174";"ac01-Acide";"213.3";"BR-116/RJ";"Sul";"Atropelamento Ciclista";1;1;0;0;0;0;0;0;0;0;1;0;0;0;1
"15/07/2023";"06:30:00";"202";"ac02-Acide";"606";"BR-116/MG";"Sul";"Choque - Arvore";0;0;0;1;0;0;0;0;0;0;0;1;0;0;0
"15/07/2023";"07:30:00";"214";"ac02-Acide";"18.683";"BR-493/RJ";"Norte";"Saida de Pista";0;0;0;1;0;0;0;0;0;0;0;1;0;0;0
"15/07/2023";"08:49:00";"231";"ac03-Acide";"172";"BR-116/RJ";"Norte";"Colisão lateral no mesmo sentido";2;0;0;0;0;0;0;0;0;0;2;0;0;0;0
"15/07/2023";"09:10:00";"233";"ac02-Acide";"682";"BR-116/MG";"Norte";"Saida de Pista";1;0;0;0;0;0;0;0;0;0;0;1;0;0;0
"15/07/2023";"10:00:00";"242";"ac02-Acide";"542.205";"BR-116/MG";"Norte";"Colisão Traseira";2;0;0;0;0;0;0;0;0;0;0;3;0;0;0
"15/07/2023";"10:50:00";"249";"ac03-Acide";"601.5";"BR-116/MG";"Sul";"Atropelamento de Animal";1;0;0;0;0;0;0;0;0;0;1;0;0;0;0
"15/07/2023";"10:58:00";"250";"ac02-Acide";"78.5";"BR-493/RJ";"Sul";"Atropelamento de Animal";1;0;0;0;0;0;0;0;0;0;0;1;0;0;0
"16/07/2023";"12:13:00";"1";"ac03-Acide";"118";"BR-116/RJ";"Norte";"Queda de Moto";0;0;0;1;0;0;0;0;0;0;1;0;0;0;0
"16/07/2023";"12:44:00";"6";"ac02-Acide";"67";"BR-116/RJ";"Norte";"Queda de veículo em ribanceira, ponte ou viaduto";1;0;0;0;0;0;0;0;0;0;0;1;0;0;0
"16/07/2023";"04:13:00";"15";"ac02-Acide";"13.204";"BR-465/RJ";"Sul";"Colisão Frontal";1;0;0;1;0;0;0;0;0;0;1;1;0;0;0
"16/07/2023";"06:06:00";"16";"ac03-Acide";"79.661";"BR-493/RJ";"Sul";"Capotamento";1;0;0;0;0;0;0;0;0;0;1;0;0;0;0
"16/07/2023";"07:06:00";"24";"ac02-Acide";"681.488";"BR-116/MG";"Sul";"Tombamento";0;0;1;0;0;0;0;0;0;0;0;1;0;0;0
"16/07/2023";"11:29:00";"83";"ac02-Acide";"552.75";"BR-116/MG";"Sul";"Queda de veículo em ribanceira, ponte ou viaduto";1;0;0;0;0;0;0;0;0;0;0;1;3;0;0
"16/07/2023";"11:31:00";"84";"ac02-Acide";"729";"BR-116/MG";"Norte";"Colisão Transversal";1;0;1;0;0;0;0;0;0;0;2;0;1;0;0
"16/07/2023";"05:58:00";"154";"ac03-Acide";"148";"BR-116/RJ";"Sul";"Colisão Traseira";2;0;0;0;0;0;0;0;0;0;2;0;0;0;0
"16/07/2023";"06:20:00";"156";"ac02-Acide";"628.5";"BR-116/MG";"Norte";"Colisão lateral no mesmo sentido";1;0;0;1;0;0;0;0;0;0;1;0;1;0;0
"16/07/2023";"07:18:00";"166";"ac02-Acide";"172.76";"BR-116/RJ";"Sul";"Capotamento";1;0;0;0;0;0;0;0;0;0;0;0;2;0;0
"16/07/2023";"08:41:00";"189";"ac01-Acide";"648.5";"BR-116/MG";"Norte";"Colisão Frontal";0;0;0;2;0;0;0;0;0;0;0;0;0;2;1
"16/07/2023";"09:24:00";"198";"ac02-Acide";"18.8";"BR-493/RJ";"Norte";"Colisão Transversal";1;0;0;1;0;0;0;0;0;0;1;0;1;0;0
"16/07/2023";"09:30:00";"200";"ac01-Acide";"494.6";"BR-116/MG";"Norte";"Colisão Transversal";2;0;0;0;0;0;0;0;0;0;0;1;0;2;1
"16/07/2023";"10:10:00";"208";"ac02-Acide";"553.8";"BR-116/MG";"Sul";"Colisão Traseira";1;0;1;0;0;0;0;0;0;0;0;1;0;0;0
"16/07/2023";"10:24:00";"209";"ac01-Acide";"126.217";"BR-116/RJ";"Sul";"Capotamento";1;0;0;0;0;0;0;0;0;0;0;0;0;0;1
"17/07/2023";"12:13:00";"4";"ac03-Acide";"97.408";"BR-116/RJ";"Sul";"Colisão lateral no sentido contrário";1;0;1;0;0;0;0;0;0;0;3;0;0;0;0
"17/07/2023";"03:47:00";"12";"ac03-Acide";"502";"BR-116/MG";"Sul";"Choque - Arvore";1;0;0;0;0;0;0;0;0;0;1;0;0;0;0
"17/07/2023";"06:37:00";"22";"ac03-Acide";"786.096";"BR-116/MG";"Norte";"Colisão lateral no sentido contrário";1;0;1;0;0;0;0;0;0;0;2;0;0;0;0
"17/07/2023";"06:41:00";"26";"ac01-Acide";"412.482";"BR-116/MG";"Norte";"Atropelamento Ciclista";0;1;1;0;0;0;0;0;0;0;1;0;0;0;1
"17/07/2023";"07:37:00";"40";"ac02-Acide";"68.434";"BR-493/RJ";"Norte";"Queda de Moto";0;0;0;1;0;0;0;0;0;0;0;2;0;0;0
"17/07/2023";"08:56:00";"64";"ac02-Acide";"629";"BR-116/MG";"Sul";"Choque - Canaleta";1;0;0;0;0;0;0;0;0;0;0;1;0;0;0
"17/07/2023";"10:51:00";"111";"ac02-Acide";"181.786";"BR-116/RJ";"Norte";"Queda de Moto";0;0;0;1;0;0;0;0;0;0;1;1;0;0;0
"17/07/2023";"10:52:00";"113";"ac02-Acide";"83.576";"BR-116/RJ";"Sul";"Colisão lateral no mesmo sentido";0;0;0;2;0;0;0;0;0;0;1;0;1;0;0
"17/07/2023";"02:33:00";"166";"ac02-Acide";"193";"BR-116/RJ";"Norte";"Colisão Traseira";1;0;0;1;0;0;0;0;0;0;1;0;1;0;0
"17/07/2023";"03:01:00";"169";"ac02-Acide";"192";"BR-116/RJ";"Norte";"Queda de Moto";0;0;0;1;0;0;0;0;0;0;0;2;0;0;0
"17/07/2023";"03:28:00";"173";"ac01-Acide";"23.131";"BR-493/RJ";"Sul";"Atropelamento - Pedestre";0;0;1;0;0;0;0;0;0;0;1;0;0;0;1
"17/07/2023";"03:39:00";"175";"ac03-Acide";"61.137";"BR-493/RJ";"Norte";"Choque - Defensa metálica";1;0;0;0;0;1;0;0;0;0;1;0;0;0;0
"17/07/2023";"06:42:00";"207";"ac02-Acide";"537.5";"BR-116/MG";"Sul";"Colisão lateral no sentido contrário";0;0;0;1;0;0;0;0;0;1;1;1;0;1;0
"17/07/2023";"08:35:00";"226";"ac03-Acide";"118";"BR-116/RJ";"Sul";"Choque - Outros";1;0;0;0;0;0;0;0;0;0;1;0;0;0;0
"17/07/2023";"09:47:00";"234";"ac03-Acide";"178.2";"BR-116/RJ";"Sul";"Choque - New jersey";1;0;0;0;0;0;0;0;0;0;1;0;0;0;0
"17/07/2023";"11:07:00";"246";"ac03-Acide";"125";"BR-116/RJ";"Sul";"Colisão Traseira";2;0;0;0;0;0;0;0;0;0;2;0;0;0;0
"18/07/2023";"02:27:00";"11";"ac02-Acide";"94";"BR-116/RJ";"Norte";"Atropelamento - Pedestre";1;0;0;0;0;0;0;0;0;0;0;1;1;0;0
"18/07/2023";"04:51:00";"16";"ac03-Acide";"178";"BR-116/RJ";"Norte";"Colisão lateral no mesmo sentido";1;0;0;0;1;0;0;0;0;0;3;0;0;0;0
"18/07/2023";"06:06:00";"25";"ac02-Acide";"184.152";"BR-116/RJ";"Sul";"Engavetamento";3;0;1;0;0;0;0;0;0;2;2;7;0;0;0
"18/07/2023";"06:29:00";"53";"ac02-Acide";"184.152";"BR-116/RJ";"Sul";"Colisão Traseira";0;0;1;0;0;1;0;0;0;0;0;1;0;0;0
"18/07/2023";"08:51:00";"62";"ac02-Acide";"183.6";"BR-116/RJ";"Sul";"Colisão Traseira";2;0;0;0;0;0;0;0;0;0;0;2;0;0;0
"18/07/2023";"11:43:00";"103";"ac01-Acide";"728.904";"BR-116/MG";"Sul";"Queda de Carro";0;0;0;0;0;0;0;0;1;0;1;0;0;0;1
"18/07/2023";"12:32:00";"117";"ac01-Acide";"455.125";"BR-116/MG";"Norte";"Atropelamento Ciclista";0;1;1;0;0;0;0;0;0;0;1;0;0;0;1
"18/07/2023";"01:03:00";"124";"ac02-Acide";"127.555";"BR-116/RJ";"Norte";"Queda de Moto";0;0;0;1;0;0;0;0;0;0;0;0;1;0;0
"18/07/2023";"03:36:00";"150";"ac03-Acide";"133.891";"BR-116/RJ";"Norte";"Choque - Defensa metálica";0;0;1;0;0;0;0;0;0;0;2;0;0;0;0
"18/07/2023";"04:11:00";"157";"ac02-Acide";"415.221";"BR-116/MG";"Sul";"Colisão lateral no mesmo sentido";1;0;0;1;0;0;0;0;0;0;1;0;1;0;0
"18/07/2023";"04:21:00";"160";"ac03-Acide";"137.87";"BR-116/RJ";"Norte";"Colisão lateral no mesmo sentido";2;0;0;0;0;0;0;0;0;0;2;0;0;0;0
"18/07/2023";"05:11:00";"170";"ac02-Acide";"70.195";"BR-116/RJ";"Sul";"Colisão Transversal";1;0;0;1;0;0;0;0;0;0;1;1;0;0;0
"18/07/2023";"05:44:00";"174";"ac02-Acide";"575";"BR-116/MG";"Sul";"Colisão Traseira";1;0;0;1;0;0;0;0;0;0;1;0;2;0;0
"18/07/2023";"06:18:00";"180";"ac03-Acide";"99";"BR-116/RJ";"Norte";"Choque - Sinalização";1;0;0;0;0;0;0;0;0;0;1;0;0;0;0
"18/07/2023";"06:27:00";"182";"ac03-Acide";"131.5";"BR-116/RJ";"Sul";"Colisão Traseira";1;0;1;0;0;0;0;0;0;0;2;0;0;0;0
"18/07/2023";"07:50:00";"202";"ac02-Acide";"15.67";"BR-465/RJ";"Sul";"Colisão Frontal";1;0;0;1;0;0;0;0;0;0;1;2;0;0;0
"18/07/2023";"09:30:00";"227";"ac02-Acide";"35.745";"BR-116/RJ";"Sul";"Colisão lateral no sentido contrário";1;0;1;0;0;0;0;0;0;0;1;0;3;0;0
"19/07/2023";"06:40:00";"31";"ac03-Acide";"410.09";"BR-116/MG";"Norte";"Colisão lateral no mesmo sentido";2;0;0;0;0;0;0;0;0;0;2;0;0;0;0
"19/07/2023";"06:58:00";"34";"ac03-Acide";"410";"BR-116/MG";"Norte";"Choque - Meio Fio";1;0;0;0;0;0;0;0;0;0;1;0;0;0;0
"19/07/2023";"07:02:00";"36";"ac02-Acide";"703";"BR-116/MG";"Norte";"Colisão Frontal";2;0;0;0;0;0;0;0;0;0;0;2;1;0;0
"19/07/2023";"09:13:00";"85";"ac02-Acide";"147.841";"BR-116/RJ";"Sul";"Colisão lateral no mesmo sentido";1;0;1;0;0;0;0;0;0;0;0;2;0;0;0
"19/07/2023";"09:24:00";"87";"ac02-Acide";"185";"BR-116/RJ";"Sul";"Atropelamento - Andarilho";1;0;0;0;0;0;0;0;0;0;1;1;0;0;0
"19/07/2023";"11:28:00";"134";"ac02-Acide";"1";"BR-493/RJ";"Norte";"Atropelamento - Pedestre";1;0;0;0;0;0;0;0;0;0;0;0;1;0;0
"19/07/2023";"11:45:00";"139";"ac02-Acide";"97";"BR-116/RJ";"Sul";"Queda de Moto";0;0;0;1;0;0;0;0;0;0;0;1;0;0;0
"19/07/2023";"11:58:00";"140";"ac02-Acide";"141.5";"BR-116/RJ";"Norte";"Colisão lateral no sentido contrário";0;0;1;1;0;0;0;0;0;0;1;0;1;0;0
"19/07/2023";"12:20:00";"145";"ac02-Acide";"4.84";"BR-465/RJ";"Norte";"Colisão lateral no mesmo sentido";0;1;1;0;0;0;0;0;0;0;1;1;0;0;0
"19/07/2023";"12:24:00";"158";"ac03-Acide";"182.5";"BR-116/RJ";"Sul";"Colisão Traseira";2;0;0;0;0;0;0;0;0;0;2;0;0;0;0
"19/07/2023";"05:28:00";"205";"ac02-Acide";"22.542";"BR-493/RJ";"Sul";"Colisão lateral no sentido contrário";2;0;0;0;0;0;0;0;0;0;0;4;1;0;0
"19/07/2023";"05:59:00";"207";"ac03-Acide";"99.833";"BR-116/RJ";"Norte";"Choque - Canaleta";1;0;0;0;0;0;0;0;0;0;1;0;0;0;0
"19/07/2023";"06:06:00";"209";"ac02-Acide";"69";"BR-493/RJ";"Sul";"Colisão Traseira";1;0;0;1;0;0;0;0;0;0;0;2;0;0;0