data;horario;n_da_ocorrencia;tipo_de_ocorrencia;km;trecho;sentido;tipo_de_acidente;automovel;bicicleta;caminhao;moto;onibus;outros;tracao_animal;transporte_de_cargas_especiais;trator_maquinas;utilitarios;ilesos;levemente_feridos;moderadamente_feridos;gravemente_feridos;mortos
"19/07/2023";"06:20:00";"214";"ac03-Acide";"7.04";"BR-493/RJ";"Sul";"Atropelamento de Animal";1;0;0;0;0;0;0;0;0;0;1;0;0;0;0
"19/07/2023";"06:30:00";"216";"ac03-Acide";"714.54";"BR-116/MG";"Norte";"Colisão Traseira";2;0;0;0;0;0;0;0;0;0;2;0;0;0;0
"19/07/2023";"06:41:00";"221";"ac02-Acide";"49.9";"BR-116/RJ";"Norte";"Atropelamento - Pedestre";1;0;0;0;0;1;0;0;0;0;1;0;0;1;0
"19/07/2023";"08:11:00";"240";"ac03-Acide";"588";"BR-116/MG";"Norte";"Atropelamento de Animal";0;0;1;0;0;0;0;0;0;0;0;0;0;0;0
"19/07/2023";"09:22:00";"248";"ac02-Acide";"98.8";"BR-116/RJ";"Sul";"Choque - Talude ou Barranco";1;0;0;0;0;0;0;0;0;0;0;1;0;0;0
"19/07/2023";"10:02:00";"254";"ac03-Acide";"204";"BR-116/RJ";"Sul";"Colisão Traseira";1;0;0;0;1;0;0;0;0;0;2;0;0;0;0
"19/07/2023";"10:44:00";"257";"ac03-Acide";"6.465";"BR-465/RJ";"Sul";"Choque - Defensa metálica";0;0;1;0;0;0;0;0;0;0;1;0;0;0;0
"20/07/2023";"01:02:00";"4";"ac02-Acide";"6";"BR-465/RJ";"Norte";"Engavetamento";2;0;0;0;1;0;0;0;0;0;0;3;1;0;0
"20/07/2023";"06:44:00";"21";"ac02-Acide";"144.528";"BR-116/RJ";"Sul";"Queda de Moto";0;0;0;1;0;0;0;0;0;0;0;1;0;0;0
"20/07/2023";"07:09:00";"26";"ac02-Acide";"65.972";"BR-116/RJ";"Norte";"Queda de Moto";0;0;0;1;0;0;0;0;0;0;0;1;0;0;0
"20/07/2023";"07:27:00";"34";"ac03-Acide";"3.3";"BR-465/RJ";"Sul";"Colisão lateral no mesmo sentido";1;0;1;0;0;0;0;0;0;0;2;0;0;0;0
"20/07/2023";"07:53:00";"43";"ac02-Acide";"457.72";"BR-116/MG";"Sul";"Colisão lateral no sentido contrário";1;0;0;1;0;0;0;0;0;0;0;1;1;0;0
"20/07/2023";"08:06:00";"49";"ac02-Acide";"460";"BR-116/MG";"Norte";"Capotamento";1;0;0;0;0;0;0;0;0;0;0;1;0;0;0
"20/07/2023";"09:36:00";"100";"ac02-Acide";"172.218";"BR-116/RJ";"Norte";"Queda de Moto";0;0;0;1;0;0;0;0;0;0;0;0;1;0;0
"20/07/2023";"10:53:00";"123";"ac02-Acide";"181";"BR-116/RJ";"Sul";"Engavetamento";3;0;1;0;0;0;0;0;0;2;6;2;0;0;0
"20/07/2023";"06:03:00";"203";"ac03-Acide";"212.5";"BR-116/RJ";"Sul";"Colisão Traseira";1;0;1;0;0;0;0;0;0;0;2;0;0;0;0
"20/07/2023";"06:13:00";"205";"ac03-Acide";"190";"BR-116/RJ";"Norte";"Colisão Traseira";2;0;0;0;0;0;0;0;0;0;2;0;0;0;0
"20/07/2023";"07:46:00";"219";"ac02-Acide";"182";"BR-116/RJ";"Sul";"Colisão Traseira";0;0;0;2;0;0;0;0;0;0;0;2;0;0;0
"20/07/2023";"08:12:00";"225";"ac01-Acide";"1.231";"BR-493/RJ";"Sul";"Atropelamento - Pedestre";1;0;0;0;0;0;0;0;0;0;0;1;0;0;1
"20/07/2023";"08:49:00";"233";"ac02-Acide";"69.397";"BR-493/RJ";"Norte";"Colisão lateral no mesmo sentido";1;0;1;0;0;0;0;0;0;0;0;2;0;0;0
"20/07/2023";"11:27:00";"249";"ac02-Acide";"703";"BR-116/MG";"Norte";"Queda de Moto";0;0;0;1;0;0;0;0;0;0;0;0;1;0;0
"20/07/2023";"11:57:00";"255";"ac02-Acide";"9";"BR-465/RJ";"Norte";"Capotamento";1;0;0;0;0;0;0;0;0;0;0;1;0;0;0
"21/07/2023";"05:54:00";"31";"ac02-Acide";"145.678";"BR-116/RJ";"Sul";"Engavetamento";2;0;1;0;0;0;0;0;0;0;3;3;0;0;0
"21/07/2023";"07:46:00";"70";"ac03-Acide";"772.511";"BR-116/MG";"Norte";"Colisão Transversal";1;0;1;0;0;0;0;0;0;0;2;0;0;0;0
"21/07/2023";"08:02:00";"77";"ac02-Acide";"774.092";"BR-116/MG";"Sul";"Tombamento";1;0;1;0;0;0;0;0;0;0;0;1;1;0;0
"21/07/2023";"08:33:00";"89";"ac02-Acide";"19.918";"BR-116/RJ";"Norte";"Choque - Defensa metálica";0;0;0;1;0;0;0;0;0;0;0;0;1;0;0
"21/07/2023";"10:38:00";"113";"ac02-Acide";"429.073";"BR-116/MG";"Norte";"Colisão Transversal";1;0;0;1;0;0;0;0;0;0;1;0;1;0;0
"21/07/2023";"01:01:00";"140";"ac03-Acide";"575";"BR-116/MG";"Norte";"Colisão lateral no mesmo sentido";1;0;1;0;0;0;0;0;0;0;2;0;0;0;0
"21/07/2023";"01:04:00";"141";"ac02-Acide";"421.771";"BR-116/MG";"Norte";"Colisão Transversal";1;0;0;1;0;0;0;0;0;0;1;0;1;0;0
"21/07/2023";"02:47:00";"158";"ac02-Acide";"487.123";"BR-116/MG";"Sul";"Capotamento";1;0;0;0;0;0;0;0;0;0;3;1;0;0;0
"21/07/2023";"04:39:00";"180";"ac03-Acide";"763.936";"BR-116/MG";"Sul";"Choque - Talude ou Barranco";1;0;0;0;0;0;0;0;0;0;1;0;0;0;0
"21/07/2023";"04:41:00";"182";"ac03-Acide";"497";"BR-116/MG";"Norte";"Colisão Traseira";2;0;0;0;0;0;0;0;0;0;2;0;0;0;0
"21/07/2023";"04:54:00";"185";"ac03-Acide";"186.997";"BR-116/RJ";"Norte";"Colisão lateral no mesmo sentido";1;0;0;1;0;0;0;0;0;0;2;0;0;0;0
"21/07/2023";"05:36:00";"195";"ac03-Acide";"145.105";"BR-116/RJ";"Sul";"Engavetamento";2;0;0;0;0;1;0;0;0;0;2;0;0;0;0
"21/07/2023";"06:29:00";"207";"ac03-Acide";"142.2";"BR-116/RJ";"Sul";"Colisão lateral no mesmo sentido";1;0;1;0;0;0;0;0;0;0;2;0;0;0;0
"21/07/2023";"06:38:00";"212";"ac03-Acide";"412";"BR-116/MG";"Norte";"Colisão lateral no sentido contrário";0;0;1;0;1;0;0;0;0;0;2;0;0;0;0
"21/07/2023";"09:32:00";"254";"ac03-Acide";"118.5";"BR-116/RJ";"Sul";"Choque - Defensa metálica";1;0;0;0;0;0;0;0;0;0;2;0;0;0;0
"22/07/2023";"01:10:00";"5";"ac02-Acide";"487.123";"BR-116/MG";"Sul";"Tombamento";0;0;1;0;0;0;0;0;0;0;0;0;1;0;0
"22/07/2023";"03:11:00";"13";"ac01-Acide";"35.551";"BR-116/RJ";"Norte";"Tombamento";0;0;1;0;0;0;0;0;0;0;0;0;0;0;2
"22/07/2023";"05:23:00";"18";"ac03-Acide";"8.5";"BR-465/RJ";"Norte";"Colisão lateral no mesmo sentido";1;0;0;0;0;1;0;0;0;0;1;0;0;0;0
"22/07/2023";"08:12:00";"59";"ac02-Acide";"95.943";"BR-493/RJ";"Sul";"Atropelamento - Pedestre";0;0;1;0;0;0;0;0;0;0;0;1;1;0;0
"22/07/2023";"10:40:00";"91";"ac02-Acide";"414.882";"BR-116/MG";"Norte";"Atropelamento - Pedestre";0;0;0;1;0;0;0;0;0;0;1;1;0;0;0
"22/07/2023";"12:25:00";"109";"ac02-Acide";"538.813";"BR-116/MG";"Sul";"Capotamento";1;0;0;0;0;0;0;0;0;0;0;0;1;0;0
"22/07/2023";"01:08:00";"115";"ac03-Acide";"529.988";"BR-116/MG";"Sul";"Queda de Moto";0;0;1;1;0;0;0;0;0;0;1;0;0;0;0
"22/07/2023";"01:18:00";"118";"ac03-Acide";"614.307";"BR-116/MG";"Sul";"Colisão lateral no mesmo sentido";2;0;0;0;0;0;0;0;0;0;2;0;0;0;0
"22/07/2023";"01:27:00";"120";"ac02-Acide";"67.371";"BR-493/RJ";"Sul";"Tombamento";0;0;1;0;0;0;0;0;0;0;0;1;0;0;0
"22/07/2023";"02:26:00";"135";"ac02-Acide";"497.316";"BR-116/MG";"Sul";"Capotamento";1;0;0;0;0;0;0;0;0;0;0;0;1;0;0
"22/07/2023";"03:34:00";"150";"ac02-Acide";"98.844";"BR-116/RJ";"Norte";"Colisão Frontal";1;0;0;1;0;0;0;0;0;0;2;1;1;0;0
"22/07/2023";"04:15:00";"158";"ac02-Acide";"190.46";"BR-116/RJ";"Norte";"Atropelamento - Pedestre";1;0;0;0;0;0;0;0;0;0;1;0;0;1;0
"22/07/2023";"04:56:00";"167";"ac02-Acide";"191.709";"BR-116/RJ";"Norte";"Engavetamento";3;0;0;1;0;0;0;0;0;0;2;1;1;0;0
"22/07/2023";"06:24:00";"185";"ac02-Acide";"1";"BR-493/RJ";"Sul";"Queda de Moto";0;0;0;1;0;0;0;0;0;0;0;0;1;0;0
"22/07/2023";"06:43:00";"190";"ac03-Acide";"4";"BR-465/RJ";"Sul";"Choque - Meio Fio";1;0;0;0;0;0;0;0;0;0;1;0;0;0;0
"22/07/2023";"07:24:00";"197";"ac03-Acide";"174.1";"BR-116/RJ";"Norte";"Engavetamento";4;0;0;0;0;0;0;0;0;0;4;0;0;0;0
"22/07/2023";"07:27:00";"198";"ac03-Acide";"554";"BR-116/MG";"Norte";"Choque - Meio Fio";1;0;0;0;0;0;0;0;0;0;1;0;0;0;0
"22/07/2023";"10:10:00";"216";"ac03-Acide";"413";"BR-116/MG";"Sul";"Queda de Moto";0;0;0;1;0;1;0;0;0;0;1;0;0;0;0
"22/07/2023";"10:52:00";"223";"ac03-Acide";"434";"BR-116/MG";"Norte";"Choque - Sinalização";1;0;0;0;0;0;0;0;0;0;1;0;0;0;0
"23/07/2023";"05:16:00";"19";"ac03-Acide";"113.25";"BR-493/RJ";"Norte";"Tombamento";0;0;1;0;0;0;0;0;0;0;1;0;0;0;0
"23/07/2023";"06:00:00";"23";"ac02-Acide";"565";"BR-116/MG";"Sul";"Queda de Moto";0;0;0;1;0;0;0;0;0;0;0;0;0;1;0
"23/07/2023";"07:07:00";"41";"ac03-Acide";"6.357";"BR-116/RJ";"Sul";"Choque - Meio Fio";1;0;0;0;0;0;0;0;0;0;5;0;0;0;0
"23/07/2023";"07:48:00";"50";"ac03-Acide";"703";"BR-116/MG";"Sul";"Colisão lateral no mesmo sentido";2;0;0;0;0;0;0;0;0;0;2;0;0;0;0
"23/07/2023";"08:50:00";"63";"ac03-Acide";"6.803";"BR-116/RJ";"Norte";"Choque - Defensa metálica";1;0;0;0;0;0;0;0;0;0;3;0;0;0;0
"23/07/2023";"11:27:00";"106";"ac02-Acide";"776.513";"BR-116/MG";"Sul";"Tombamento";0;0;1;0;0;0;0;0;0;0;0;1;0;0;0
"23/07/2023";"01:18:00";"129";"ac03-Acide";"78.576";"BR-116/RJ";"Sul";"Choque - Sinalização";1;0;0;0;0;0;0;0;0;0;3;0;0;0;0
"23/07/2023";"02:00:00";"134";"ac02-Acide";"96.717";"BR-493/RJ";"Norte";"Choque - Defensa metálica";1;0;0;0;0;0;0;0;0;0;1;1;0;0;0
"23/07/2023";"02:25:00";"140";"ac03-Acide";"186.994";"BR-116/RJ";"Sul";"Capotamento";2;0;0;0;0;0;0;0;0;0;2;0;0;0;0
"23/07/2023";"03:08:00";"148";"ac03-Acide";"701.926";"BR-116/MG";"Sul";"Engavetamento";2;0;1;0;0;0;0;0;0;0;3;0;0;0;0
"23/07/2023";"03:25:00";"150";"ac02-Acide";"181.011";"BR-116/RJ";"Sul";"Queda de Moto";0;0;0;1;0;0;0;0;0;0;1;1;0;0;0
"23/07/2023";"03:33:00";"153";"ac01-Acide";"103.312";"BR-116/RJ";"Sul";"Choque - Meio Fio";0;0;0;0;0;0;0;0;0;1;0;3;4;0;1
"23/07/2023";"05:16:00";"170";"ac03-Acide";"211.6";"BR-116/RJ";"Norte";"Choque - Meio Fio";1;0;0;0;0;0;0;0;0;0;1;0;0;0;0
"23/07/2023";"06:34:00";"188";"ac02-Acide";"6";"BR-493/RJ";"Norte";"Queda de Moto";0;0;0;1;0;0;0;0;0;0;0;1;0;0;0
"23/07/2023";"09:09:00";"225";"ac02-Acide";"715";"BR-116/MG";"Norte";"Capotamento";1;0;1;0;0;0;0;0;0;0;1;0;1;1;0
"23/07/2023";"09:14:00";"223";"ac03-Acide";"752";"BR-116/MG";"Norte";"Queda de veículo em ribanceira, ponte ou viaduto";0;0;0;0;1;0;0;0;0;0;2;0;0;0;0
"23/07/2023";"09:14:00";"226";"ac02-Acide";"101";"BR-493/RJ";"Norte";"Capotamento";1;0;0;0;0;0;0;0;0;0;0;1;1;0;0
"23/07/2023";"09:39:00";"229";"ac02-Acide";"18.7";"BR-493/RJ";"Norte";"Atropelamento - Pedestre";0;0;0;0;0;1;0;0;0;0;0;0;0;1;0
"23/07/2023";"10:52:00";"250";"ac02-Acide";"131.518";"BR-116/RJ";"Norte";"Colisão Frontal";1;0;1;0;0;0;0;0;0;0;2;1;1;0;0
"23/07/2023";"10:55:00";"252";"ac03-Acide";"49.4";"BR-116/RJ";"Norte";"Colisão Traseira";2;0;0;0;0;0;0;0;0;0;2;0;0;0;0
"23/07/2023";"11:27:00";"255";"ac02-Acide";"50.8";"BR-493/RJ";"Norte";"Queda de Moto";0;0;0;1;0;0;0;0;0;0;0;2;0;0;0
"24/07/2023";"05:09:00";"24";"ac03-Acide";"108";"BR-493/RJ";"Sul";"Choque - Meio Fio";1;0;0;0;0;0;0;0;0;0;1;0;0;0;0
"24/07/2023";"07:01:00";"41";"ac02-Acide";"48.2";"BR-493/RJ";"Sul";"Colisão lateral no mesmo sentido";1;0;1;0;0;0;0;0;0;1;0;5;1;0;0
"24/07/2023";"08:57:00";"85";"ac02-Acide";"177.562";"BR-116/RJ";"Norte";"Colisão Traseira";1;0;0;1;0;0;0;0;0;0;1;0;1;0;0
"24/07/2023";"09:45:00";"127";"ac03-Acide";"412.67";"BR-116/MG";"Norte";"Engavetamento";1;0;0;0;0;2;0;0;0;0;1;0;0;0;0
"24/07/2023";"12:56:00";"190";"ac02-Acide";"108.9";"BR-116/RJ";"Norte";"Queda de Moto";0;0;0;1;0;0;0;0;0;0;0;1;0;0;0
"24/07/2023";"01:28:00";"197";"ac02-Acide";"1.35";"BR-465/RJ";"Norte";"Colisão lateral no sentido contrário";2;0;0;0;0;0;0;0;0;0;0;1;1;1;0
"24/07/2023";"03:52:00";"231";"ac03-Acide";"509";"BR-116/MG";"Norte";"Engavetamento";3;0;0;0;0;0;0;0;0;0;0;0;0;0;0
"24/07/2023";"04:20:00";"235";"ac02-Acide";"597";"BR-116/MG";"Norte";"Atropelamento Ciclista";1;1;0;0;0;0;0;0;0;0;0;0;0;1;0
"24/07/2023";"06:17:00";"259";"ac03-Acide";"181";"BR-116/RJ";"Norte";"Colisão lateral no sentido contrário";1;0;0;0;1;0;0;0;0;0;2;0;0;0;0
"24/07/2023";"06:24:00";"261";"ac02-Acide";"2.3";"BR-493/RJ";"Sul";"Atropelamento de Animal";1;0;0;0;0;0;0;0;0;0;0;3;0;0;0
"24/07/2023";"06:30:00";"264";"ac02-Acide";"2.3";"BR-493/RJ";"Sul";"Atropelamento de Animal";0;0;0;1;0;0;0;0;0;0;0;0;1;0;0
"24/07/2023";"06:35:00";"266";"ac02-Acide";"2.3";"BR-493/RJ";"Sul";"Atropelamento de Animal";0;0;0;1;0;0;0;0;0;0;0;2;0;0;0
"25/07/2023";"03:57:00";"15";"ac02-Acide";"558.3";"BR-116/MG";"Norte";"Queda de Moto";0;0;0;1;0;0;0;0;0;0;0;1;0;0;0
"25/07/2023";"04:57:00";"18";"ac02-Acide";"20.178";"BR-116/RJ";"Sul";"Tombamento";0;0;1;0;0;0;0;0;0;0;0;0;1;0;0
"25/07/2023";"07:11:00";"42";"ac03-Acide";"146.3";"BR-116/RJ";"Norte";"Colisão Traseira";1;0;0;0;0;1;0;0;0;0;1;0;0;0;0
"25/07/2023";"11:30:00";"151";"ac02-Acide";"514";"BR-116/MG";"Sul";"Colisão Traseira";2;0;0;0;0;0;0;0;0;0;1;1;0;0;0
"25/07/2023";"11:45:00";"156";"ac02-Acide";"427";"BR-116/MG";"Norte";"Colisão lateral no mesmo sentido";2;0;0;0;0;0;0;0;0;0;0;4;0;0;0
"25/07/2023";"12:37:00";"168";"ac02-Acide";"5.3";"BR-465/RJ";"Sul";"Colisão Frontal";1;0;0;1;0;0;0;0;0;0;1;0;1;0;0
"25/07/2023";"12:38:00";"170";"ac03-Acide";"102.3";"BR-116/RJ";"Sul";"Choque - Canaleta";1;0;0;0;0;0;0;0;0;0;1;0;0;0;0
"25/07/2023";"01:49:00";"184";"ac02-Acide";"664.176";"BR-116/MG";"Norte";"Colisão Traseira";2;0;0;0;0;0;0;0;0;0;0;2;0;0;0
"25/07/2023";"03:18:00";"205";"ac02-Acide";"411.651";"BR-116/MG";"Sul";"Colisão Traseira";1;0;0;1;0;0;0;0;0;0;1;1;0;0;0
"25/07/2023";"05:10:00";"228";"ac02-Acide";"112";"BR-493/RJ";"Sul";"Capotamento";1;0;0;0;0;0;0;0;0;0;0;1;0;0;0
"25/07/2023";"05:35:00";"229";"ac02-Acide";"139";"BR-116/RJ";"Norte";"Colisão Traseira";1;0;0;1;0;0;0;0;0;0;1;1;0;0;0
"25/07/2023";"05:51:00";"233";"ac02-Acide";"533.378";"BR-116/MG";"Norte";"Queda de Moto";0;0;0;1;0;0;0;0;0;0;0;0;1;0;0
"25/07/2023";"06:17:00";"239";"ac02-Acide";"16.6";"BR-465/RJ";"Norte";"Atropelamento - Pedestre";0;0;0;0;0;1;0;0;0;0;0;2;0;0;0
"25/07/2023";"06:57:00";"248";"ac02-Acide";"504";"BR-116/MG";"Sul";"Colisão Traseira";1;0;0;1;0;0;0;0;0;0;0;0;1;0;0
"25/07/2023";"07:10:00";"249";"ac02-Acide";"504";"BR-116/MG";"Sul";"Choque - Veículo parado na pista";0;0;0;1;0;0;0;0;0;1;1;0;1;0;0
"25/07/2023";"09:35:00";"264";"ac03-Acide";"413.31";"BR-116/MG";"Sul";"Choque - Meio Fio";1;0;0;0;0;0;0;0;0;0;1;0;0;0;0
"25/07/2023";"10:12:00";"269";"ac02-Acide";"808.016";"BR-116/MG";"Sul";"Choque - Canaleta";1;0;1;0;0;0;0;0;0;0;0;1;0;0;0
"25/07/2023";"11:07:00";"272";"ac02-Acide";"545";"BR-116/MG";"Sul";"Choque - Canaleta";1;0;0;0;0;0;0;0;0;0;0;3;0;0;0
"26/07/2023";"12:46:00";"3";"ac02-Acide";"509.35";"BR-116/MG";"Sul";"Colisão Traseira";0;0;1;0;0;1;0;0;0;0;0;0;1;0;0
"26/07/2023";"03:24:00";"19";"ac02-Acide";"762.266";"BR-116/MG";"Norte";"Colisão Traseira";2;0;0;0;0;0;0;0;0;0;2;1;0;0;0
"26/07/2023";"05:11:00";"22";"ac01-Acide";"3.799";"BR-116/RJ";"Norte";"Queda de veículo em ribanceira, ponte ou viaduto";0;0;1;0;0;0;0;0;0;0;0;0;0;0;1
"26/07/2023";"07:55:00";"53";"ac03-Acide";"27.847";"BR-116/RJ";"Norte";"Capotamento";1;0;0;0;0;0;0;0;0;0;4;0;0;0;0
"26/07/2023";"09:06:00";"75";"ac02-Acide";"604.849";"BR-116/MG";"Sul";"Colisão Traseira";1;0;0;1;0;0;0;0;0;0;1;1;0;0;0
"26/07/2023";"09:47:00";"91";"ac03-Acide";"25.391";"BR-116/RJ";"Norte";"Choque - Meio Fio";1;0;0;0;0;0;0;0;0;0;1;0;0;0;0
"26/07/2023";"09:54:00";"94";"ac03-Acide";"55.761";"BR-116/RJ";"Sul";"Colisão Traseira";2;0;0;0;0;0;0;0;0;0;2;0;0;0;0
"26/07/2023";"10:41:00";"114";"ac02-Acide";"174.544";"BR-116/RJ";"Norte";"Queda de Moto";0;0;0;1;0;0;0;0;0;0;0;2;0;0;0
"26/07/2023";"11:05:00";"116";"ac02-Acide";"14.001";"BR-116/RJ";"Sul";"Queda de veículo em ribanceira, ponte ou viaduto";0;0;1;0;0;0;0;0;0;0;0;0;0;1;0
"26/07/2023";"12:30:00";"130";"ac02-Acide";"576.896";"BR-116/MG";"Norte";"Tombamento";0;0;1;0;0;0;0;0;0;0;0;1;0;0;0
"26/07/2023";"12:53:00";"139";"ac03-Acide";"6.574";"BR-116/RJ";"Norte";"Choque - Meio Fio";1;0;0;0;0;0;0;0;0;0;0;0;0;0;0
"26/07/2023";"03:31:00";"167";"ac02-Acide";"0.271";"BR-493/RJ";"Norte";"Colisão Transversal";0;0;1;1;0;0;0;0;0;0;1;0;1;0;0
"26/07/2023";"04:41:00";"177";"ac02-Acide";"24.146";"BR-116/RJ";"Norte";"Colisão lateral no sentido contrário";2;0;0;0;0;0;0;0;0;0;0;2;2;0;0
"26/07/2023";"04:56:00";"180";"ac02-Acide";"15.2";"BR-465/RJ";"Sul";"Colisão lateral no sentido contrário";0;0;1;1;0;0;0;0;0;0;1;0;1;0;0
"26/07/2023";"06:03:00";"187";"ac02-Acide";"57";"BR-493/RJ";"Norte";"Colisão Traseira";1;0;1;0;0;0;0;0;0;0;1;0;2;0;0
"26/07/2023";"07:37:00";"211";"ac03-Acide";"104";"BR-116/RJ";"Norte";"Colisão lateral no mesmo sentido";0;0;2;0;0;0;0;0;0;0;2;0;0;0;0
"26/07/2023";"09:24:00";"225";"ac02-Acide";"14.5";"BR-465/RJ";"Norte";"Colisão Transversal";0;1;0;1;0;0;0;0;0;0;0;2;0;0;0
"26/07/2023";"09:50:00";"229";"ac03-Acide";"132.6";"BR-116/RJ";"Sul";"Saida de Pista";0;0;0;0;0;0;0;0;0;1;1;0;0;0;0
"26/07/2023";"09:55:00";"230";"ac02-Acide";"182";"BR-116/RJ";"Sul";"Choque - Barreira";1;0;0;0;0;0;0;0;0;0;0;1;0;0;0
"27/07/2023";"01:13:00";"4";"ac03-Acide";"22";"BR-493/RJ";"Norte";"Atropelamento de Animal";1;0;0;0;0;0;0;0;0;0;1;0;0;0;0
"27/07/2023";"05:05:00";"20";"ac02-Acide";"1.05";"BR-465/RJ";"Sul";"Colisão Frontal";2;0;0;0;0;0;0;0;0;0;1;1;0;0;0
"27/07/2023";"06:43:00";"26";"ac02-Acide";"23.577";"BR-116/RJ";"Norte";"Tombamento";0;0;1;0;0;0;0;0;0;0;0;0;1;0;0
"27/07/2023";"06:43:00";"27";"ac02-Acide";"61.786";"BR-493/RJ";"Sul";"Choque - Canaleta";1;0;0;0;0;0;0;0;0;0;0;1;0;0;0
"27/07/2023";"07:24:00";"36";"ac02-Acide";"178.214";"BR-116/RJ";"Sul";"Colisão Traseira";1;0;0;0;1;0;0;0;0;0;1;1;0;0;0
"27/07/2023";"07:46:00";"38";"ac03-Acide";"177.159";"BR-116/RJ";"Sul";"Choque - New jersey";1;0;0;0;0;0;0;0;0;0;1;0;0;0;0
"27/07/2023";"10:13:00";"80";"ac02-Acide";"20.2";"BR-465/RJ";"Norte";"Colisão lateral no sentido contrário";1;0;0;1;0;0;0;0;0;0;1;1;0;0;0
"27/07/2023";"01:03:00";"123";"ac02-Acide";"103.945";"BR-493/RJ";"Sul";"Colisão lateral no mesmo sentido";0;0;0;0;0;0;0;0;0;2;1;0;0;1;0
"27/07/2023";"02:37:00";"134";"ac02-Acide";"525.957";"BR-116/MG";"Sul";"Colisão Transversal";0;0;0;2;0;0;0;0;0;0;1;1;0;0;0
"27/07/2023";"03:53:00";"153";"ac02-Acide";"189";"BR-116/RJ";"Sul";"Colisão lateral no mesmo sentido";1;0;1;0;0;0;0;0;0;0;0;2;0;0;0
"27/07/2023";"04:42:00";"166";"ac03-Acide";"514";"BR-116/MG";"Sul";"Choque - Meio Fio";1;0;0;0;0;1;0;0;0;0;2;0;0;0;0
"27/07/2023";"05:30:00";"170";"ac02-Acide";"689.975";"BR-116/MG";"Norte";"Choque - Veiculo parado no acostamento";1;0;0;1;0;0;0;0;0;0;0;1;0;0;0
"27/07/2023";"05:33:00";"172";"ac02-Acide";"177";"BR-116/RJ";"Sul";"Colisão lateral no mesmo sentido";0;0;1;1;0;0;0;0;0;0;1;1;0;0;0
"27/07/2023";"11:00:00";"239";"ac03-Acide";"17";"BR-465/RJ";"Norte";"Atropelamento de Animal";1;0;0;0;0;0;0;0;0;0;1;0;0;0;0
"28/07/2023";"12:19:00";"2";"ac03-Acide";"104";"BR-116/RJ";"Norte";"Colisão Traseira";2;0;0;1;0;0;0;0;0;0;2;0;0;0;0
"28/07/2023";"03:38:00";"12";"ac02-Acide";"702.5";"BR-116/MG";"Sul";"Queda de Moto";0;0;0;1;0;0;0;0;0;0;0;0;1;0;0
"28/07/2023";"03:58:00";"16";"ac03-Acide";"194.6";"BR-116/RJ";"Sul";"Colisão Traseira";2;0;0;0;0;0;0;0;0;0;2;0;0;0;0
"28/07/2023";"06:35:00";"39";"ac03-Acide";"539.3";"BR-116/MG";"Norte";"Capotamento";1;0;0;0;0;0;0;0;0;0;0;0;0;0;0
"28/07/2023";"07:00:00";"31";"ac02-Acide";"172";"BR-116/RJ";"Norte";"Colisão lateral no mesmo sentido";0;0;0;2;0;0;0;0;0;0;1;0;1;0;0
"28/07/2023";"12:21:00";"165";"ac03-Acide";"47";"BR-116/RJ";"Sul";"Queda de Moto";0;0;0;1;0;0;0;0;0;0;1;0;0;0;0
"28/07/2023";"02:58:00";"193";"ac03-Acide";"65";"BR-493/RJ";"Sul";"Choque - Defensa metálica";1;0;0;0;0;0;0;0;0;0;1;0;0;0;0
"28/07/2023";"03:54:00";"211";"ac03-Acide";"526.35";"BR-116/MG";"Norte";"Colisão lateral no mesmo sentido";2;0;0;0;0;0;0;0;0;0;2;0;0;0;0
"28/07/2023";"04:05:00";"208";"ac02-Acide";"173.653";"BR-116/RJ";"Sul";"Colisão lateral no mesmo sentido";1;0;0;1;0;0;0;0;0;0;1;1;0;0;0
"28/07/2023";"05:47:00";"232";"ac02-Acide";"49.9";"BR-116/RJ";"Sul";"Colisão Transversal";2;0;0;0;0;0;0;0;0;0;1;1;0;0;0
"28/07/2023";"06:29:00";"240";"ac02-Acide";"132";"BR-116/RJ";"Norte";"Colisão Traseira";2;0;0;0;0;0;0;0;0;0;0;2;0;0;0
"28/07/2023";"06:54:00";"247";"ac03-Acide";"212";"BR-116/RJ";"Norte";"Colisão Traseira";1;0;1;0;0;0;0;0;0;0;2;0;0;0;0
"28/07/2023";"07:49:00";"264";"ac02-Acide";"198";"BR-116/RJ";"Norte";"Atropelamento Ciclista";0;1;0;1;0;0;0;0;0;0;0;1;1;0;0
"28/07/2023";"08:16:00";"272";"ac02-Acide";"187";"BR-116/RJ";"Norte";"Capotamento";1;0;0;0;0;0;0;0;0;0;0;2;0;0;0
"28/07/2023";"11:13:00";"296";"ac02-Acide";"146.925";"BR-116/RJ";"Norte";"Colisão lateral no sentido contrário";0;0;0;1;0;1;0;0;0;0;0;1;0;0;0
"28/07/2023";"11:14:00";"297";"ac03-Acide";"180.35";"BR-116/RJ";"Sul";"Colisão lateral no mesmo sentido";2;0;0;2;0;0;0;0;0;0;4;0;0;0;0
"29/07/2023";"01:42:00";"5";"ac03-Acide";"82.7";"BR-493/RJ";"Sul";"Saida de Pista";0;0;1;0;0;0;0;0;0;0;1;0;0;0;0
"29/07/2023";"06:41:00";"33";"ac02-Acide";"765";"BR-116/MG";"Norte";"Atropelamento - Funcionário";0;0;0;0;1;0;0;0;0;0;1;1;0;0;0
"29/07/2023";"06:49:00";"34";"ac03-Acide";"78.6";"BR-116/RJ";"Norte";"Choque - Defensa metálica";0;0;1;0;0;0;0;0;0;0;1;0;0;0;0
"29/07/2023";"07:05:00";"38";"ac03-Acide";"78.84";"BR-116/RJ";"Norte";"Colisão lateral no mesmo sentido";0;0;1;0;0;0;0;0;0;1;2;0;0;0;0