data;horario;n_da_ocorrencia;tipo_de_ocorrencia;km;trecho;sentido;tipo_de_acidente;automovel;bicicleta;caminhao;moto;onibus;outros;tracao_animal;transporte_de_cargas_especiais;trator_maquinas;utilitarios;ilesos;levemente_feridos;moderadamente_feridos;gravemente_feridos;mortos
"29/07/2023";"08:20:00";"61";"ac02-Acide";"126.184";"BR-116/RJ";"Sul";"Capotamento";1;0;0;0;0;0;0;0;0;0;0;1;0;0;0
"29/07/2023";"08:45:00";"72";"ac03-Acide";"99.875";"BR-116/RJ";"Norte";"Saida de Pista";0;0;0;0;0;0;0;0;0;1;0;0;0;0;0
"29/07/2023";"09:32:00";"89";"ac03-Acide";"97.564";"BR-116/RJ";"Sul";"Choque - Talude ou Barranco";1;0;0;0;0;0;0;0;0;0;1;0;0;0;0
"29/07/2023";"10:53:00";"102";"ac02-Acide";"643.511";"BR-116/MG";"Norte";"Colisão lateral no mesmo sentido";1;0;0;1;0;0;0;0;0;0;1;1;0;0;0
"29/07/2023";"11:16:00";"106";"ac03-Acide";"103.572";"BR-116/RJ";"Norte";"Choque - New jersey";1;0;0;0;0;0;0;0;0;0;1;0;0;0;0
"29/07/2023";"11:25:00";"109";"ac03-Acide";"119";"BR-116/RJ";"Norte";"Colisão Traseira";1;0;0;0;0;1;0;0;0;0;1;0;0;0;0
"29/07/2023";"11:29:00";"110";"ac03-Acide";"103";"BR-116/RJ";"Norte";"Choque - Canaleta";1;0;0;0;0;0;0;0;0;0;1;0;0;0;0
"29/07/2023";"12:03:00";"117";"ac02-Acide";"98.71";"BR-116/RJ";"Sul";"Capotamento";1;0;0;0;0;0;0;0;0;0;0;1;0;0;0
"29/07/2023";"12:49:00";"119";"ac03-Acide";"147.844";"BR-116/RJ";"Sul";"Engavetamento";3;0;1;0;0;0;0;0;0;0;4;0;0;0;0
"29/07/2023";"02:57:00";"149";"ac03-Acide";"71.487";"BR-116/RJ";"Norte";"Colisão lateral no mesmo sentido";1;0;0;1;0;0;0;0;0;0;1;0;0;0;0
"29/07/2023";"03:45:00";"162";"ac02-Acide";"97.8";"BR-116/RJ";"Sul";"Queda de Moto";0;0;0;1;0;0;0;0;0;0;0;1;0;0;0
"29/07/2023";"04:17:00";"167";"ac03-Acide";"98.717";"BR-116/RJ";"Sul";"Choque - Talude ou Barranco";1;0;0;0;0;0;0;0;0;0;1;0;0;0;0
"29/07/2023";"04:23:00";"170";"ac03-Acide";"102.613";"BR-116/RJ";"Norte";"Choque - Canaleta";1;0;0;0;0;0;0;0;0;0;1;0;0;0;0
"29/07/2023";"04:51:00";"172";"ac03-Acide";"48.3";"BR-493/RJ";"Sul";"Queda de Moto";0;0;0;1;0;0;0;0;0;0;1;0;0;0;0
"29/07/2023";"05:47:00";"181";"ac03-Acide";"185.9";"BR-116/RJ";"Sul";"Queda de Moto";0;0;0;1;0;0;0;0;0;0;1;0;0;0;0
"29/07/2023";"06:09:00";"183";"ac01-Acide";"729.135";"BR-116/MG";"Norte";"Colisão lateral no sentido contrário";0;0;3;0;0;0;0;0;0;0;2;0;0;0;1
"29/07/2023";"07:05:00";"190";"ac02-Acide";"765";"BR-116/MG";"Norte";"Colisão lateral no mesmo sentido";1;0;0;1;0;0;0;0;0;0;1;0;1;0;0
"29/07/2023";"07:09:00";"191";"ac02-Acide";"194";"BR-116/RJ";"Norte";"Engavetamento";4;0;0;0;0;0;0;0;0;0;4;0;1;0;0
"29/07/2023";"07:18:00";"192";"ac01-Acide";"193.8";"BR-116/RJ";"Norte";"Atropelamento - Pedestre";1;0;0;0;0;0;0;0;0;0;1;0;0;0;1
"29/07/2023";"08:23:00";"203";"ac02-Acide";"99";"BR-116/RJ";"Sul";"Colisão lateral no sentido contrário";2;0;0;0;0;0;0;0;0;0;0;2;0;0;0
"29/07/2023";"10:04:00";"214";"ac02-Acide";"99";"BR-116/RJ";"Sul";"Saida de Pista";1;0;0;0;0;0;0;0;0;0;0;1;0;0;0
"29/07/2023";"10:05:00";"215";"ac02-Acide";"698";"BR-116/MG";"Sul";"Atropelamento de Animal";1;0;0;0;0;0;0;0;0;0;0;1;0;0;0
"29/07/2023";"11:55:00";"224";"ac02-Acide";"530.1";"BR-116/MG";"Norte";"Colisão Traseira";2;0;0;0;0;0;0;0;0;0;0;1;0;0;0
"30/07/2023";"02:08:00";"4";"ac02-Acide";"204";"BR-116/RJ";"Sul";"Choque - Barreira";1;0;0;0;0;0;0;0;0;0;0;4;0;0;0
"30/07/2023";"03:45:00";"9";"ac01-Acide";"19.7";"BR-493/RJ";"Sul";"Atropelamento de Animal";0;0;0;1;0;0;0;0;0;0;0;0;0;0;1
"30/07/2023";"03:45:00";"10";"ac02-Acide";"187.9";"BR-116/RJ";"Norte";"Capotamento";1;0;0;0;0;0;0;0;0;0;0;1;0;0;0
"30/07/2023";"06:23:00";"20";"ac03-Acide";"6.018";"BR-465/RJ";"Norte";"Choque - Defensa metálica";1;0;0;0;0;0;0;0;0;0;1;0;0;0;0
"30/07/2023";"11:14:00";"95";"ac02-Acide";"701.86";"BR-116/MG";"Sul";"Colisão Transversal";1;0;0;1;0;0;0;0;0;0;0;2;1;0;0
"30/07/2023";"01:41:00";"105";"ac03-Acide";"80.6";"BR-116/RJ";"Norte";"Colisão lateral no mesmo sentido";1;0;0;1;0;0;0;0;0;0;2;0;0;0;0
"30/07/2023";"03:30:00";"131";"ac02-Acide";"59.3";"BR-116/RJ";"Sul";"Queda de Ciclista";0;1;0;0;0;0;0;0;0;0;0;0;1;0;0
"30/07/2023";"06:30:00";"164";"ac02-Acide";"418";"BR-116/MG";"Sul";"Colisão lateral no mesmo sentido";0;1;0;1;0;0;0;0;0;0;0;0;2;0;0
"30/07/2023";"06:53:00";"174";"ac02-Acide";"718.842";"BR-116/MG";"Sul";"Colisão lateral no mesmo sentido";2;0;0;0;0;1;0;0;0;0;0;6;0;0;0
"30/07/2023";"10:58:00";"221";"ac02-Acide";"189.8";"BR-116/RJ";"Sul";"Atropelamento - Andarilho";1;0;0;0;0;0;0;0;0;0;1;0;0;1;0
"31/07/2023";"01:13:00";"4";"ac03-Acide";"764";"BR-116/MG";"Sul";"Atropelamento de Animal";0;0;0;0;1;0;0;0;0;0;1;0;0;0;0
"31/07/2023";"01:15:00";"5";"ac03-Acide";"135.56";"BR-116/RJ";"Norte";"Choque - Meio Fio";1;0;0;0;0;0;0;0;0;0;1;0;0;0;0
"31/07/2023";"03:40:00";"13";"ac01-Acide";"75";"BR-116/RJ";"Sul";"Colisão Frontal";0;0;1;1;0;0;0;0;0;0;1;0;0;0;1
"31/07/2023";"05:03:00";"17";"ac02-Acide";"66.216";"BR-493/RJ";"Norte";"Atropelamento de Animal";0;0;0;0;0;0;0;0;0;1;0;1;1;0;0
"31/07/2023";"07:03:00";"31";"ac02-Acide";"83.187";"BR-116/RJ";"Sul";"Atropelamento Ciclista";0;1;0;1;0;0;0;0;0;0;0;0;1;1;0
"31/07/2023";"08:33:00";"76";"ac03-Acide";"632.866";"BR-116/MG";"Norte";"Colisão lateral no mesmo sentido";1;0;1;0;0;0;0;0;0;0;1;0;0;0;0
"31/07/2023";"05:50:00";"224";"ac02-Acide";"561.143";"BR-116/MG";"Norte";"Colisão lateral no mesmo sentido";0;0;1;1;0;0;0;0;0;0;0;1;0;0;0
"31/07/2023";"06:43:00";"233";"ac03-Acide";"173.8";"BR-116/RJ";"Sul";"Colisão Traseira";2;0;0;0;0;0;0;0;0;0;2;0;0;0;0
"31/07/2023";"10:43:00";"272";"ac02-Acide";"24";"BR-493/RJ";"Sul";"Atropelamento Ciclista";1;1;0;0;0;0;0;0;0;0;1;0;1;0;0
"01/08/2023";"01:02:00";"7";"ac02 - Aci";"121.254";"BR-493/RJ";"Norte";"Tombamento";0;0;1;0;0;0;0;0;0;0;0;1;0;0;0
"01/08/2023";"06:16:00";"21";"ac02 - Aci";"117.779";"BR-116/RJ";"Sul";"Colisão lateral no mesmo sentido";2;0;0;0;0;0;0;0;0;0;1;4;0;0;0
"01/08/2023";"06:23:00";"23";"ac03 - Aci";"184.687";"BR-116/RJ";"Norte";"Colisão Traseira";0;0;1;0;0;1;0;0;0;0;2;0;0;0;0
"01/08/2023";"07:59:00";"55";"ac02 - Aci";"54.61";"BR-493/RJ";"Norte";"Capotamento";1;0;0;0;0;0;0;0;0;0;0;1;1;0;0
"01/08/2023";"10:10:00";"89";"ac02 - Aci";"55.772";"BR-116/RJ";"Sul";"Saida de Pista";0;0;1;0;0;0;0;0;0;0;0;1;0;0;0
"01/08/2023";"10:15:00";"91";"ac03 - Aci";"211.698";"BR-116/RJ";"Norte";"Choque - New jersey";1;0;0;0;0;0;0;0;0;0;1;0;0;0;0
"01/08/2023";"01:36:00";"124";"ac03 - Aci";"486.908";"BR-116/MG";"Norte";"Choque - Meio Fio";1;0;0;0;0;0;0;0;0;0;1;0;0;0;0
"01/08/2023";"03:12:00";"143";"ac02 - Aci";"182.759";"BR-116/RJ";"Sul";"Queda de Moto";0;0;0;1;0;0;0;0;0;0;0;1;0;0;0
"01/08/2023";"03:14:00";"145";"ac03 - Aci";"173.703";"BR-116/RJ";"Sul";"Colisão Traseira";2;0;0;0;0;0;0;0;0;0;2;0;0;0;0
"01/08/2023";"04:43:00";"164";"ac02 - Aci";"767.943";"BR-116/MG";"Sul";"Colisão Transversal";2;0;0;0;0;0;0;0;0;0;0;1;0;1;0
"01/08/2023";"05:36:00";"172";"ac02 - Aci";"181";"BR-116/RJ";"Sul";"Colisão Traseira";1;0;0;1;0;0;0;0;0;0;1;1;0;0;0
"01/08/2023";"06:57:00";"186";"ac02 - Aci";"1.5";"BR-465/RJ";"Sul";"Colisão lateral no mesmo sentido";1;0;0;1;0;0;0;0;0;0;1;2;0;0;0
"01/08/2023";"10:49:00";"229";"ac03 - Aci";"516";"BR-116/MG";"Norte";"Atropelamento de Animal";1;0;0;0;0;0;0;0;0;0;1;0;0;0;0
"01/08/2023";"11:43:00";"238";"ac02 - Aci";"99.5";"BR-116/RJ";"Sul";"Colisão Traseira";0;0;2;0;0;0;0;0;0;0;0;2;1;0;0
"02/08/2023";"05:27:00";"20";"ac02 - Aci";"538";"BR-116/MG";"Norte";"Colisão lateral no sentido contrário";1;0;1;0;0;0;0;0;0;0;0;5;0;0;0
"02/08/2023";"07:53:00";"49";"ac02 - Aci";"537.37";"BR-116/MG";"Norte";"Colisão lateral no mesmo sentido";1;0;0;1;0;0;0;0;0;0;1;2;0;0;0
"02/08/2023";"08:53:00";"72";"ac02 - Aci";"771.5";"BR-116/MG";"Sul";"Colisão Traseira";2;0;0;0;0;0;0;0;0;0;1;1;0;0;0
"02/08/2023";"09:06:00";"76";"ac02 - Aci";"186.5";"BR-116/RJ";"Norte";"Atropelamento Ciclista";1;1;0;0;0;0;0;0;0;0;1;0;1;0;0
"02/08/2023";"10:06:00";"99";"ac02 - Aci";"97.417";"BR-116/RJ";"Sul";"Choque - Barreira";0;0;1;0;0;0;0;0;0;0;0;1;0;0;0
"02/08/2023";"10:59:00";"114";"ac02 - Aci";"1.266";"BR-493/RJ";"Sul";"Atropelamento - Pedestre";0;0;0;1;0;0;0;0;0;0;1;0;1;0;0
"02/08/2023";"12:17:00";"135";"ac02 - Aci";"693";"BR-116/MG";"Norte";"Colisão lateral no sentido contrário";1;0;0;1;0;0;0;0;0;0;1;1;0;0;0
"02/08/2023";"12:46:00";"144";"ac02 - Aci";"115.68";"BR-116/RJ";"Norte";"Tombamento";0;0;1;0;0;0;0;0;0;0;0;1;0;0;0
"02/08/2023";"01:15:00";"149";"ac02 - Aci";"412";"BR-116/MG";"Norte";"Colisão Transversal";1;0;0;1;0;0;0;0;0;0;0;1;1;0;0
"02/08/2023";"02:44:00";"165";"ac03 - Aci";"725";"BR-116/MG";"Norte";"Colisão lateral no sentido contrário";1;0;1;0;0;0;0;0;0;0;2;0;0;0;0
"02/08/2023";"07:02:00";"223";"ac03 - Aci";"20.244";"BR-465/RJ";"Norte";"Colisão lateral no sentido contrário";2;0;0;0;0;0;0;0;0;0;2;0;0;0;0
"02/08/2023";"07:37:00";"232";"ac02 - Aci";"175";"BR-116/RJ";"Sul";"Colisão Traseira";1;0;0;1;0;0;0;0;0;0;1;0;1;0;0
"02/08/2023";"07:46:00";"233";"ac02 - Aci";"77.93";"BR-116/RJ";"Norte";"Colisão lateral no sentido contrário";0;0;0;1;0;0;0;0;0;1;1;0;0;1;0
"02/08/2023";"10:35:00";"254";"ac02 - Aci";"212.812";"BR-116/RJ";"Sul";"Colisão Traseira";0;0;2;0;0;0;0;0;0;0;0;2;0;0;0
"03/08/2023";"03:49:00";"18";"ac02 - Aci";"191";"BR-116/RJ";"Norte";"Atropelamento de Animal";0;0;0;0;0;0;0;0;0;1;1;1;0;0;0
"03/08/2023";"06:35:00";"34";"ac02 - Aci";"6.246";"BR-493/RJ";"Norte";"Colisão Traseira";1;0;0;0;0;0;0;0;0;1;0;2;2;0;0
"03/08/2023";"08:13:00";"63";"ac03 - Aci";"187.5";"BR-116/RJ";"Norte";"Colisão lateral no mesmo sentido";1;0;1;0;0;0;0;0;0;0;2;0;0;0;0
"03/08/2023";"08:15:00";"66";"ac03 - Aci";"145.56";"BR-116/RJ";"Sul";"Engavetamento";4;0;0;0;0;0;0;0;0;0;4;0;0;0;0
"03/08/2023";"10:00:00";"122";"ac02 - Aci";"5.095";"BR-493/RJ";"Norte";"Colisão Traseira";1;0;1;0;0;0;0;0;0;0;0;2;0;0;0
"03/08/2023";"10:28:00";"130";"ac02 - Aci";"699.718";"BR-116/MG";"Norte";"Colisão Transversal";1;0;0;1;0;0;0;0;0;0;1;0;1;0;0
"03/08/2023";"10:57:00";"142";"ac03 - Aci";"10";"BR-493/RJ";"Norte";"Colisão Traseira";1;0;0;0;0;0;0;0;0;1;2;0;0;0;0
"03/08/2023";"12:27:00";"163";"ac03 - Aci";"530.119";"BR-116/MG";"Norte";"Colisão Traseira";3;0;0;0;0;0;0;0;0;0;3;0;0;0;0
"03/08/2023";"01:57:00";"181";"ac02 - Aci";"13.9";"BR-116/RJ";"Norte";"Capotamento";1;0;0;0;0;0;0;0;0;0;0;0;2;0;0
"03/08/2023";"04:09:00";"215";"ac03 - Aci";"94.5";"BR-493/RJ";"Sul";"Colisão Traseira";0;0;2;0;0;0;0;0;0;0;2;0;0;0;0
"03/08/2023";"05:53:00";"235";"ac03 - Aci";"685";"BR-116/MG";"Sul";"Colisão Traseira";0;0;1;0;0;1;0;0;0;0;2;0;0;0;0
"03/08/2023";"09:39:00";"275";"ac02 - Aci";"174.369";"BR-116/RJ";"Norte";"Choque - Barreira";1;0;0;0;0;0;0;0;0;0;0;1;0;0;0
"03/08/2023";"11:52:00";"287";"ac03 - Aci";"206.598";"BR-116/RJ";"Sul";"Choque - Outros";1;0;0;0;0;0;0;0;0;0;1;0;0;0;0
"04/08/2023";"04:04:00";"13";"ac03 - Aci";"561.433";"BR-116/MG";"Norte";"Colisão Traseira";2;0;0;0;0;0;0;0;0;0;2;0;0;0;0
"04/08/2023";"05:38:00";"20";"ac02 - Aci";"173.956";"BR-116/RJ";"Norte";"Colisão lateral no mesmo sentido";1;0;0;1;0;0;0;0;0;0;1;1;0;0;0
"04/08/2023";"06:07:00";"22";"ac03 - Aci";"789.444";"BR-116/MG";"Norte";"Choque - Meio Fio";1;0;0;0;0;0;0;0;0;0;1;0;0;0;0
"04/08/2023";"06:57:00";"30";"ac03 - Aci";"413.694";"BR-116/MG";"Sul";"Engavetamento";3;0;0;0;0;0;0;0;0;0;3;0;0;0;0
"04/08/2023";"07:27:00";"42";"ac02 - Aci";"11.043";"BR-465/RJ";"Sul";"Queda de Ciclista";0;2;0;0;0;0;0;0;0;0;1;0;0;1;0
"04/08/2023";"07:29:00";"44";"ac02 - Aci";"68.087";"BR-116/RJ";"Sul";"Capotamento";1;0;0;0;0;0;0;0;0;0;0;1;0;0;0
"04/08/2023";"07:30:00";"45";"ac02 - Aci";"172.624";"BR-116/RJ";"Norte";"Colisão lateral no mesmo sentido";1;0;0;1;0;0;0;0;0;0;1;2;0;0;0
"04/08/2023";"08:48:00";"63";"ac02 - Aci";"176.816";"BR-116/RJ";"Norte";"Colisão Traseira";1;0;0;1;0;0;0;0;0;0;1;1;0;0;0
"04/08/2023";"09:34:00";"81";"ac01 - Aci";"638.285";"BR-116/MG";"Norte";"Tombamento";0;0;1;0;0;0;0;0;0;0;0;0;0;1;1
"04/08/2023";"11:27:00";"123";"ac02 - Aci";"196.06";"BR-116/RJ";"Sul";"Choque - New jersey";1;0;0;0;0;0;0;0;0;0;0;1;0;0;0
"04/08/2023";"11:44:00";"127";"ac03 - Aci";"530.077";"BR-116/MG";"Norte";"Colisão Traseira";2;0;0;0;0;0;0;0;0;0;2;0;0;0;0
"04/08/2023";"01:36:00";"174";"ac02 - Aci";"118.931";"BR-116/RJ";"Norte";"Engavetamento";1;0;2;0;0;0;0;0;0;0;0;4;0;0;0
"04/08/2023";"01:47:00";"181";"ac02 - Aci";"107.727";"BR-116/RJ";"Norte";"Colisão lateral no sentido contrário";1;0;0;1;0;0;0;0;0;0;0;2;0;0;0
"04/08/2023";"04:19:00";"230";"ac02 - Aci";"518.708";"BR-116/MG";"Sul";"Colisão Traseira";1;0;0;1;0;0;0;0;0;0;1;1;0;1;0
"04/08/2023";"04:38:00";"234";"ac02 - Aci";"114.693";"BR-116/RJ";"Norte";"Colisão Traseira";1;0;0;1;0;0;0;0;0;0;0;1;0;1;0
"04/08/2023";"05:08:00";"239";"ac03 - Aci";"489.451";"BR-116/MG";"Norte";"Colisão Traseira";1;0;1;0;0;0;0;0;0;0;3;0;0;0;0
"04/08/2023";"11:06:00";"303";"ac03 - Aci";"125";"BR-116/RJ";"Norte";"Colisão Traseira";1;0;0;0;0;1;0;0;0;0;2;0;0;0;0
"05/08/2023";"01:55:00";"6";"ac02 - Aci";"79.6";"BR-116/RJ";"Sul";"Atropelamento de Animal";1;0;0;0;0;0;0;0;0;0;0;1;0;0;0
"05/08/2023";"03:05:00";"10";"ac02 - Aci";"507";"BR-116/MG";"Norte";"Queda de Moto";0;0;0;1;0;0;0;0;0;0;0;0;1;0;0
"05/08/2023";"05:29:00";"15";"ac02 - Aci";"66.479";"BR-493/RJ";"Norte";"Atropelamento de Animal";1;0;0;0;0;0;0;0;0;0;1;2;0;0;0
"05/08/2023";"07:08:00";"28";"ac02 - Aci";"200.601";"BR-116/RJ";"Norte";"Colisão Traseira";1;0;0;1;0;0;0;0;0;1;2;1;0;0;0
"05/08/2023";"07:37:00";"42";"ac03 - Aci";"197.816";"BR-116/RJ";"Norte";"Choque - Defensa metálica";0;0;1;0;0;0;0;0;0;0;1;0;0;0;0
"05/08/2023";"08:02:00";"60";"ac03 - Aci";"440.172";"BR-116/MG";"Sul";"Colisão Traseira";2;0;0;0;0;0;0;0;0;0;2;0;0;0;0
"05/08/2023";"08:16:00";"71";"ac03 - Aci";"528.416";"BR-116/MG";"Norte";"Colisão Transversal";2;0;0;0;0;0;0;0;0;0;2;0;0;0;0
"05/08/2023";"08:54:00";"92";"ac02 - Aci";"181.2";"BR-116/RJ";"Sul";"Atropelamento Ciclista";1;1;0;0;0;0;0;0;0;0;1;1;0;0;0
"05/08/2023";"10:14:00";"128";"ac02 - Aci";"173.595";"BR-116/RJ";"Norte";"Colisão Traseira";2;0;0;0;0;0;0;0;0;0;1;1;0;0;0
"05/08/2023";"01:27:00";"189";"ac03 - Aci";"5.111";"BR-465/RJ";"Sul";"Queda de Moto";0;0;0;1;0;0;0;0;0;0;2;0;0;0;0
"05/08/2023";"01:27:00";"190";"ac03 - Aci";"754.657";"BR-116/MG";"Norte";"Saida de Pista";1;0;0;0;0;0;0;0;0;0;1;0;0;0;0
"05/08/2023";"04:00:00";"239";"ac02 - Aci";"182.35";"BR-116/RJ";"Sul";"Colisão Traseira";1;0;0;1;0;0;0;0;0;0;1;1;0;0;0
"05/08/2023";"05:02:00";"251";"ac02 - Aci";"193.7";"BR-116/RJ";"Norte";"Queda de Moto";0;0;0;1;0;0;0;0;0;0;0;0;2;0;0
"05/08/2023";"05:09:00";"254";"ac02 - Aci";"531.704";"BR-116/MG";"Norte";"Colisão lateral no mesmo sentido";0;0;0;2;0;0;0;0;0;0;1;1;1;0;0
"05/08/2023";"05:53:00";"261";"ac03 - Aci";"497.858";"BR-116/MG";"Sul";"Choque - Canaleta";1;0;0;0;0;0;0;0;0;0;1;0;0;0;0
"05/08/2023";"06:06:00";"265";"ac03 - Aci";"3";"BR-465/RJ";"Sul";"Queda de Moto";0;0;0;1;0;0;0;0;0;0;1;0;0;0;0
"05/08/2023";"07:06:00";"281";"ac03 - Aci";"425.69";"BR-116/MG";"Norte";"Choque - Arvore";1;0;0;0;0;0;0;0;0;0;1;0;0;0;0
"05/08/2023";"08:32:00";"299";"ac02 - Aci";"413";"BR-116/MG";"Norte";"Atropelamento Ciclista";0;1;0;1;0;0;0;0;0;0;1;0;1;0;0
"05/08/2023";"08:44:00";"303";"ac03 - Aci";"563";"BR-116/MG";"Norte";"Queda de Moto";0;0;0;1;0;0;0;0;0;0;2;0;0;0;0
"05/08/2023";"10:28:00";"316";"ac03 - Aci";"20.301";"BR-465/RJ";"Norte";"Colisão lateral no sentido contrário";2;0;0;0;0;0;0;0;0;0;2;0;0;0;0
"05/08/2023";"10:49:00";"321";"ac02 - Aci";"20.24";"BR-493/RJ";"Sul";"Colisão Traseira";1;1;0;1;0;0;0;0;0;0;1;1;0;1;0
"05/08/2023";"11:35:00";"325";"ac03 - Aci";"509";"BR-116/MG";"Norte";"Choque - Meio Fio";1;0;0;0;0;0;0;0;0;0;1;0;0;0;0
"06/08/2023";"03:29:00";"18";"ac02 - Aci";"68.05";"BR-493/RJ";"Norte";"Saida de Pista";1;0;0;0;0;0;0;0;0;0;0;0;3;0;0
"06/08/2023";"03:51:00";"19";"ac03 - Aci";"459.063";"BR-116/MG";"Sul";"Capotamento";1;0;0;0;0;0;0;0;0;0;1;0;0;0;0
"06/08/2023";"06:30:00";"29";"ac03 - Aci";"515.695";"BR-116/MG";"Norte";"Choque - Canaleta";1;0;0;0;0;0;0;0;0;0;2;0;0;0;0
"06/08/2023";"06:53:00";"34";"ac02 - Aci";"12.585";"BR-465/RJ";"Norte";"Colisão Frontal";0;0;0;2;0;0;0;0;0;0;0;0;0;3;0
"06/08/2023";"09:43:00";"95";"ac02 - Aci";"176";"BR-116/RJ";"Norte";"Queda de Moto";0;0;0;1;0;0;0;0;0;0;0;1;0;0;0
"06/08/2023";"12:12:00";"132";"ac02 - Aci";"191.77";"BR-116/RJ";"Norte";"Queda de Moto";0;0;0;1;0;0;0;0;0;0;0;2;0;0;0
"06/08/2023";"12:16:00";"133";"ac02 - Aci";"12.944";"BR-465/RJ";"Sul";"Atropelamento Ciclista";1;1;0;0;0;0;0;0;0;0;1;1;0;0;0
"06/08/2023";"12:36:00";"138";"ac02 - Aci";"185.876";"BR-116/RJ";"Norte";"Colisão Traseira";1;0;0;0;0;0;0;0;0;1;2;1;0;0;0
"06/08/2023";"01:31:00";"155";"ac03 - Aci";"187.895";"BR-116/RJ";"Norte";"Colisão Traseira";2;0;0;0;0;0;0;0;0;0;2;0;0;0;0
"06/08/2023";"04:25:00";"192";"ac02 - Aci";"549.348";"BR-116/MG";"Norte";"Choque - Talude ou Barranco";1;0;0;0;0;0;0;0;0;0;0;0;1;0;0
"06/08/2023";"04:46:00";"197";"ac03 - Aci";"12.3";"BR-116/RJ";"Norte";"Atropelamento de Animal";1;0;0;0;0;0;0;0;0;0;1;0;0;0;0
"06/08/2023";"05:04:00";"200";"ac03 - Aci";"187.772";"BR-116/RJ";"Norte";"Engavetamento";4;0;0;0;0;0;0;0;0;0;4;0;0;0;0
"06/08/2023";"06:20:00";"207";"ac02 - Aci";"13.02";"BR-465/RJ";"Norte";"Atropelamento - Pedestre";0;0;0;1;0;0;0;0;0;0;1;1;0;0;0
"06/08/2023";"06:22:00";"209";"ac02 - Aci";"657.17";"BR-116/MG";"Sul";"Colisão lateral no sentido contrário";1;0;0;1;0;0;0;0;0;0;1;0;2;0;0
"06/08/2023";"07:42:00";"231";"ac03 - Aci";"147.144";"BR-116/RJ";"Norte";"Capotamento";1;0;0;0;0;0;0;0;0;0;1;0;0;0;0
"06/08/2023";"10:25:00";"254";"ac03 - Aci";"175.31";"BR-116/RJ";"Sul";"Choque - Barreira";1;0;0;0;0;0;0;0;0;0;1;0;0;0;0
"06/08/2023";"10:34:00";"256";"ac02 - Aci";"139.633";"BR-116/RJ";"Sul";"Queda de Moto";0;0;0;1;0;0;0;0;0;0;0;2;0;0;0
"06/08/2023";"10:54:00";"260";"ac02 - Aci";"1.768";"BR-493/RJ";"Sul";"Colisão Traseira";2;0;0;0;0;0;0;0;0;0;1;0;4;0;0
"06/08/2023";"11:43:00";"267";"ac03 - Aci";"1.569";"BR-493/RJ";"Sul";"Choque - Meio Fio";1;0;0;0;0;0;0;0;0;0;1;0;0;0;0
"06/08/2023";"11:46:00";"268";"ac03 - Aci";"171";"BR-116/RJ";"Norte";"Choque - Defensa metálica";1;0;0;0;0;0;0;0;0;0;1;0;0;0;0
"07/08/2023";"12:59:00";"5";"ac03 - Aci";"21";"BR-465/RJ";"Norte";"Colisão Frontal";2;0;0;0;0;0;0;0;0;0;2;0;0;0;0
"07/08/2023";"01:00:00";"7";"ac03 - Aci";"21";"BR-465/RJ";"Norte";"Colisão Traseira";2;0;0;0;0;0;0;0;0;0;2;0;0;0;0
"07/08/2023";"01:17:00";"8";"ac02 - Aci";"506.044";"BR-116/MG";"Sul";"Atropelamento de Animal";0;0;1;0;0;0;0;0;0;0;0;1;0;0;0
"07/08/2023";"04:51:00";"28";"ac02 - Aci";"419.136";"BR-116/MG";"Norte";"Atropelamento - Andarilho";0;0;0;0;1;0;0;0;0;0;1;0;1;0;0
"07/08/2023";"08:13:00";"77";"ac03 - Aci";"100";"BR-493/RJ";"Sul";"Saida de Pista";1;0;0;0;0;0;0;0;0;0;1;0;0;0;0
"07/08/2023";"08:54:00";"104";"ac02 - Aci";"102.617";"BR-116/RJ";"Norte";"Queda de Moto";0;0;0;1;0;0;0;0;0;0;0;2;0;0;0
"07/08/2023";"12:37:00";"178";"ac02 - Aci";"570.376";"BR-116/MG";"Sul";"Queda de Moto";0;0;0;1;0;0;0;0;0;0;0;0;1;0;0
"07/08/2023";"12:55:00";"182";"ac02 - Aci";"6.3";"BR-116/RJ";"Norte";"Choque - Barreira";1;0;0;0;0;0;0;0;0;0;0;3;0;0;0
"07/08/2023";"04:17:00";"221";"ac03 - Aci";"10";"BR-465/RJ";"Norte";"Colisão lateral no mesmo sentido";0;0;1;0;1;0;0;0;0;0;2;0;0;0;0
"07/08/2023";"10:31:00";"293";"ac02 - Aci";"683.939";"BR-116/MG";"Sul";"Atropelamento de Animal";0;0;0;0;0;0;0;0;0;1;0;1;0;0;0
"08/08/2023";"01:26:00";"5";"ac02 - Aci";"182.8";"BR-116/RJ";"Norte";"Choque - Objeto na Pista";0;0;0;1;0;0;0;0;0;0;0;1;0;0;0
"08/08/2023";"07:14:00";"36";"ac02 - Aci";"176.572";"BR-116/RJ";"Norte";"Capotamento";1;0;0;0;0;0;0;0;0;0;0;0;1;0;0
"08/08/2023";"09:54:00";"118";"ac02 - Aci";"99.214";"BR-116/RJ";"Sul";"Colisão Traseira";0;0;0;1;0;1;0;0;0;0;1;1;0;0;0
"08/08/2023";"12:05:00";"161";"ac02 - Aci";"48.765";"BR-493/RJ";"Sul";"Choque - New jersey";1;0;0;0;0;1;0;0;0;0;1;1;0;0;0
"08/08/2023";"12:23:00";"163";"ac03 - Aci";"195.8";"BR-116/RJ";"Sul";"Choque - Defensa metálica";1;0;0;0;0;0;0;0;0;0;1;0;0;0;0
"08/08/2023";"02:46:00";"185";"ac02 - Aci";"90.4";"BR-116/RJ";"Norte";"Colisão lateral no sentido contrário";2;0;0;0;0;0;0;0;0;0;0;3;2;0;0
"08/08/2023";"04:00:00";"201";"ac02 - Aci";"638.245";"BR-116/MG";"Sul";"Tombamento";0;0;1;0;0;0;0;0;0;0;0;0;0;1;0
"08/08/2023";"04:25:00";"203";"ac01 - Aci";"198.171";"BR-116/RJ";"Sul";"Atropelamento - Pedestre";1;0;0;0;0;0;0;0;0;0;1;0;0;0;1
"08/08/2023";"05:16:00";"209";"ac03 - Aci";"102.2";"BR-116/RJ";"Sul";"Choque - New jersey";1;0;0;0;0;0;0;0;0;0;1;0;0;0;0