data;horario;n_da_ocorrencia;tipo_de_ocorrencia;km;trecho;sentido;tipo_de_acidente;automovel;bicicleta;caminhao;moto;onibus;outros;tracao_animal;transporte_de_cargas_especiais;trator_maquinas;utilitarios;ilesos;levemente_feridos;moderadamente_feridos;gravemente_feridos;mortos
"08/08/2023";"06:05:00";"214";"ac02 - Aci";"171.9";"BR-116/RJ";"Sul";"Colisão lateral no mesmo sentido";1;0;0;1;0;0;0;0;0;0;1;1;0;0;0
"08/08/2023";"06:45:00";"222";"ac02 - Aci";"53.452";"BR-493/RJ";"Sul";"Choque - Canaleta";1;0;0;0;0;0;0;0;0;0;0;1;0;0;0
"08/08/2023";"09:52:00";"249";"ac02 - Aci";"186";"BR-116/RJ";"Sul";"Colisão Traseira";1;0;1;0;0;0;0;0;0;0;0;2;1;0;0
"09/08/2023";"12:07:00";"1";"ac03 - Aci";"94";"BR-116/RJ";"Sul";"Choque - Talude ou Barranco";1;0;0;0;0;0;0;0;0;0;1;0;0;0;0
"09/08/2023";"12:46:00";"3";"ac02 - Aci";"172";"BR-116/RJ";"Sul";"Colisão lateral no mesmo sentido";1;0;0;1;0;0;0;0;0;0;0;1;1;0;0
"09/08/2023";"06:10:00";"15";"ac02 - Aci";"524.498";"BR-116/MG";"Norte";"Colisão Transversal";1;0;0;1;0;0;0;0;0;0;1;0;1;0;0
"09/08/2023";"09:26:00";"116";"ac02 - Aci";"204.492";"BR-116/RJ";"Norte";"Saida de Pista";1;0;0;0;0;0;0;0;0;0;0;1;0;0;0
"09/08/2023";"11:27:00";"168";"ac02 - Aci";"497.114";"BR-116/MG";"Sul";"Colisão lateral no sentido contrário";1;0;0;1;0;0;0;0;0;0;1;0;1;0;0
"09/08/2023";"03:31:00";"268";"ac02 - Aci";"6.8";"BR-116/RJ";"Sul";"Choque - Meio Fio";1;0;0;0;0;1;0;0;0;0;1;2;0;0;0
"09/08/2023";"06:50:00";"308";"ac02 - Aci";"701";"BR-116/MG";"Norte";"Atropelamento - Andarilho";1;0;0;0;0;0;0;0;0;0;1;0;1;0;0
"09/08/2023";"07:30:00";"314";"ac03 - Aci";"172";"BR-116/RJ";"Sul";"Colisão Traseira";2;0;0;0;0;0;0;0;0;0;2;0;0;0;0
"09/08/2023";"09:13:00";"329";"ac02 - Aci";"14";"BR-465/RJ";"Norte";"Atropelamento - Pedestre";1;0;0;0;0;0;0;0;0;0;1;1;0;0;0
"09/08/2023";"09:15:00";"330";"ac01 - Aci";"87";"BR-493/RJ";"Sul";"Queda de Moto";0;0;0;1;0;0;0;0;0;0;0;0;0;0;1
"09/08/2023";"11:21:00";"344";"ac03 - Aci";"795";"BR-116/MG";"Norte";"Choque - Meio Fio";1;0;0;0;0;0;0;0;0;0;1;0;0;0;0
"10/08/2023";"05:00:00";"14";"ac03 - Aci";"96.047";"BR-493/RJ";"Norte";"Choque - Canaleta";1;0;0;0;0;0;0;0;0;0;2;0;0;0;0
"10/08/2023";"05:59:00";"17";"ac02 - Aci";"175.804";"BR-116/RJ";"Norte";"Queda de Moto";0;0;0;1;0;0;0;0;0;0;0;1;0;0;0
"10/08/2023";"07:24:00";"36";"ac02 - Aci";"108.5";"BR-116/RJ";"Sul";"Colisão Traseira";1;0;0;1;0;0;0;0;0;0;0;1;1;0;0
"10/08/2023";"07:29:00";"39";"ac02 - Aci";"703";"BR-116/MG";"Norte";"Colisão lateral no mesmo sentido";1;0;0;1;0;0;0;0;0;0;1;0;1;0;0
"10/08/2023";"07:37:00";"41";"ac02 - Aci";"170.973";"BR-116/RJ";"Norte";"Colisão Traseira";1;0;1;2;0;0;0;0;0;0;3;1;0;0;0
"10/08/2023";"07:45:00";"45";"ac02 - Aci";"182.499";"BR-116/RJ";"Sul";"Queda de Moto";0;0;0;1;0;0;0;0;0;0;0;2;0;0;0
"10/08/2023";"08:35:00";"70";"ac02 - Aci";"191.009";"BR-116/RJ";"Norte";"Colisão lateral no mesmo sentido";1;0;0;1;0;0;0;0;0;0;1;1;0;0;0
"10/08/2023";"10:03:00";"96";"ac03 - Aci";"659.585";"BR-116/MG";"Sul";"Colisão Traseira";1;0;1;0;0;0;0;0;0;0;2;0;0;0;0
"10/08/2023";"10:29:00";"106";"ac02 - Aci";"466.996";"BR-116/MG";"Norte";"Colisão Frontal";2;0;0;0;0;0;0;0;0;0;0;1;2;0;0
"10/08/2023";"02:12:00";"149";"ac02 - Aci";"170.248";"BR-116/RJ";"Sul";"Colisão Traseira";0;0;0;1;1;0;0;0;0;0;1;0;1;0;0
"10/08/2023";"02:14:00";"150";"ac02 - Aci";"17.096";"BR-465/RJ";"Norte";"Colisão Transversal";1;0;0;1;0;0;0;0;0;0;1;1;0;0;0
"10/08/2023";"05:02:00";"182";"ac02 - Aci";"815.464";"BR-116/MG";"Norte";"Colisão Transversal";1;0;0;1;0;0;0;0;0;0;0;1;0;1;0
"10/08/2023";"06:28:00";"199";"ac03 - Aci";"135.4";"BR-116/RJ";"Norte";"Colisão lateral no mesmo sentido";1;0;1;0;0;0;0;0;0;0;2;0;0;0;0
"10/08/2023";"07:01:00";"216";"ac01 - Aci";"696.6";"BR-116/MG";"Sul";"Queda de Moto";0;0;0;1;0;0;0;0;0;0;0;0;0;0;2
"10/08/2023";"07:52:00";"233";"ac02 - Aci";"188";"BR-116/RJ";"Norte";"Colisão Traseira";1;0;0;1;0;0;0;0;0;0;1;0;1;0;0
"10/08/2023";"08:32:00";"239";"ac02 - Aci";"18.8";"BR-493/RJ";"Norte";"Colisão lateral no mesmo sentido";1;0;1;1;0;0;0;0;0;0;1;0;1;1;0
"10/08/2023";"11:17:00";"262";"ac03 - Aci";"209.8";"BR-116/RJ";"Sul";"Choque - Defensa metálica";1;0;0;0;0;0;0;0;0;0;1;0;0;0;0
"11/08/2023";"03:16:00";"15";"ac02 - Aci";"807.106";"BR-116/MG";"Sul";"Capotamento";1;0;0;0;0;0;0;0;0;0;0;0;1;0;0
"11/08/2023";"03:44:00";"18";"ac03 - Aci";"88.1";"BR-116/RJ";"Sul";"Choque - Talude ou Barranco";0;0;1;0;0;0;0;0;0;0;1;0;0;0;0
"11/08/2023";"07:27:00";"42";"ac03 - Aci";"202";"BR-116/RJ";"Sul";"Colisão Traseira";1;0;1;0;0;0;0;0;0;0;2;0;0;0;0
"11/08/2023";"11:14:00";"152";"ac03 - Aci";"147.167";"BR-116/RJ";"Norte";"Colisão lateral no mesmo sentido";0;0;2;0;0;0;0;0;0;0;2;0;0;0;0
"11/08/2023";"02:15:00";"190";"ac02 - Aci";"181.629";"BR-116/RJ";"Sul";"Colisão lateral no mesmo sentido";1;0;0;1;0;0;0;0;0;0;1;0;1;0;0
"11/08/2023";"02:16:00";"191";"ac02 - Aci";"196.37";"BR-116/RJ";"Norte";"Queda de Moto";0;0;0;1;0;0;0;0;0;0;0;0;1;0;0
"11/08/2023";"02:42:00";"193";"ac02 - Aci";"74.975";"BR-116/RJ";"Sul";"Tombamento";0;0;1;0;0;0;0;0;0;0;0;1;0;0;0
"11/08/2023";"03:19:00";"201";"ac02 - Aci";"185.28";"BR-116/RJ";"Norte";"Colisão Traseira";1;0;0;1;0;0;0;0;0;0;1;1;1;0;0
"11/08/2023";"03:53:00";"208";"ac02 - Aci";"10.992";"BR-465/RJ";"Norte";"Colisão Transversal";1;0;0;1;0;0;0;0;0;0;1;0;1;0;0
"11/08/2023";"04:11:00";"212";"ac02 - Aci";"92.3";"BR-493/RJ";"Norte";"Saida de Pista";0;0;1;0;0;0;0;0;0;0;0;0;1;0;0
"11/08/2023";"05:05:00";"226";"ac02 - Aci";"444.096";"BR-116/MG";"Norte";"Colisão lateral no mesmo sentido";0;0;0;1;0;0;0;0;0;1;1;0;1;0;0
"11/08/2023";"06:17:00";"240";"ac03 - Aci";"412.585";"BR-116/MG";"Norte";"Engavetamento";4;0;0;0;0;0;0;0;0;0;4;0;0;0;0
"11/08/2023";"06:48:00";"247";"ac02 - Aci";"69.909";"BR-493/RJ";"Norte";"Choque - Defensa metálica";1;0;0;0;0;0;0;0;0;0;0;1;0;0;0
"11/08/2023";"07:21:00";"257";"ac03 - Aci";"184";"BR-116/RJ";"Norte";"Engavetamento";1;0;0;0;1;0;0;0;0;1;3;0;0;0;0
"11/08/2023";"08:05:00";"279";"ac03 - Aci";"557";"BR-116/MG";"Sul";"Atropelamento de Animal";1;0;0;0;0;0;0;0;0;0;1;0;0;0;0
"11/08/2023";"09:19:00";"292";"ac02 - Aci";"81.9";"BR-116/RJ";"Sul";"Atropelamento - Pedestre";0;0;1;0;0;0;0;0;0;0;1;0;0;1;0
"12/08/2023";"01:20:00";"11";"ac02 - Aci";"1.218";"BR-493/RJ";"Norte";"Atropelamento de Animal";1;0;0;0;0;0;0;0;0;0;0;3;0;0;0
"12/08/2023";"04:59:00";"32";"ac03 - Aci";"758";"BR-116/MG";"Sul";"Colisão lateral no sentido contrário";3;0;0;0;0;0;0;0;0;0;3;0;0;0;0
"12/08/2023";"06:57:00";"45";"ac02 - Aci";"169";"BR-116/RJ";"Norte";"Queda de Moto";0;0;0;1;0;0;0;0;0;0;0;0;1;0;0
"12/08/2023";"07:30:00";"58";"ac02 - Aci";"81.4";"BR-116/RJ";"Sul";"Colisão Traseira";0;0;0;1;0;1;0;0;0;0;1;0;1;0;0
"12/08/2023";"08:19:00";"71";"ac02 - Aci";"117";"BR-116/RJ";"Sul";"Capotamento";1;0;0;0;0;0;0;0;0;0;0;1;0;0;0
"12/08/2023";"10:56:00";"121";"ac03 - Aci";"178.4";"BR-116/RJ";"Sul";"Choque - New jersey";1;0;0;0;0;0;0;0;0;0;1;0;0;0;0
"12/08/2023";"12:50:00";"163";"ac02 - Aci";"522.272";"BR-116/MG";"Sul";"Colisão lateral no mesmo sentido";1;0;0;1;0;0;0;0;0;0;1;0;1;0;0
"12/08/2023";"04:21:00";"201";"ac03 - Aci";"104.1";"BR-493/RJ";"Sul";"Saida de Pista";1;0;0;0;0;0;0;0;0;0;1;0;0;0;0
"12/08/2023";"04:33:00";"203";"ac02 - Aci";"185.457";"BR-116/RJ";"Norte";"Colisão lateral no mesmo sentido";1;0;0;1;0;0;0;0;0;0;0;2;0;0;0
"12/08/2023";"06:16:00";"228";"ac02 - Aci";"140.394";"BR-116/RJ";"Norte";"Atropelamento - Pedestre";1;0;0;0;0;0;0;0;0;0;1;0;1;0;0
"12/08/2023";"07:54:00";"250";"ac02 - Aci";"87";"BR-116/RJ";"Sul";"Atropelamento - Pedestre";1;0;0;0;0;0;0;0;0;0;1;0;0;1;0
"12/08/2023";"08:43:00";"258";"ac03 - Aci";"102";"BR-493/RJ";"Sul";"Saida de Pista";1;0;0;0;0;0;0;0;0;0;4;0;0;0;0
"12/08/2023";"10:43:00";"277";"ac02 - Aci";"136.308";"BR-116/RJ";"Sul";"Queda de Moto";0;0;0;1;0;0;0;0;0;0;0;0;1;0;0
"12/08/2023";"11:05:00";"282";"ac02 - Aci";"636.357";"BR-116/MG";"Sul";"Atropelamento - Pedestre";1;0;0;0;0;0;0;0;0;0;1;0;1;0;0
"12/08/2023";"11:19:00";"284";"ac03 - Aci";"87.444";"BR-493/RJ";"Norte";"Atropelamento de Animal";1;0;0;0;0;0;0;0;0;0;1;0;0;0;0
"13/08/2023";"01:43:00";"9";"ac02 - Aci";"113.517";"BR-116/RJ";"Norte";"Queda de Moto";0;0;0;1;0;0;0;0;0;0;0;0;2;0;0
"13/08/2023";"03:40:00";"14";"ac03 - Aci";"108.445";"BR-116/RJ";"Norte";"Choque - Meio Fio";1;0;0;0;0;0;0;0;0;0;1;0;0;0;0
"13/08/2023";"05:19:00";"16";"ac02 - Aci";"632.85";"BR-116/MG";"Sul";"Choque - Meio Fio";1;0;0;0;0;0;0;0;0;2;5;0;0;1;0
"13/08/2023";"07:09:00";"21";"ac03 - Aci";"778";"BR-116/MG";"Sul";"Saida de Pista";1;0;0;0;0;0;0;0;0;0;1;0;0;0;0
"13/08/2023";"11:19:00";"78";"ac02 - Aci";"123.65";"BR-116/RJ";"Norte";"Choque - Defensa metálica";1;0;0;0;0;0;0;0;0;0;0;1;0;1;0
"13/08/2023";"11:39:00";"80";"ac02 - Aci";"761";"BR-116/MG";"Norte";"Queda de Moto";0;0;0;1;0;0;0;0;0;0;1;1;0;0;0
"13/08/2023";"12:40:00";"92";"ac02 - Aci";"118.5";"BR-116/RJ";"Norte";"Queda de Moto";0;0;0;1;0;0;0;0;0;0;0;1;0;0;0
"13/08/2023";"12:45:00";"121";"ac03 - Aci";"130";"BR-116/RJ";"Sul";"Colisão lateral no mesmo sentido";1;0;0;0;0;1;0;0;0;0;2;0;0;0;0
"13/08/2023";"12:51:00";"93";"ac02 - Aci";"16.41";"BR-493/RJ";"Sul";"Colisão lateral no sentido contrário";2;0;1;0;0;0;0;0;0;0;0;4;0;0;0
"13/08/2023";"01:41:00";"100";"ac03 - Aci";"103";"BR-116/RJ";"Sul";"Saida de Pista";1;0;0;0;0;0;0;0;0;0;1;0;0;0;0
"13/08/2023";"02:43:00";"112";"ac02 - Aci";"48.23";"BR-493/RJ";"Norte";"Queda de Carro";0;0;0;1;0;0;0;0;0;0;0;2;0;0;0
"13/08/2023";"03:24:00";"116";"ac02 - Aci";"89.6";"BR-116/RJ";"Sul";"Choque - Talude ou Barranco";1;0;0;0;0;0;0;0;0;0;0;1;0;0;0
"13/08/2023";"03:59:00";"124";"ac02 - Aci";"423.911";"BR-116/MG";"Sul";"Capotamento";1;0;0;0;0;0;0;0;0;0;0;0;1;0;0
"13/08/2023";"05:33:00";"145";"ac03 - Aci";"148";"BR-116/RJ";"Sul";"Colisão Traseira";1;0;0;0;0;0;0;0;0;1;2;0;0;0;0
"13/08/2023";"06:58:00";"171";"ac03 - Aci";"96";"BR-493/RJ";"Norte";"Choque - Talude ou Barranco";1;0;0;0;0;0;0;0;0;0;1;0;0;0;0
"14/08/2023";"12:28:00";"3";"ac02 - Aci";"109.487";"BR-116/RJ";"Sul";"Queda de Moto";0;0;0;1;0;0;0;0;0;0;0;0;1;0;0
"14/08/2023";"12:45:00";"5";"ac02 - Aci";"13.456";"BR-116/RJ";"Sul";"Saida de Pista";1;0;0;0;0;0;0;0;0;0;0;2;0;0;0
"14/08/2023";"05:48:00";"21";"ac03 - Aci";"97";"BR-116/RJ";"Sul";"Choque - New jersey";1;0;0;0;0;0;0;0;0;0;2;0;0;0;0
"14/08/2023";"07:00:00";"39";"ac02 - Aci";"676.101";"BR-116/MG";"Norte";"Colisão lateral no sentido contrário";1;0;0;1;0;0;0;0;0;0;1;1;0;0;0
"14/08/2023";"07:49:00";"47";"ac03 - Aci";"146.317";"BR-116/RJ";"Sul";"Colisão lateral no mesmo sentido";0;0;0;1;0;1;0;0;0;0;2;0;0;0;0
"14/08/2023";"08:49:00";"75";"ac03 - Aci";"142.561";"BR-116/RJ";"Sul";"Colisão Traseira";2;0;0;0;0;0;0;0;0;0;2;0;0;0;0
"14/08/2023";"08:58:00";"83";"ac02 - Aci";"170.402";"BR-116/RJ";"Norte";"Colisão lateral no mesmo sentido";0;0;0;1;0;1;0;0;0;0;1;0;0;1;0
"14/08/2023";"09:07:00";"89";"ac03 - Aci";"99.987";"BR-116/RJ";"Norte";"Choque - Meio Fio";1;0;0;0;0;0;0;0;0;0;1;0;0;0;0
"14/08/2023";"09:15:00";"95";"ac02 - Aci";"526.145";"BR-116/MG";"Norte";"Colisão Transversal";1;0;0;1;0;0;0;0;0;0;2;1;0;0;0
"14/08/2023";"10:38:00";"138";"ac03 - Aci";"616.403";"BR-116/MG";"Norte";"Colisão Traseira";1;0;0;0;0;0;0;0;0;1;2;0;0;0;0
"14/08/2023";"10:50:00";"144";"ac03 - Aci";"208.53";"BR-116/RJ";"Sul";"Engavetamento";3;0;0;0;0;0;0;0;0;0;3;0;0;0;0
"14/08/2023";"11:07:00";"152";"ac03 - Aci";"180.489";"BR-116/RJ";"Sul";"Capotamento";1;0;0;0;0;0;0;0;0;0;1;0;0;0;0
"14/08/2023";"11:30:00";"157";"ac03 - Aci";"3.043";"BR-465/RJ";"Norte";"Colisão Transversal";2;0;0;0;0;0;0;0;0;0;2;0;0;0;0
"14/08/2023";"11:50:00";"160";"ac03 - Aci";"212.9";"BR-116/RJ";"Sul";"Colisão Traseira";1;0;1;0;0;0;0;0;0;0;2;0;0;0;0
"14/08/2023";"12:32:00";"171";"ac02 - Aci";"795.522";"BR-116/MG";"Norte";"Capotamento";1;0;0;0;0;0;0;0;0;0;0;1;0;0;0
"14/08/2023";"12:46:00";"175";"ac03 - Aci";"97.176";"BR-116/RJ";"Sul";"Choque - Meio Fio";1;0;0;0;0;0;0;0;0;0;1;0;0;0;0
"14/08/2023";"01:25:00";"184";"ac03 - Aci";"98.859";"BR-116/RJ";"Sul";"Queda de Moto";0;0;0;1;0;0;0;0;0;0;1;0;0;0;0
"14/08/2023";"03:09:00";"206";"ac02 - Aci";"13.7";"BR-465/RJ";"Sul";"Colisão Traseira";0;0;1;1;0;0;0;0;0;0;1;0;1;0;0
"14/08/2023";"05:18:00";"240";"ac02 - Aci";"522.238";"BR-116/MG";"Norte";"Colisão Frontal";1;0;0;1;0;0;0;0;0;0;1;0;1;0;0
"14/08/2023";"06:24:00";"255";"ac03 - Aci";"657.5";"BR-116/MG";"Sul";"Saida de Pista";1;0;0;0;0;0;0;0;0;0;1;0;0;0;0
"14/08/2023";"06:24:00";"256";"ac02 - Aci";"522.365";"BR-116/MG";"Sul";"Colisão lateral no mesmo sentido";1;0;0;1;0;0;0;0;0;0;1;0;1;0;0
"14/08/2023";"06:35:00";"258";"ac03 - Aci";"136";"BR-116/RJ";"Sul";"Choque - Defensa metálica";1;0;0;0;0;0;0;0;0;0;4;0;0;0;0
"14/08/2023";"10:03:00";"297";"ac03 - Aci";"692";"BR-116/MG";"Norte";"Choque - Canaleta";1;0;0;0;0;0;0;0;0;0;1;0;0;0;0
"15/08/2023";"01:35:00";"7";"ac03 - Aci";"664";"BR-116/MG";"Sul";"Atropelamento de Animal";1;0;0;0;0;0;0;0;0;0;1;0;0;0;0
"15/08/2023";"04:22:00";"13";"ac01 - Aci";"581.652";"BR-116/MG";"Norte";"Colisão Frontal";0;0;2;0;0;0;0;0;0;0;0;0;0;0;4
"15/08/2023";"07:41:00";"41";"ac02 - Aci";"172.65";"BR-116/RJ";"Norte";"Choque - Poste";0;0;0;0;1;0;0;0;0;0;1;4;0;0;0
"15/08/2023";"08:19:00";"51";"ac02 - Aci";"485.305";"BR-116/MG";"Norte";"Tombamento";0;0;1;0;0;0;0;0;0;0;0;1;0;0;0
"15/08/2023";"08:57:00";"62";"ac02 - Aci";"415.439";"BR-116/MG";"Norte";"Queda de Moto";0;0;0;1;0;0;0;0;0;0;0;0;1;0;0
"15/08/2023";"11:46:00";"110";"ac03 - Aci";"97.8";"BR-116/RJ";"Sul";"Choque - Meio Fio";1;0;0;0;0;0;0;0;0;0;1;0;0;0;0
"15/08/2023";"01:56:00";"126";"ac02 - Aci";"51.822";"BR-493/RJ";"Sul";"Colisão Traseira";1;0;0;1;0;0;0;0;0;0;1;1;0;0;0
"15/08/2023";"02:39:00";"133";"ac02 - Aci";"144.929";"BR-116/RJ";"Norte";"Colisão Traseira";1;0;0;0;1;0;0;0;0;0;1;0;1;0;0
"15/08/2023";"03:50:00";"143";"ac03 - Aci";"7.735";"BR-493/RJ";"Sul";"Capotamento";1;0;0;0;0;0;0;0;0;0;2;0;0;0;0
"15/08/2023";"05:02:00";"156";"ac02 - Aci";"651.359";"BR-116/MG";"Sul";"Queda de Moto";0;0;0;1;0;0;0;0;0;0;0;1;0;0;0
"15/08/2023";"05:31:00";"159";"ac02 - Aci";"34.433";"BR-116/RJ";"Norte";"Capotamento";1;0;0;0;0;0;0;0;0;0;0;0;1;0;0
"15/08/2023";"06:21:00";"174";"ac02 - Aci";"147.956";"BR-116/RJ";"Norte";"Choque - Defensa metálica";1;0;1;0;0;0;0;0;0;0;1;1;0;0;0
"15/08/2023";"06:39:00";"177";"ac02 - Aci";"3.04";"BR-465/RJ";"Norte";"Colisão lateral no sentido contrário";2;0;0;0;0;0;0;0;0;0;2;0;1;0;0
"15/08/2023";"07:20:00";"189";"ac02 - Aci";"19";"BR-493/RJ";"Norte";"Colisão lateral no mesmo sentido";1;0;0;1;0;0;0;0;0;0;1;0;1;0;0
"15/08/2023";"08:07:00";"200";"ac02 - Aci";"488";"BR-116/MG";"Norte";"Atropelamento de Animal";0;0;0;0;0;1;0;0;0;0;0;1;0;0;0
"15/08/2023";"10:48:00";"220";"ac03 - Aci";"211.6";"BR-116/RJ";"Sul";"Atropelamento de Animal";1;0;0;0;0;0;0;0;0;0;1;0;0;0;0
"16/08/2023";"06:49:00";"33";"ac02 - Aci";"131.67";"BR-116/RJ";"Norte";"Queda de Moto";0;0;0;1;0;0;0;0;0;0;0;1;0;0;0
"16/08/2023";"08:05:00";"65";"ac02 - Aci";"188.088";"BR-116/RJ";"Sul";"Colisão lateral no mesmo sentido";2;0;0;0;0;0;0;0;0;0;0;2;0;0;0
"16/08/2023";"08:11:00";"69";"ac03 - Aci";"22.7";"BR-116/RJ";"Norte";"Saida de Pista";0;0;0;0;0;0;0;0;0;1;1;0;0;0;0
"16/08/2023";"09:01:00";"86";"ac02 - Aci";"189.412";"BR-116/RJ";"Norte";"Queda de Moto";0;0;0;1;0;0;0;0;0;0;0;1;0;0;0
"16/08/2023";"11:26:00";"157";"ac02 - Aci";"0.03";"BR-493/RJ";"Sul";"Atropelamento - Pedestre";0;0;0;0;0;0;0;0;0;1;1;0;1;0;0
"16/08/2023";"12:17:00";"170";"ac03 - Aci";"496.3";"BR-116/MG";"Norte";"Colisão Traseira";0;0;1;0;0;0;0;0;0;1;4;0;0;0;0
"16/08/2023";"02:42:00";"194";"ac03 - Aci";"175";"BR-116/RJ";"Norte";"Colisão Traseira";0;0;0;1;0;1;0;0;0;0;2;0;0;0;0
"16/08/2023";"04:00:00";"209";"ac02 - Aci";"183.42";"BR-116/RJ";"Sul";"Colisão Traseira";2;0;0;0;0;0;0;0;0;0;0;2;0;0;0
"16/08/2023";"04:53:00";"214";"ac02 - Aci";"176";"BR-116/RJ";"Sul";"Colisão lateral no mesmo sentido";1;0;0;2;0;0;0;0;0;0;1;2;0;0;0
"16/08/2023";"05:22:00";"219";"ac02 - Aci";"174.9";"BR-116/RJ";"Sul";"Colisão lateral no mesmo sentido";0;0;1;1;0;0;0;0;0;0;1;1;0;0;0
"16/08/2023";"06:10:00";"228";"ac02 - Aci";"15";"BR-465/RJ";"Norte";"Colisão lateral no sentido contrário";1;0;0;1;0;0;0;0;0;0;1;0;1;0;0
"16/08/2023";"07:28:00";"239";"ac03 - Aci";"636";"BR-116/MG";"Sul";"Colisão lateral no mesmo sentido";2;0;0;0;0;0;0;0;0;0;3;0;0;0;0
"16/08/2023";"08:09:00";"249";"ac02 - Aci";"96";"BR-493/RJ";"Sul";"Saida de Pista";0;0;0;0;0;0;0;0;0;1;0;1;0;0;0
"16/08/2023";"08:41:00";"254";"ac02 - Aci";"177.682";"BR-116/RJ";"Sul";"Choque - New jersey";1;0;0;0;0;1;0;0;0;0;1;1;0;0;0
"16/08/2023";"09:42:00";"264";"ac01 - Aci";"5.125";"BR-465/RJ";"Sul";"Colisão Frontal";1;0;0;2;0;0;0;0;0;0;1;0;2;0;1
"16/08/2023";"11:29:00";"276";"ac03 - Aci";"20";"BR-493/RJ";"Norte";"Queda de Moto";0;0;0;1;0;0;0;0;0;0;1;0;0;0;0
"17/08/2023";"12:29:00";"1";"ac03 - Aci";"139";"BR-116/RJ";"Norte";"Queda de Moto";0;0;0;1;0;0;0;0;0;0;1;0;0;0;0
"17/08/2023";"12:30:00";"2";"ac03 - Aci";"111";"BR-116/RJ";"Norte";"Atropelamento de Animal";1;0;0;0;0;0;0;0;0;0;1;0;0;0;0
"17/08/2023";"01:03:00";"4";"ac02 - Aci";"143";"BR-116/RJ";"Norte";"Queda de Moto";0;0;0;1;0;0;0;0;0;0;0;1;0;0;0
"17/08/2023";"05:53:00";"25";"ac02 - Aci";"96.828";"BR-493/RJ";"Sul";"Saida de Pista";1;0;0;0;0;0;0;0;0;0;0;2;0;0;0
"17/08/2023";"06:46:00";"39";"ac02 - Aci";"0.034";"BR-493/RJ";"Sul";"Colisão Frontal";1;0;0;1;0;0;0;0;0;0;0;1;1;0;0
"17/08/2023";"07:58:00";"78";"ac02 - Aci";"174.167";"BR-116/RJ";"Norte";"Colisão lateral no mesmo sentido";1;0;0;2;0;0;0;0;0;0;1;2;0;0;0
"17/08/2023";"11:13:00";"147";"ac02 - Aci";"528";"BR-116/MG";"Norte";"Colisão Transversal";1;0;0;1;0;0;0;0;0;0;1;0;1;0;0
"17/08/2023";"11:31:00";"154";"ac02 - Aci";"106";"BR-116/RJ";"Norte";"Queda de Moto";0;0;0;1;0;0;0;0;0;0;0;0;1;0;0
"17/08/2023";"02:47:00";"186";"ac02 - Aci";"184.821";"BR-116/RJ";"Sul";"Queda de Moto";0;0;0;1;0;0;0;0;0;0;0;1;0;0;0
"17/08/2023";"05:26:00";"215";"ac02 - Aci";"91.409";"BR-493/RJ";"Sul";"Colisão Traseira";0;0;1;0;0;1;0;0;0;0;1;1;0;0;0
"17/08/2023";"06:07:00";"222";"ac02 - Aci";"456";"BR-116/MG";"Sul";"Colisão Transversal";1;0;0;1;0;0;0;0;0;0;2;1;0;0;0
"17/08/2023";"06:42:00";"229";"ac02 - Aci";"611.121";"BR-116/MG";"Sul";"Atropelamento de Animal";1;0;1;0;0;0;0;0;0;0;1;1;0;0;0
"17/08/2023";"06:56:00";"235";"ac02 - Aci";"190.359";"BR-116/RJ";"Sul";"Colisão Traseira";1;0;0;1;0;0;0;0;0;0;1;0;1;0;0
"18/08/2023";"05:38:00";"22";"ac02 - Aci";"205.377";"BR-116/RJ";"Norte";"Colisão Traseira";0;0;2;0;0;0;0;0;0;0;0;2;0;0;0
"18/08/2023";"06:39:00";"30";"ac02 - Aci";"634.124";"BR-116/MG";"Norte";"Choque - Arvore";1;0;0;0;0;0;0;0;0;0;0;0;1;0;0
"18/08/2023";"06:44:00";"32";"ac02 - Aci";"172.885";"BR-116/RJ";"Norte";"Queda de Moto";0;0;0;1;0;0;0;0;0;0;0;1;0;0;0
"18/08/2023";"07:00:00";"34";"ac02 - Aci";"684.562";"BR-116/MG";"Norte";"Colisão lateral no mesmo sentido";1;0;0;1;0;0;0;0;0;0;0;1;1;0;0
"18/08/2023";"07:24:00";"43";"ac02 - Aci";"6.24";"BR-465/RJ";"Sul";"Capotamento";1;0;0;0;0;0;0;0;0;0;0;1;0;0;0
"18/08/2023";"09:23:00";"110";"ac02 - Aci";"409.573";"BR-116/MG";"Norte";"Colisão Traseira";1;0;0;0;0;1;0;0;0;0;1;1;0;0;0
"18/08/2023";"09:32:00";"115";"ac02 - Aci";"770.865";"BR-116/MG";"Sul";"Engavetamento";1;0;1;0;0;0;0;0;0;1;2;3;0;0;0
"18/08/2023";"01:26:00";"194";"ac02 - Aci";"27.839";"BR-116/RJ";"Norte";"Tombamento";0;0;1;0;0;0;0;0;0;0;0;1;0;0;0
"18/08/2023";"03:03:00";"242";"ac02 - Aci";"169.8";"BR-116/RJ";"Norte";"Colisão Traseira";1;0;0;1;0;0;0;0;0;0;1;1;0;0;0
"18/08/2023";"03:20:00";"252";"ac03 - Aci";"413";"BR-116/MG";"Norte";"Engavetamento";2;0;0;1;0;0;0;0;0;0;3;0;0;0;0
"18/08/2023";"03:55:00";"274";"ac03 - Aci";"23.952";"BR-493/RJ";"Sul";"Colisão lateral no sentido contrário";2;0;0;0;0;0;0;0;0;0;3;0;0;0;0
"18/08/2023";"04:50:00";"301";"ac02 - Aci";"15.2";"BR-465/RJ";"Norte";"Colisão lateral no mesmo sentido";1;0;0;1;0;0;0;0;0;0;1;0;1;0;0
"18/08/2023";"05:37:00";"327";"ac02 - Aci";"184.352";"BR-116/RJ";"Norte";"Colisão lateral no mesmo sentido";0;0;2;1;0;0;0;0;0;0;2;1;0;1;0
"18/08/2023";"07:18:00";"350";"ac01 - Aci";"175.9";"BR-116/RJ";"Sul";"Queda de Moto";0;0;1;1;0;0;0;0;0;0;1;0;0;0;1
"18/08/2023";"08:10:00";"365";"ac01 - Aci";"66.256";"BR-493/RJ";"Norte";"Atropelamento - Andarilho";1;0;0;0;0;0;0;0;0;0;1;0;0;0;1