data;horario;n_da_ocorrencia;tipo_de_ocorrencia;km;trecho;sentido;tipo_de_acidente;automovel;bicicleta;caminhao;moto;onibus;outros;tracao_animal;transporte_de_cargas_especiais;trator_maquinas;utilitarios;ilesos;levemente_feridos;moderadamente_feridos;gravemente_feridos;mortos
"22/09/2023";"07:25:00";"336";"ac02 - Aci";"94.8";"BR-116/RJ";"Norte";"Colisão Traseira";2;0;0;0;0;0;0;0;0;0;1;2;0;0;0
"22/09/2023";"07:38:00";"345";"ac02 - Aci";"185";"BR-116/RJ";"Norte";"Colisão lateral no mesmo sentido";1;0;1;0;0;0;0;0;0;0;2;1;0;0;0
"22/09/2023";"07:50:00";"348";"ac03 - Aci";"654";"BR-116/MG";"Norte";"Atropelamento de Animal";1;0;0;0;0;0;0;0;0;0;1;0;0;0;0
"22/09/2023";"09:05:00";"370";"ac02 - Aci";"136";"BR-116/RJ";"Sul";"Colisão lateral no mesmo sentido";0;1;0;1;0;0;0;0;0;0;0;2;0;0;0
"22/09/2023";"09:45:00";"375";"ac03 - Aci";"518";"BR-116/MG";"Norte";"Saida de Pista";1;0;0;0;0;0;0;0;0;0;1;0;0;0;0
"22/09/2023";"10:09:00";"377";"ac01 - Aci";"677.2";"BR-116/MG";"Sul";"Colisão Frontal";1;0;1;0;0;0;0;0;0;0;1;0;0;1;1
"23/09/2023";"12:50:00";"9";"ac02 - Aci";"119";"BR-116/RJ";"Norte";"Queda de Moto";0;0;0;1;0;0;0;0;0;0;0;1;0;0;0
"23/09/2023";"12:55:00";"10";"ac01 - Aci";"529.813";"BR-116/MG";"Norte";"Colisão Frontal";0;0;0;2;0;0;0;0;0;0;0;0;0;0;2
"23/09/2023";"01:44:00";"13";"ac03 - Aci";"118";"BR-116/RJ";"Sul";"Choque - Canaleta";1;0;0;0;0;0;0;0;0;0;1;0;0;0;0
"23/09/2023";"05:50:00";"40";"ac02 - Aci";"132.7";"BR-116/RJ";"Norte";"Choque - Caixa de Captação/Fibra";1;0;0;0;0;0;0;0;0;0;0;1;0;0;0
"23/09/2023";"11:01:00";"170";"ac02 - Aci";"20";"BR-465/RJ";"Sul";"Colisão Transversal";1;0;0;1;0;0;0;0;0;0;1;1;1;0;0
"23/09/2023";"03:52:00";"245";"ac03 - Aci";"607";"BR-116/MG";"Norte";"Colisão lateral no sentido contrário";1;0;1;0;0;0;0;0;0;0;2;0;0;0;0
"23/09/2023";"04:15:00";"252";"ac02 - Aci";"117";"BR-116/RJ";"Sul";"Queda de Moto";0;0;0;1;0;0;0;0;0;0;0;1;0;0;0
"23/09/2023";"05:04:00";"264";"ac02 - Aci";"66";"BR-116/RJ";"Norte";"Colisão Transversal";2;0;0;0;0;0;0;0;0;0;1;1;0;0;0
"23/09/2023";"06:14:00";"273";"ac02 - Aci";"108.198";"BR-116/RJ";"Norte";"Colisão Transversal";2;0;0;0;0;0;0;0;0;0;0;5;0;0;0
"23/09/2023";"06:15:00";"274";"ac02 - Aci";"171";"BR-116/RJ";"Sul";"Queda de Moto";0;0;0;1;0;0;0;0;0;0;0;1;1;0;0
"23/09/2023";"06:56:00";"287";"ac02 - Aci";"40";"BR-116/RJ";"Sul";"Choque - Meio Fio";1;0;0;0;0;0;0;0;0;0;0;1;0;0;0
"23/09/2023";"09:04:00";"306";"ac02 - Aci";"6";"BR-493/RJ";"Sul";"Queda de Moto";0;0;0;1;0;0;0;0;0;0;1;1;0;0;0
"23/09/2023";"09:59:00";"314";"ac02 - Aci";"759";"BR-116/MG";"Norte";"Colisão Traseira";2;0;0;0;0;0;0;0;0;0;1;1;0;0;0
"23/09/2023";"10:29:00";"320";"ac01 - Aci";"2.158";"BR-493/RJ";"Norte";"Colisão Traseira";1;0;1;2;0;0;0;0;0;0;2;0;1;1;1
"23/09/2023";"11:21:00";"327";"ac01 - Aci";"176.078";"BR-116/RJ";"Sul";"Choque - New jersey";1;0;0;1;0;0;0;0;0;0;1;0;0;0;1
"24/09/2023";"03:03:00";"13";"ac02 - Aci";"530";"BR-116/MG";"Sul";"Queda de Moto";0;0;0;1;0;0;0;0;0;0;0;0;0;2;0
"24/09/2023";"03:14:00";"14";"ac02 - Aci";"617";"BR-116/MG";"Norte";"Colisão lateral no mesmo sentido";1;0;0;1;0;0;0;0;0;0;1;0;0;1;0
"24/09/2023";"05:00:00";"18";"ac02 - Aci";"103";"BR-116/RJ";"Sul";"Choque - Canaleta";0;0;0;1;0;0;0;0;0;0;0;1;0;0;0
"24/09/2023";"06:01:00";"25";"ac02 - Aci";"60.927";"BR-493/RJ";"Norte";"Capotamento";1;0;0;0;0;0;0;0;0;0;0;2;0;0;0
"24/09/2023";"06:39:00";"58";"ac02 - Aci";"129.569";"BR-116/RJ";"Sul";"Queda de Moto";0;0;0;1;0;0;0;0;0;0;0;0;1;0;0
"24/09/2023";"08:45:00";"86";"ac02 - Aci";"179.007";"BR-116/RJ";"Sul";"Capotamento";1;0;0;0;0;0;0;0;0;0;0;1;0;0;0
"24/09/2023";"09:20:00";"106";"ac03 - Aci";"118.832";"BR-116/RJ";"Norte";"Colisão Frontal";1;0;0;1;0;0;0;0;0;0;2;0;0;0;0
"24/09/2023";"09:31:00";"103";"ac02 - Aci";"172.638";"BR-116/RJ";"Norte";"Colisão lateral no sentido contrário";2;0;0;0;0;0;0;0;0;0;7;1;0;0;0
"24/09/2023";"10:35:00";"118";"ac02 - Aci";"1.287";"BR-493/RJ";"Norte";"Colisão lateral no mesmo sentido";1;0;0;0;0;1;0;0;0;0;1;2;0;0;0
"24/09/2023";"10:51:00";"123";"ac02 - Aci";"471.619";"BR-116/MG";"Sul";"Capotamento";1;0;0;0;0;0;0;0;0;0;0;0;0;1;0
"24/09/2023";"12:33:00";"146";"ac02 - Aci";"21.064";"BR-465/RJ";"Sul";"Colisão Transversal";1;0;0;1;0;0;0;0;0;0;1;1;0;0;0
"24/09/2023";"01:25:00";"157";"ac03 - Aci";"23";"BR-493/RJ";"Sul";"Choque - Outros";1;0;0;0;0;0;0;0;0;0;1;0;0;0;0
"24/09/2023";"05:05:00";"229";"ac02 - Aci";"442.186";"BR-116/MG";"Norte";"Tombamento";0;0;1;0;0;0;0;0;0;0;0;0;2;0;0
"24/09/2023";"06:45:00";"250";"ac02 - Aci";"115";"BR-116/RJ";"Sul";"Colisão Traseira";0;0;0;1;1;0;0;0;0;0;1;1;0;0;0
"24/09/2023";"07:42:00";"265";"ac02 - Aci";"23.883";"BR-493/RJ";"Norte";"Saida de Pista";1;0;0;0;0;0;0;0;0;0;0;1;0;0;0
"24/09/2023";"08:22:00";"276";"ac03 - Aci";"186";"BR-116/RJ";"Sul";"Colisão Traseira";2;0;0;0;0;0;0;0;0;0;2;0;0;0;0
"24/09/2023";"09:26:00";"285";"ac02 - Aci";"190";"BR-116/RJ";"Sul";"Capotamento";1;0;0;0;0;0;0;0;0;0;0;0;1;0;0
"25/09/2023";"12:36:00";"7";"ac03 - Aci";"614.4";"BR-116/MG";"Norte";"Atropelamento de Animal";1;0;0;0;0;0;0;0;0;0;4;0;0;0;0
"25/09/2023";"02:25:00";"14";"ac02 - Aci";"14";"BR-493/RJ";"Sul";"Choque - Sinalização";1;0;0;0;0;0;0;0;0;0;3;1;0;0;0
"25/09/2023";"03:30:00";"21";"ac02 - Aci";"4";"BR-465/RJ";"Norte";"Colisão Traseira";1;0;1;0;0;0;0;0;0;0;1;1;2;0;0
"25/09/2023";"06:23:00";"44";"ac01 - Aci";"688.607";"BR-116/MG";"Sul";"Tombamento";0;0;1;0;0;0;0;0;0;0;0;0;0;0;1
"25/09/2023";"07:00:00";"65";"ac03 - Aci";"411.149";"BR-116/MG";"Sul";"Engavetamento";2;0;1;0;0;0;0;0;0;0;3;0;0;0;0
"25/09/2023";"07:14:00";"81";"ac02 - Aci";"414.418";"BR-116/MG";"Sul";"Colisão Transversal";1;0;0;1;0;0;0;0;0;0;2;0;1;0;0
"25/09/2023";"07:20:00";"88";"ac02 - Aci";"528.697";"BR-116/MG";"Norte";"Colisão lateral no mesmo sentido";1;0;0;1;0;0;0;0;0;0;1;1;0;0;0
"25/09/2023";"08:11:00";"184";"ac03 - Aci";"528";"BR-116/MG";"Norte";"Colisão Traseira";2;0;0;0;0;1;0;0;0;0;3;0;0;0;0
"25/09/2023";"08:23:00";"161";"ac03 - Aci";"729.5";"BR-116/MG";"Sul";"Saida de Pista";1;0;0;0;0;0;0;0;0;0;1;0;0;0;0
"25/09/2023";"09:33:00";"190";"ac03 - Aci";"548";"BR-116/MG";"Sul";"Colisão Transversal";1;0;1;0;0;0;0;0;0;0;2;0;0;0;0
"25/09/2023";"09:53:00";"193";"ac02 - Aci";"466.452";"BR-116/MG";"Sul";"Colisão lateral no sentido contrário";2;0;0;0;0;0;0;0;0;0;1;3;1;0;0
"25/09/2023";"12:02:00";"232";"ac02 - Aci";"779";"BR-116/MG";"Sul";"Capotamento";1;0;0;0;0;0;0;0;0;0;0;1;0;0;0
"25/09/2023";"12:10:00";"234";"ac03 - Aci";"518";"BR-116/MG";"Sul";"Colisão lateral no sentido contrário";0;0;1;0;0;1;0;0;0;0;2;0;0;0;0
"25/09/2023";"03:55:00";"304";"ac02 - Aci";"181.6";"BR-116/RJ";"Norte";"Queda de Moto";0;0;0;1;0;0;0;0;0;0;1;1;0;0;0
"25/09/2023";"04:22:00";"312";"ac03 - Aci";"486";"BR-116/MG";"Sul";"Choque - Defensa metálica";1;0;0;0;0;0;0;0;0;0;1;0;0;0;0
"25/09/2023";"07:38:00";"364";"ac02 - Aci";"147.95";"BR-116/RJ";"Sul";"Colisão lateral no mesmo sentido";0;0;0;1;0;1;0;0;0;0;1;0;1;0;0
"25/09/2023";"09:10:00";"379";"ac02 - Aci";"700";"BR-116/MG";"Sul";"Queda de Moto";0;0;0;1;0;0;0;0;0;0;0;1;0;0;0
"26/09/2023";"06:41:00";"36";"ac03 - Aci";"661.6";"BR-116/MG";"Norte";"Choque - Meio Fio";1;0;0;0;0;0;0;0;0;0;1;0;0;0;0
"26/09/2023";"08:03:00";"131";"ac02 - Aci";"51.184";"BR-116/RJ";"Sul";"Colisão lateral no mesmo sentido";0;0;2;0;0;0;0;0;0;0;0;2;0;0;0
"26/09/2023";"08:08:00";"136";"ac02 - Aci";"139.731";"BR-116/RJ";"Norte";"Colisão Transversal";3;0;0;0;0;0;0;0;0;0;2;0;2;0;0
"26/09/2023";"10:22:00";"220";"ac02 - Aci";"94";"BR-116/RJ";"Sul";"Choque - Meio Fio";1;0;0;0;0;0;0;0;0;0;0;1;0;0;0
"26/09/2023";"12:43:00";"254";"ac03 - Aci";"710.729";"BR-116/MG";"Norte";"Colisão lateral no mesmo sentido";1;0;1;0;0;0;0;0;0;0;2;0;0;0;0
"26/09/2023";"12:56:00";"256";"ac02 - Aci";"71";"BR-116/RJ";"Norte";"Queda de Moto";0;0;0;1;0;0;0;0;0;0;0;1;0;0;0
"26/09/2023";"02:26:00";"271";"ac02 - Aci";"122.35";"BR-493/RJ";"Sul";"Tombamento";0;0;1;0;0;0;0;0;0;0;0;1;0;0;0
"26/09/2023";"04:01:00";"290";"ac02 - Aci";"184";"BR-116/RJ";"Norte";"Colisão Traseira";0;0;0;1;0;0;0;0;0;1;3;0;1;0;0
"26/09/2023";"04:47:00";"299";"ac03 - Aci";"119";"BR-116/RJ";"Norte";"Choque - Defensa metálica";1;0;0;0;0;0;0;0;0;0;1;0;0;0;0
"26/09/2023";"08:14:00";"347";"ac03 - Aci";"530";"BR-116/MG";"Sul";"Colisão Traseira";1;0;0;0;0;1;0;0;0;0;2;0;0;0;0
"26/09/2023";"08:48:00";"354";"ac03 - Aci";"514";"BR-116/MG";"Sul";"Choque - Canaleta";1;0;0;0;0;0;0;0;0;0;1;0;0;0;0
"27/09/2023";"05:15:00";"25";"ac02 - Aci";"58.8";"BR-493/RJ";"Norte";"Atropelamento de Animal";1;0;0;0;0;0;0;0;0;0;0;1;0;0;0
"27/09/2023";"06:22:00";"41";"ac02 - Aci";"103";"BR-116/RJ";"Sul";"Choque - Meio Fio";0;0;1;0;0;0;0;0;0;0;0;1;0;0;0
"27/09/2023";"08:04:00";"138";"ac02 - Aci";"182";"BR-116/RJ";"Sul";"Colisão Traseira";2;0;0;0;0;0;0;0;0;0;0;2;0;0;0
"27/09/2023";"08:48:00";"171";"ac02 - Aci";"144.5";"BR-116/RJ";"Norte";"Engavetamento";2;0;1;0;0;0;0;0;0;0;0;3;0;0;0
"27/09/2023";"11:47:00";"228";"ac02 - Aci";"60";"BR-116/RJ";"Norte";"Choque - Meio Fio";1;0;0;0;0;0;0;0;0;0;0;1;0;0;0
"27/09/2023";"01:12:00";"251";"ac03 - Aci";"412.13";"BR-116/MG";"Sul";"Colisão Traseira";2;0;0;0;0;0;0;0;0;0;2;0;0;0;0
"27/09/2023";"02:47:00";"279";"ac03 - Aci";"137.95";"BR-116/RJ";"Sul";"Colisão Traseira";2;0;0;0;0;0;0;0;0;0;2;0;0;0;0
"27/09/2023";"03:45:00";"291";"ac03 - Aci";"147";"BR-116/RJ";"Sul";"Colisão Traseira";1;0;1;0;0;0;0;0;0;0;2;0;0;0;0
"27/09/2023";"03:48:00";"292";"ac03 - Aci";"171";"BR-116/RJ";"Sul";"Colisão Traseira";2;0;0;0;0;0;0;0;0;0;2;0;0;0;0
"27/09/2023";"03:56:00";"296";"ac02 - Aci";"14.3";"BR-116/RJ";"Sul";"Tombamento";0;0;1;0;0;0;0;0;0;0;0;0;0;1;0
"27/09/2023";"04:35:00";"306";"ac02 - Aci";"147.2";"BR-116/RJ";"Norte";"Colisão lateral no mesmo sentido";0;0;1;1;0;0;0;0;0;0;1;0;1;1;0
"27/09/2023";"05:38:00";"315";"ac02 - Aci";"21";"BR-465/RJ";"Norte";"Colisão Frontal";1;0;0;1;0;0;0;0;0;0;1;1;0;0;0
"27/09/2023";"10:29:00";"372";"ac02 - Aci";"29.1";"BR-116/RJ";"Sul";"Choque - Meio Fio";1;0;0;0;0;0;0;0;0;0;0;1;0;0;0
"27/09/2023";"11:20:00";"377";"ac03 - Aci";"184";"BR-116/RJ";"Norte";"Saida de Pista";0;0;0;0;1;0;0;0;0;0;1;0;0;0;0
"28/09/2023";"03:36:00";"10";"ac02 - Aci";"80.5";"BR-116/RJ";"Sul";"Choque - Outros";0;0;0;1;0;0;0;0;0;0;0;0;2;0;0
"28/09/2023";"11:07:00";"168";"ac03 - Aci";"130";"BR-116/RJ";"Norte";"Choque - Meio Fio";1;0;0;0;0;0;0;0;0;0;1;0;0;0;0
"28/09/2023";"01:46:00";"192";"ac03 - Aci";"183";"BR-116/RJ";"Sul";"Colisão lateral no mesmo sentido";1;0;1;0;0;0;0;0;0;0;2;0;0;0;0
"28/09/2023";"02:47:00";"207";"ac02 - Aci";"573";"BR-116/MG";"Norte";"Colisão Traseira";2;0;0;0;0;0;0;0;0;0;2;1;0;0;0
"28/09/2023";"02:55:00";"208";"ac02 - Aci";"99";"BR-116/RJ";"Sul";"Queda de Moto";0;0;0;1;0;0;0;0;0;0;0;1;0;0;0
"28/09/2023";"04:41:00";"226";"ac03 - Aci";"556.5";"BR-116/MG";"Norte";"Colisão lateral no sentido contrário";0;0;2;0;0;0;0;0;0;0;2;0;0;0;0
"28/09/2023";"05:10:00";"236";"ac02 - Aci";"111";"BR-116/RJ";"Norte";"Saida de Pista";1;0;0;0;0;0;0;0;0;0;0;2;1;0;0
"28/09/2023";"08:16:00";"275";"ac01 - Aci";"602.441";"BR-116/MG";"Norte";"Colisão Transversal";0;0;1;1;0;0;0;0;0;0;1;0;0;0;1
"28/09/2023";"09:18:00";"287";"ac03 - Aci";"205.7";"BR-116/RJ";"Norte";"Colisão Traseira";0;0;2;0;0;0;0;0;0;0;2;0;0;0;0
"28/09/2023";"10:27:00";"294";"ac02 - Aci";"119";"BR-116/RJ";"Sul";"Colisão lateral no sentido contrário";1;0;0;1;0;0;0;0;0;0;0;2;1;0;0
"28/09/2023";"11:35:00";"302";"ac02 - Aci";"4";"BR-493/RJ";"Sul";"Queda de Moto";0;0;0;1;0;0;0;0;0;0;0;0;1;0;0
"29/09/2023";"01:29:00";"13";"ac02 - Aci";"84.1";"BR-116/RJ";"Norte";"Choque - Elemento de Drenagem";1;0;0;0;0;0;0;0;0;0;0;2;0;0;0
"29/09/2023";"08:11:00";"121";"ac02 - Aci";"172";"BR-116/RJ";"Norte";"Colisão Traseira";0;0;0;2;0;0;0;0;0;0;1;1;0;0;0
"29/09/2023";"11:08:00";"186";"ac03 - Aci";"549.366";"BR-116/MG";"Sul";"Choque - Arvore";1;0;0;0;0;0;0;0;0;0;1;0;0;0;0
"29/09/2023";"12:00:00";"196";"ac02 - Aci";"141.86";"BR-116/RJ";"Norte";"Engavetamento";3;0;1;0;0;0;0;0;0;0;0;5;0;0;0
"29/09/2023";"12:30:00";"198";"ac02 - Aci";"524.9";"BR-116/MG";"Sul";"Tombamento";0;0;1;0;0;0;0;0;0;0;0;0;1;0;0
"29/09/2023";"03:20:00";"224";"ac02 - Aci";"112.125";"BR-116/RJ";"Norte";"Colisão Traseira";2;0;0;0;0;0;0;0;0;0;0;7;0;0;0
"29/09/2023";"04:02:00";"226";"ac02 - Aci";"3";"BR-465/RJ";"Sul";"Colisão Transversal";2;0;1;0;0;0;0;0;0;0;4;1;1;0;0
"29/09/2023";"05:23:00";"240";"ac02 - Aci";"66";"BR-493/RJ";"Sul";"Capotamento";1;0;0;0;0;0;0;0;0;0;0;0;1;0;0
"29/09/2023";"05:33:00";"244";"ac02 - Aci";"537";"BR-116/MG";"Norte";"Queda de Moto";0;0;0;1;0;0;0;0;0;0;0;0;1;0;0
"29/09/2023";"07:00:00";"262";"ac02 - Aci";"66";"BR-493/RJ";"Norte";"Colisão Traseira";0;0;2;0;0;0;0;0;0;0;0;1;1;0;0
"29/09/2023";"07:34:00";"269";"ac02 - Aci";"499";"BR-116/MG";"Norte";"Colisão Frontal";1;0;0;1;0;0;0;0;0;0;0;1;1;0;0
"29/09/2023";"08:29:00";"283";"ac02 - Aci";"106";"BR-493/RJ";"Norte";"Atropelamento de Animal";1;0;0;0;0;0;0;0;0;0;0;1;0;0;0
"29/09/2023";"08:53:00";"289";"ac02 - Aci";"182";"BR-116/RJ";"Sul";"Engavetamento";2;0;0;1;0;0;0;0;0;0;0;3;0;0;0
"30/09/2023";"12:33:00";"5";"ac03 - Aci";"760";"BR-116/MG";"Norte";"Atropelamento de Animal";0;0;1;0;0;0;0;0;0;0;1;0;0;0;0
"30/09/2023";"01:02:00";"6";"ac03 - Aci";"582.7";"BR-116/MG";"Norte";"Atropelamento de Animal";0;0;1;0;0;0;0;0;0;0;1;0;0;0;0
"30/09/2023";"04:28:00";"18";"ac02 - Aci";"616";"BR-116/MG";"Sul";"Colisão Traseira";1;0;1;0;0;0;0;0;0;0;1;1;0;0;0
"30/09/2023";"07:40:00";"104";"ac03 - Aci";"94";"BR-116/RJ";"Norte";"Colisão lateral no mesmo sentido";0;0;1;0;0;1;0;0;0;0;2;0;0;0;0
"30/09/2023";"10:05:00";"180";"ac02 - Aci";"15.5";"BR-493/RJ";"Norte";"Colisão Traseira";1;0;0;1;0;0;0;0;0;0;1;1;0;0;0
"30/09/2023";"10:26:00";"185";"ac02 - Aci";"183";"BR-116/RJ";"Sul";"Colisão Traseira";1;0;0;1;0;0;0;0;0;0;1;1;0;0;0
"30/09/2023";"02:08:00";"237";"ac02 - Aci";"761.421";"BR-116/MG";"Norte";"Colisão Transversal";1;0;0;1;0;0;0;0;0;0;1;0;1;0;0
"30/09/2023";"05:24:00";"281";"ac02 - Aci";"132";"BR-116/RJ";"Norte";"Queda de Moto";0;0;0;1;0;1;0;0;0;0;1;1;0;0;0
"30/09/2023";"05:55:00";"284";"ac02 - Aci";"196";"BR-116/RJ";"Sul";"Queda de Moto";0;0;0;1;0;0;0;0;0;0;0;1;0;0;0
"30/09/2023";"06:59:00";"297";"ac01 - Aci";"699.475";"BR-116/MG";"Sul";"Colisão lateral no mesmo sentido";0;0;1;1;0;0;0;0;0;0;0;1;0;0;1
"30/09/2023";"07:14:00";"303";"ac02 - Aci";"183";"BR-116/RJ";"Sul";"Colisão Traseira";0;0;0;1;0;0;0;0;0;1;0;2;0;0;0
"30/09/2023";"07:19:00";"304";"ac03 - Aci";"169";"BR-116/RJ";"Norte";"Colisão Traseira";2;0;0;0;0;0;0;0;0;0;2;0;0;0;0
"30/09/2023";"08:04:00";"316";"ac02 - Aci";"635.5";"BR-116/MG";"Norte";"Atropelamento de Animal";0;0;0;1;0;0;0;0;0;0;0;0;1;0;0
"30/09/2023";"09:32:00";"328";"ac02 - Aci";"22";"BR-465/RJ";"Sul";"Colisão lateral no mesmo sentido";1;0;1;0;0;0;0;0;0;0;1;1;2;0;0
"30/09/2023";"11:21:00";"344";"ac02 - Aci";"626";"BR-116/MG";"Sul";"Colisão Traseira";1;0;1;0;0;0;0;0;0;0;1;1;1;0;0
"01/10/2023";"06:14:00";"20";"ac03-Acide";"182.315";"BR-116/RJ";"Norte";"Choque - Barreira";1;0;0;0;0;0;0;0;0;0;1;0;0;0;0
"01/10/2023";"06:19:00";"22";"ac03-Acide";"182.301";"BR-116/RJ";"Norte";"Colisão lateral no mesmo sentido";1;0;0;0;0;0;0;0;0;1;2;0;0;0;0
"01/10/2023";"08:28:00";"83";"ac02-Acide";"105.5";"BR-116/RJ";"Norte";"Saida de Pista";1;0;0;0;0;0;0;0;0;0;0;3;1;0;0
"01/10/2023";"10:24:00";"106";"ac02-Acide";"201";"BR-116/RJ";"Norte";"Queda de veículo em ribanceira, ponte ou viaduto";1;0;0;0;0;1;0;0;0;0;0;2;0;0;0
"01/10/2023";"11:15:00";"112";"ac03-Acide";"98";"BR-116/RJ";"Norte";"Choque - Meio Fio";1;0;0;0;0;0;0;0;0;0;1;0;0;0;0
"01/10/2023";"12:30:00";"136";"ac03-Acide";"201";"BR-116/RJ";"Norte";"Colisão Traseira";1;0;0;0;0;1;0;0;0;0;1;0;0;0;0
"01/10/2023";"12:36:00";"125";"ac03-Acide";"672.2";"BR-116/MG";"Sul";"Choque - Defensa metálica";1;0;0;0;0;0;0;0;0;0;1;0;0;0;0
"01/10/2023";"12:57:00";"131";"ac02-Acide";"549.301";"BR-116/MG";"Norte";"Colisão lateral no sentido contrário";0;0;0;1;0;1;0;0;0;0;1;0;1;0;0
"01/10/2023";"01:03:00";"133";"ac02-Acide";"27";"BR-116/RJ";"Sul";"Choque - New jersey";1;0;0;0;0;0;0;0;0;0;0;2;0;0;0
"01/10/2023";"01:23:00";"137";"ac02-Acide";"25";"BR-116/RJ";"Norte";"Choque - Meio Fio";1;0;0;0;0;0;0;0;0;0;0;2;0;0;0
"01/10/2023";"01:28:00";"138";"ac02-Acide";"6.8";"BR-116/RJ";"Sul";"Choque - Talude ou Barranco";1;0;0;0;0;0;0;0;0;0;0;4;0;0;0
"01/10/2023";"01:53:00";"142";"ac03-Acide";"576.989";"BR-116/MG";"Norte";"Queda de veículo em ribanceira, ponte ou viaduto";1;0;0;0;0;0;0;0;0;0;1;0;0;0;0
"01/10/2023";"02:22:00";"146";"ac02-Acide";"133.459";"BR-116/RJ";"Sul";"Choque - Defensa metálica";1;0;0;0;0;0;0;0;0;0;0;1;0;0;0
"01/10/2023";"03:02:00";"151";"ac02-Acide";"780.5";"BR-116/MG";"Sul";"Choque - Canaleta";1;0;0;0;0;0;0;0;0;0;0;3;0;0;0
"01/10/2023";"03:45:00";"159";"ac02-Acide";"32.7";"BR-116/RJ";"Norte";"Choque - Meio Fio";1;0;0;0;0;0;0;0;0;0;0;4;0;0;0
"01/10/2023";"03:57:00";"160";"ac03-Acide";"789";"BR-116/MG";"Sul";"Tombamento";0;0;1;0;0;0;0;0;0;0;1;0;0;0;0
"01/10/2023";"06:38:00";"176";"ac03-Acide";"650";"BR-116/MG";"Sul";"Atropelamento de Animal";1;0;0;0;0;0;0;0;0;0;0;0;0;0;0
"01/10/2023";"06:46:00";"180";"ac03-Acide";"46.1";"BR-116/RJ";"Sul";"Atropelamento de Animal";1;0;0;0;0;0;0;0;0;0;2;0;0;0;0
"01/10/2023";"06:52:00";"182";"ac03-Acide";"110";"BR-493/RJ";"Sul";"Choque - Meio Fio";1;0;0;0;0;0;0;0;0;0;1;0;0;0;0
"01/10/2023";"07:45:00";"196";"ac02-Acide";"196.7";"BR-116/RJ";"Norte";"Colisão lateral no mesmo sentido";1;0;1;0;0;0;0;0;0;0;1;4;0;0;0
"01/10/2023";"07:53:00";"200";"ac02-Acide";"515";"BR-116/MG";"Sul";"Colisão Frontal";1;0;0;0;0;1;0;0;0;0;0;1;0;0;0
"01/10/2023";"07:58:00";"201";"ac03-Acide";"29";"BR-116/RJ";"Sul";"Queda de Moto";0;0;0;1;0;0;0;0;0;0;1;0;0;0;0
"01/10/2023";"08:00:00";"203";"ac02-Acide";"735";"BR-116/MG";"Sul";"Tombamento";1;0;0;0;0;0;0;0;0;0;0;1;0;0;0
"01/10/2023";"08:33:00";"212";"ac02-Acide";"515";"BR-116/MG";"Norte";"Colisão Traseira";2;0;0;0;0;0;0;0;0;0;0;2;0;0;0
"01/10/2023";"08:40:00";"218";"ac02-Acide";"19";"BR-465/RJ";"Sul";"Atropelamento - Pedestre";0;0;0;0;0;1;0;0;0;0;1;0;1;0;0
"01/10/2023";"08:41:00";"214";"ac03-Acide";"678";"BR-116/MG";"Sul";"Colisão Traseira";2;0;0;0;0;0;0;0;0;0;2;0;0;0;0
"01/10/2023";"09:13:00";"222";"ac02-Acide";"209";"BR-116/RJ";"Norte";"Colisão Traseira";1;0;0;1;0;0;0;0;0;0;1;1;0;0;0
"01/10/2023";"09:46:00";"225";"ac02-Acide";"187.6";"BR-116/RJ";"Norte";"Colisão lateral no mesmo sentido";2;0;0;0;0;0;0;0;0;0;2;2;0;0;0
"01/10/2023";"11:13:00";"236";"ac02-Acide";"517";"BR-116/MG";"Norte";"Choque - Canaleta";1;0;0;0;0;0;0;0;0;0;0;1;0;0;0
"02/10/2023";"02:00:00";"11";"ac02-Acide";"781";"BR-116/MG";"Norte";"Saida de Pista";1;0;0;0;0;0;0;0;0;0;0;1;0;0;0
"02/10/2023";"04:47:00";"16";"ac02-Acide";"97";"BR-116/RJ";"Sul";"Queda de Moto";0;0;0;1;0;0;0;0;0;0;0;0;1;0;0
"02/10/2023";"05:12:00";"18";"ac03-Acide";"76";"BR-493/RJ";"Sul";"Atropelamento de Animal";1;0;0;0;0;0;0;0;0;0;1;0;0;0;0
"02/10/2023";"05:28:00";"21";"ac02-Acide";"465.5";"BR-116/MG";"Sul";"Choque - Meio Fio";0;0;1;0;0;0;0;0;0;0;0;0;1;0;0
"02/10/2023";"05:42:00";"22";"ac02-Acide";"135";"BR-116/RJ";"Norte";"Choque - Barreira";1;0;0;0;0;0;0;0;0;0;0;1;0;0;0
"02/10/2023";"09:39:00";"153";"ac03-Acide";"98.843";"BR-116/RJ";"Sul";"Choque - Talude ou Barranco";1;0;0;0;0;0;0;0;0;0;1;0;0;0;0
"02/10/2023";"10:26:00";"174";"ac03-Acide";"529.866";"BR-116/MG";"Sul";"Saida de Pista";1;0;0;0;0;0;0;0;0;0;1;0;0;0;0
"02/10/2023";"12:04:00";"200";"ac02-Acide";"100.25";"BR-493/RJ";"Norte";"Colisão Traseira";1;0;1;0;0;0;0;0;0;0;0;3;0;0;0
"02/10/2023";"12:10:00";"203";"ac03-Acide";"98.8";"BR-116/RJ";"Sul";"Choque - Canaleta";0;0;0;0;0;0;0;0;0;1;0;0;0;0;0
"02/10/2023";"01:10:00";"220";"ac02-Acide";"80.783";"BR-493/RJ";"Norte";"Choque - Defensa metálica";1;0;0;0;0;0;0;0;0;0;0;1;0;0;0
"02/10/2023";"03:23:00";"253";"ac02-Acide";"4.954";"BR-465/RJ";"Norte";"Atropelamento - Pedestre";0;0;1;0;0;0;0;0;0;0;1;0;1;0;0
"02/10/2023";"04:51:00";"265";"ac02-Acide";"529";"BR-116/MG";"Norte";"Colisão Traseira";0;0;0;2;0;0;0;0;0;0;1;0;1;0;0
"02/10/2023";"05:36:00";"273";"ac02-Acide";"776";"BR-116/MG";"Norte";"Choque - Meio Fio";1;0;0;0;0;0;0;0;0;0;0;1;0;0;0
"02/10/2023";"06:10:00";"280";"ac02-Acide";"547.5";"BR-116/MG";"Norte";"Choque - Meio Fio";0;0;0;1;0;0;0;0;0;0;0;0;1;0;0
"02/10/2023";"08:34:00";"314";"ac02-Acide";"620";"BR-116/MG";"Norte";"Queda de Moto";0;0;0;1;0;0;0;0;0;0;0;1;1;0;0