data;horario;n_da_ocorrencia;tipo_de_ocorrencia;km;trecho;sentido;tipo_de_acidente;automovel;bicicleta;caminhao;moto;onibus;outros;tracao_animal;transporte_de_cargas_especiais;trator_maquinas;utilitarios;ilesos;levemente_feridos;moderadamente_feridos;gravemente_feridos;mortos
"02/10/2023";"09:18:00";"320";"ac02-Acide";"147.387";"BR-116/RJ";"Norte";"Colisão Traseira";0;0;1;0;1;0;0;0;0;0;0;2;0;0;0
"02/10/2023";"10:20:00";"331";"ac02-Acide";"171.353";"BR-116/RJ";"Sul";"Queda de Moto";0;0;0;1;0;0;0;0;0;0;0;2;0;0;0
"02/10/2023";"10:48:00";"337";"ac03-Acide";"171.353";"BR-116/RJ";"Sul";"Choque - Veículo parado na pista";2;0;0;1;0;0;0;0;0;0;3;0;0;0;0
"03/10/2023";"03:53:00";"20";"ac02-Acide";"789";"BR-116/MG";"Sul";"Saida de Pista";0;0;1;0;0;0;0;0;0;0;0;1;0;0;0
"03/10/2023";"05:35:00";"28";"ac02-Acide";"184";"BR-116/RJ";"Norte";"Colisão lateral no mesmo sentido";0;0;0;1;0;1;0;0;0;0;0;1;0;0;0
"03/10/2023";"07:10:00";"102";"ac03-Acide";"32";"BR-116/RJ";"Sul";"Choque - Barreira";1;0;0;0;0;0;0;0;0;0;3;0;0;0;0
"03/10/2023";"09:04:00";"172";"ac03-Acide";"181";"BR-116/RJ";"Sul";"Choque - Veiculo parado no acostamento";0;0;1;0;0;1;0;0;0;0;1;0;0;0;0
"03/10/2023";"01:08:00";"247";"ac02-Acide";"209.958";"BR-116/RJ";"Norte";"Capotamento";1;0;0;0;0;0;0;0;0;0;0;1;0;0;0
"03/10/2023";"01:41:00";"250";"ac02-Acide";"13.1";"BR-465/RJ";"Norte";"Colisão lateral no mesmo sentido";1;0;0;1;0;0;0;0;0;0;0;2;0;0;0
"03/10/2023";"01:59:00";"261";"ac03-Acide";"509";"BR-116/MG";"Sul";"Colisão Traseira";2;0;0;0;0;0;0;0;0;0;2;0;0;0;0
"03/10/2023";"03:28:00";"263";"ac03-Acide";"807.5";"BR-116/MG";"Norte";"Colisão lateral no sentido contrário";0;0;2;0;0;0;0;0;0;0;2;0;0;0;0
"03/10/2023";"05:01:00";"283";"ac02-Acide";"5.5";"BR-465/RJ";"Sul";"Colisão Transversal";1;0;0;1;0;0;0;0;0;0;1;1;0;0;0
"03/10/2023";"06:24:00";"301";"ac02-Acide";"680.93";"BR-116/MG";"Sul";"Choque - Talude ou Barranco";0;0;1;0;0;0;0;0;0;0;0;1;0;0;0
"03/10/2023";"06:59:00";"305";"ac03-Acide";"415";"BR-116/MG";"Sul";"Colisão Frontal";1;0;1;0;0;0;0;0;0;0;2;0;0;0;0
"03/10/2023";"08:12:00";"319";"ac02-Acide";"185.5";"BR-116/RJ";"Sul";"Colisão Traseira";1;0;0;1;0;0;0;0;0;0;0;2;0;0;0
"04/10/2023";"06:23:00";"25";"ac02-Acide";"716.603";"BR-116/MG";"Sul";"Tombamento";0;0;1;0;0;0;0;0;0;0;0;0;1;0;0
"04/10/2023";"08:44:00";"134";"ac02-Acide";"146.3";"BR-116/RJ";"Sul";"Engavetamento";0;0;5;0;0;0;0;0;0;0;2;0;3;1;0
"04/10/2023";"08:58:00";"140";"ac02-Acide";"144";"BR-116/RJ";"Sul";"Colisão Traseira";1;0;1;0;0;0;0;0;0;0;0;2;0;0;0
"04/10/2023";"10:32:00";"179";"ac03-Acide";"680.632";"BR-116/MG";"Sul";"Choque - Meio Fio";1;0;0;0;0;0;0;0;0;0;1;0;0;0;0
"04/10/2023";"12:03:00";"191";"ac02-Acide";"110.038";"BR-116/RJ";"Sul";"Queda de Moto";0;0;0;1;0;0;0;0;0;0;0;1;0;0;0
"04/10/2023";"02:07:00";"221";"ac02-Acide";"78.492";"BR-116/RJ";"Norte";"Colisão Frontal";0;0;1;1;0;0;0;0;0;0;1;0;0;1;0
"04/10/2023";"04:45:00";"256";"ac02-Acide";"185";"BR-116/RJ";"Sul";"Queda de Moto";0;0;0;2;0;0;0;0;0;0;0;1;1;0;0
"04/10/2023";"07:44:00";"306";"ac02-Acide";"186";"BR-116/RJ";"Norte";"Choque - Objeto na Pista";0;0;0;1;1;0;0;0;0;0;1;1;0;0;0
"04/10/2023";"08:54:00";"322";"ac03-Acide";"185";"BR-116/RJ";"Norte";"Choque - Barreira";1;0;0;0;0;0;0;0;0;0;1;0;0;0;0
"05/10/2023";"12:23:00";"1";"ac02-Acide";"109";"BR-116/RJ";"Sul";"Queda de Moto";0;0;0;1;0;0;0;0;0;0;0;0;1;0;0
"05/10/2023";"04:19:00";"20";"ac03-Acide";"11.9";"BR-465/RJ";"Sul";"Atropelamento de Animal";1;0;0;0;0;0;0;0;0;0;1;0;0;0;0
"05/10/2023";"07:02:00";"36";"ac02-Acide";"427.093";"BR-116/MG";"Sul";"Colisão lateral no sentido contrário";1;0;0;1;0;0;0;0;0;0;1;1;0;0;0
"05/10/2023";"08:07:00";"86";"ac02-Acide";"414.418";"BR-116/MG";"Norte";"Colisão Transversal";1;0;0;1;0;0;0;0;0;0;1;1;0;0;0
"05/10/2023";"08:59:00";"109";"ac02-Acide";"415.458";"BR-116/MG";"Norte";"Queda de Moto";0;0;0;1;0;0;0;0;0;0;0;1;0;0;0
"05/10/2023";"10:24:00";"163";"ac02-Acide";"181.443";"BR-116/RJ";"Sul";"Colisão Traseira";1;0;0;0;0;0;0;0;0;1;1;1;0;0;0
"05/10/2023";"10:43:00";"174";"ac02-Acide";"196";"BR-116/RJ";"Norte";"Colisão Traseira";1;0;0;1;0;0;0;0;0;0;1;1;0;0;0
"05/10/2023";"11:24:00";"184";"ac03-Acide";"704.119";"BR-116/MG";"Norte";"Colisão lateral no sentido contrário";2;0;0;0;0;0;0;0;0;0;2;0;0;0;0
"05/10/2023";"11:39:00";"188";"ac02-Acide";"534.855";"BR-116/MG";"Sul";"Colisão Traseira";2;0;0;0;0;0;0;0;0;0;1;1;1;0;0
"05/10/2023";"11:56:00";"192";"ac02-Acide";"142.207";"BR-116/RJ";"Norte";"Engavetamento";3;0;0;0;0;0;0;0;0;0;1;3;0;0;0
"05/10/2023";"12:00:00";"194";"ac02-Acide";"491.651";"BR-116/MG";"Sul";"Colisão Traseira";1;0;0;1;0;0;0;0;0;0;1;2;0;0;0
"05/10/2023";"12:55:00";"200";"ac03-Acide";"662.657";"BR-116/MG";"Norte";"Choque - Talude ou Barranco";0;0;1;0;0;0;0;0;0;0;2;0;0;0;0
"05/10/2023";"01:25:00";"207";"ac03-Acide";"6";"BR-493/RJ";"Norte";"Colisão Traseira";1;0;0;0;0;1;0;0;0;0;1;0;0;0;0
"05/10/2023";"02:37:00";"220";"ac03-Acide";"79";"BR-116/RJ";"Sul";"Colisão lateral no mesmo sentido";2;0;0;0;0;0;0;0;0;0;1;0;0;0;0
"05/10/2023";"07:05:00";"282";"ac02-Acide";"96";"BR-493/RJ";"Norte";"Choque - Canaleta";1;0;0;0;0;0;0;0;0;0;0;0;1;0;0
"05/10/2023";"10:36:00";"313";"ac02-Acide";"70";"BR-116/RJ";"Sul";"Choque - Meio Fio";1;0;0;0;0;0;0;0;0;0;0;2;0;0;0
"06/10/2023";"12:36:00";"3";"ac02-Acide";"781";"BR-116/MG";"Sul";"Saida de Pista";1;0;0;0;0;0;0;0;0;0;0;1;0;0;0
"06/10/2023";"02:15:00";"11";"ac02-Acide";"62.4";"BR-116/RJ";"Norte";"Choque - Meio Fio";1;0;0;0;0;0;0;0;0;0;0;1;0;0;0
"06/10/2023";"03:23:00";"14";"ac02-Acide";"802";"BR-116/MG";"Sul";"Tombamento";0;0;1;0;0;0;0;0;0;0;0;0;0;1;0
"06/10/2023";"04:59:00";"19";"ac01-Acide";"196.95";"BR-116/RJ";"Sul";"Capotamento";1;0;1;0;0;0;0;0;0;0;1;0;1;0;1
"06/10/2023";"07:51:00";"89";"ac02-Acide";"187.5";"BR-116/RJ";"Norte";"Colisão Traseira";2;0;0;0;0;0;0;0;0;0;0;2;0;0;0
"06/10/2023";"09:59:00";"188";"ac03-Acide";"7.6";"BR-465/RJ";"Norte";"Saida de Pista";1;0;0;0;0;1;0;0;0;0;1;0;0;0;0
"06/10/2023";"11:12:00";"210";"ac03-Acide";"182";"BR-116/RJ";"Sul";"Colisão Traseira";2;0;0;0;0;0;0;0;0;0;2;0;0;0;0
"06/10/2023";"02:07:00";"243";"ac03-Acide";"42.4";"BR-116/RJ";"Norte";"Colisão Traseira";1;0;1;0;0;0;0;0;0;0;2;0;0;0;0
"06/10/2023";"02:59:00";"258";"ac02-Acide";"21.262";"BR-465/RJ";"Sul";"Colisão lateral no mesmo sentido";0;0;0;1;0;1;0;0;0;0;0;0;1;0;0
"06/10/2023";"03:06:00";"260";"ac01-Acide";"554.498";"BR-116/MG";"Norte";"Colisão lateral no sentido contrário";1;0;1;0;0;0;0;0;0;0;1;0;0;1;1
"06/10/2023";"04:12:00";"276";"ac03-Acide";"184";"BR-116/RJ";"Sul";"Engavetamento";2;0;0;0;0;2;0;0;0;0;2;0;0;0;0
"06/10/2023";"04:31:00";"279";"ac02-Acide";"174";"BR-116/RJ";"Norte";"Colisão Traseira";2;0;0;0;0;0;0;0;0;0;0;4;0;0;0
"06/10/2023";"04:46:00";"285";"ac02-Acide";"53.7";"BR-116/RJ";"Sul";"Colisão lateral no mesmo sentido";1;0;0;1;0;0;0;0;0;0;1;0;1;0;0
"06/10/2023";"05:05:00";"288";"ac02-Acide";"554.05";"BR-116/MG";"Sul";"Colisão Traseira";1;0;0;1;0;0;0;0;0;0;1;0;0;1;0
"06/10/2023";"05:20:00";"296";"ac03-Acide";"527";"BR-116/MG";"Sul";"Colisão Traseira";2;0;0;0;0;0;0;0;0;0;2;0;0;0;0
"06/10/2023";"05:52:00";"307";"ac02-Acide";"173";"BR-116/RJ";"Sul";"Colisão Traseira";1;0;0;1;0;0;0;0;0;0;1;3;0;0;0
"06/10/2023";"05:58:00";"308";"ac02-Acide";"183.5";"BR-116/RJ";"Sul";"Queda de Moto";0;0;0;1;0;0;0;0;0;0;0;2;0;0;0
"06/10/2023";"05:59:00";"309";"ac02-Acide";"44";"BR-116/RJ";"Sul";"Colisão Traseira";0;0;0;1;0;1;0;0;0;0;0;2;0;0;0
"06/10/2023";"07:18:00";"326";"ac02-Acide";"184.85";"BR-116/RJ";"Norte";"Engavetamento";3;0;0;0;0;0;0;0;0;0;2;2;0;0;0
"06/10/2023";"07:36:00";"329";"ac02-Acide";"182";"BR-116/RJ";"Sul";"Colisão lateral no mesmo sentido";1;0;0;1;0;0;0;0;0;0;1;0;1;0;0
"06/10/2023";"08:37:00";"342";"ac02-Acide";"12";"BR-465/RJ";"Norte";"Colisão Transversal";1;1;0;0;0;0;0;0;0;0;0;1;0;0;0
"06/10/2023";"08:54:00";"345";"ac03-Acide";"172.2";"BR-116/RJ";"Sul";"Engavetamento";5;0;0;0;0;0;0;0;0;0;6;0;0;0;0
"07/10/2023";"04:39:00";"21";"ac02-Acide";"193.165";"BR-116/RJ";"Norte";"Choque - Defensa metálica";0;0;1;0;0;0;0;0;0;0;0;2;0;0;0
"07/10/2023";"08:11:00";"121";"ac03-Acide";"88.951";"BR-493/RJ";"Sul";"Saida de Pista";0;0;1;0;0;0;0;0;0;0;1;0;0;0;0
"07/10/2023";"08:54:00";"136";"ac02-Acide";"96.5";"BR-493/RJ";"Norte";"Choque - Canaleta";1;0;0;0;0;0;0;0;0;0;0;2;0;0;0
"07/10/2023";"10:02:00";"160";"ac02-Acide";"523";"BR-116/MG";"Norte";"Colisão lateral no sentido contrário";1;0;1;0;0;0;0;0;0;0;2;0;1;0;0
"07/10/2023";"11:26:00";"188";"ac03-Acide";"415";"BR-116/MG";"Norte";"Engavetamento";3;0;0;0;0;0;0;0;0;0;3;0;0;0;0
"07/10/2023";"01:06:00";"212";"ac03-Acide";"503";"BR-116/MG";"Norte";"Colisão lateral no sentido contrário";1;0;1;0;0;0;0;0;0;0;1;0;0;0;0
"07/10/2023";"01:49:00";"226";"ac02-Acide";"176";"BR-116/RJ";"Norte";"Colisão Traseira";1;0;0;1;0;0;0;0;0;0;2;0;1;0;0
"07/10/2023";"03:27:00";"259";"ac02-Acide";"755";"BR-116/MG";"Sul";"Atropelamento Ciclista";0;1;0;1;0;0;0;0;0;0;0;2;1;0;0
"07/10/2023";"06:19:00";"291";"ac03-Acide";"518";"BR-116/MG";"Norte";"Saida de Pista";1;0;0;0;0;0;0;0;0;0;1;0;0;0;0
"07/10/2023";"07:11:00";"306";"ac02-Acide";"45.505";"BR-116/RJ";"Norte";"Colisão Frontal";2;0;0;0;0;0;0;0;0;0;0;0;4;1;0
"07/10/2023";"07:30:00";"310";"ac02-Acide";"506.307";"BR-116/MG";"Norte";"Colisão lateral no mesmo sentido";1;0;0;1;0;0;0;0;0;0;1;2;0;0;0
"07/10/2023";"08:40:00";"323";"ac02-Acide";"567";"BR-116/MG";"Norte";"Colisão lateral no sentido contrário";1;0;1;0;0;0;0;0;0;0;1;1;0;0;0
"07/10/2023";"09:15:00";"330";"ac02-Acide";"23.798";"BR-493/RJ";"Norte";"Capotamento";1;0;0;0;0;0;0;0;0;0;0;1;1;0;0
"07/10/2023";"09:23:00";"332";"ac02-Acide";"1.328";"BR-465/RJ";"Norte";"Colisão lateral no sentido contrário";1;0;0;1;0;0;0;0;0;0;0;1;0;0;0
"08/10/2023";"07:34:00";"67";"ac02-Acide";"48.264";"BR-493/RJ";"Sul";"Choque - Defensa metálica";1;0;0;0;0;0;0;0;0;0;0;2;0;0;0
"08/10/2023";"10:24:00";"106";"ac03-Acide";"38";"BR-116/RJ";"Sul";"Choque - Meio Fio";1;0;0;0;0;0;0;0;0;0;1;0;0;0;0
"08/10/2023";"11:37:00";"119";"ac02-Acide";"101.9";"BR-493/RJ";"Sul";"Choque - Meio Fio";1;0;0;0;0;0;0;0;0;0;0;1;0;0;0
"08/10/2023";"11:42:00";"121";"ac02-Acide";"20.2";"BR-493/RJ";"Norte";"Colisão Frontal";1;0;2;1;0;0;0;0;0;0;0;2;1;2;0
"08/10/2023";"11:43:00";"122";"ac02-Acide";"538";"BR-116/MG";"Norte";"Colisão Frontal";1;0;1;0;0;0;0;0;0;0;1;0;0;1;0
"08/10/2023";"01:43:00";"150";"ac02-Acide";"607";"BR-116/MG";"Norte";"Colisão Traseira";1;0;1;0;0;0;0;0;0;0;1;1;1;0;0
"08/10/2023";"01:53:00";"152";"ac02-Acide";"534.25";"BR-116/MG";"Norte";"Tombamento";0;0;1;0;0;0;0;0;0;0;0;1;0;0;0
"08/10/2023";"06:27:00";"204";"ac02-Acide";"2";"BR-493/RJ";"Sul";"Capotamento";1;0;0;0;0;0;0;0;0;0;0;3;0;0;0
"08/10/2023";"08:44:00";"227";"ac02-Acide";"171";"BR-116/RJ";"Norte";"Colisão Traseira";2;0;0;0;0;0;0;0;0;0;0;2;0;0;0
"08/10/2023";"08:54:00";"231";"ac03-Acide";"171";"BR-116/RJ";"Norte";"Colisão Traseira";2;0;0;0;0;0;0;0;0;0;2;0;0;0;0
"08/10/2023";"09:10:00";"237";"ac02-Acide";"185";"BR-116/RJ";"Norte";"Colisão Traseira";1;0;0;1;0;0;0;0;0;0;0;1;0;1;0
"09/10/2023";"01:49:00";"12";"ac02-Acide";"478.3";"BR-116/MG";"Norte";"Colisão Frontal";1;0;1;0;0;0;0;0;0;0;1;0;0;1;0
"09/10/2023";"03:20:00";"16";"ac02-Acide";"0.4";"BR-493/RJ";"Sul";"Colisão lateral no sentido contrário";1;0;0;1;0;0;0;0;0;0;1;0;0;1;0
"09/10/2023";"06:42:00";"35";"ac03-Acide";"63.813";"BR-493/RJ";"Norte";"Choque - Meio Fio";1;0;0;0;0;0;0;0;0;0;1;0;0;0;0
"09/10/2023";"09:25:00";"107";"ac03-Acide";"130.951";"BR-116/RJ";"Norte";"Colisão lateral no mesmo sentido";1;0;1;0;0;0;0;0;0;0;4;0;0;0;0
"09/10/2023";"10:46:00";"146";"ac02-Acide";"759.126";"BR-116/MG";"Sul";"Colisão Traseira";0;0;2;0;0;0;0;0;0;0;1;1;0;0;0
"09/10/2023";"11:46:00";"161";"ac02-Acide";"528.428";"BR-116/MG";"Norte";"Colisão Transversal";1;0;0;1;0;0;0;0;0;0;1;1;0;0;0
"09/10/2023";"03:38:00";"218";"ac02-Acide";"414.415";"BR-116/MG";"Norte";"Colisão Transversal";1;0;0;1;0;0;0;0;0;0;1;0;1;0;0
"09/10/2023";"04:03:00";"224";"ac02-Acide";"19.149";"BR-465/RJ";"Sul";"Atropelamento - Pedestre";1;0;0;0;0;0;0;0;0;0;1;0;1;0;0
"09/10/2023";"04:51:00";"230";"ac02-Acide";"452.158";"BR-116/MG";"Sul";"Colisão Traseira";1;0;1;0;0;0;0;0;0;0;0;1;0;0;0
"09/10/2023";"05:11:00";"232";"ac03-Acide";"131.638";"BR-116/RJ";"Norte";"Choque - Meio Fio";1;0;0;0;0;0;0;0;0;0;1;0;0;0;0
"09/10/2023";"07:10:00";"256";"ac03-Acide";"176";"BR-116/RJ";"Sul";"Colisão Traseira";1;0;0;0;0;1;0;0;0;0;2;0;0;0;0
"09/10/2023";"07:41:00";"262";"ac02-Acide";"700.85";"BR-116/MG";"Sul";"Colisão lateral no sentido contrário";1;0;0;1;0;0;0;0;0;0;0;1;0;1;0
"09/10/2023";"09:58:00";"287";"ac02-Acide";"520";"BR-116/MG";"Sul";"Atropelamento de Animal";0;0;0;0;1;0;0;0;0;0;0;1;0;0;0
"10/10/2023";"05:25:00";"32";"ac02-Acide";"708.2";"BR-116/MG";"Sul";"Capotamento";1;0;0;0;0;0;0;0;0;0;0;1;0;0;0
"10/10/2023";"07:01:00";"56";"ac02-Acide";"187.6";"BR-116/RJ";"Norte";"Engavetamento";4;0;0;0;0;0;0;0;0;0;0;4;0;0;0
"10/10/2023";"08:12:00";"92";"ac03-Acide";"23.183";"BR-493/RJ";"Norte";"Engavetamento";3;0;0;0;0;0;0;0;0;0;4;0;0;0;0
"10/10/2023";"08:34:00";"107";"ac02-Acide";"172.462";"BR-116/RJ";"Norte";"Colisão lateral no mesmo sentido";1;0;0;1;0;0;0;0;0;0;1;0;1;0;0
"10/10/2023";"09:12:00";"128";"ac02-Acide";"3.646";"BR-465/RJ";"Norte";"Colisão Transversal";1;0;0;1;0;0;0;0;0;0;0;1;1;0;0
"10/10/2023";"09:43:00";"142";"ac02-Acide";"607.318";"BR-116/MG";"Norte";"Colisão Traseira";1;0;1;0;0;0;0;0;0;0;0;2;0;0;0
"10/10/2023";"11:18:00";"170";"ac03-Acide";"600.441";"BR-116/MG";"Sul";"Choque - New jersey";1;0;0;0;0;0;0;0;0;0;1;0;0;0;0
"10/10/2023";"11:18:00";"171";"ac02-Acide";"182";"BR-116/RJ";"Norte";"Queda de Moto";0;0;0;1;0;0;0;0;0;0;0;1;1;0;0
"10/10/2023";"12:17:00";"181";"ac03-Acide";"211.6";"BR-116/RJ";"Sul";"Colisão lateral no sentido contrário";1;0;1;0;0;0;0;0;0;0;2;0;0;0;0
"10/10/2023";"12:36:00";"186";"ac03-Acide";"144.362";"BR-116/RJ";"Norte";"Choque - Defensa metálica";1;0;1;0;0;0;0;0;0;0;3;0;0;0;0
"10/10/2023";"01:21:00";"195";"ac02-Acide";"28.087";"BR-116/RJ";"Sul";"Tombamento";0;0;1;0;0;0;0;0;0;0;0;1;0;0;0
"10/10/2023";"01:50:00";"198";"ac02-Acide";"811.384";"BR-116/MG";"Norte";"Tombamento";0;0;1;0;0;0;0;0;0;0;0;1;0;0;0
"10/10/2023";"02:44:00";"208";"ac03-Acide";"520.207";"BR-116/MG";"Sul";"Choque - Defensa metálica";0;0;1;0;0;0;0;0;0;0;1;0;0;0;0
"10/10/2023";"02:45:00";"209";"ac03-Acide";"98.714";"BR-116/RJ";"Sul";"Colisão lateral no sentido contrário";2;0;0;0;0;0;0;0;0;0;3;0;0;0;0
"10/10/2023";"04:04:00";"234";"ac03-Acide";"90.318";"BR-116/RJ";"Sul";"Choque - Canaleta";1;0;0;0;0;0;0;0;0;0;1;0;0;0;0
"10/10/2023";"06:31:00";"260";"ac02-Acide";"5.9";"BR-465/RJ";"Norte";"Colisão lateral no sentido contrário";2;0;0;0;1;0;0;0;0;0;1;1;0;0;0
"10/10/2023";"07:43:00";"265";"ac02-Acide";"426";"BR-116/MG";"Norte";"Atropelamento de Animal";1;0;0;0;0;0;0;0;0;0;0;1;0;0;0
"10/10/2023";"08:47:00";"273";"ac02-Acide";"548";"BR-116/MG";"Norte";"Capotamento";1;0;0;0;0;0;0;0;0;0;0;1;0;0;0
"10/10/2023";"11:05:00";"293";"ac03-Acide";"6";"BR-493/RJ";"Norte";"Colisão Traseira";1;0;0;0;0;0;0;0;0;1;3;0;0;0;0
"11/10/2023";"01:36:00";"6";"ac03-Acide";"94";"BR-116/RJ";"Sul";"Saida de Pista";0;0;1;0;0;0;0;0;0;0;1;0;0;0;0
"11/10/2023";"04:28:00";"15";"ac02-Acide";"96";"BR-116/RJ";"Sul";"Choque - Meio Fio";1;0;0;0;0;0;0;0;0;0;0;1;0;0;0
"11/10/2023";"06:10:00";"24";"ac02-Acide";"183.5";"BR-116/RJ";"Norte";"Colisão lateral no mesmo sentido";1;0;0;1;0;0;0;0;0;0;0;2;0;0;0
"11/10/2023";"07:13:00";"42";"ac03-Acide";"608.217";"BR-116/MG";"Norte";"Saida de Pista";1;0;0;0;0;0;0;0;0;0;1;0;0;0;0
"11/10/2023";"07:36:00";"75";"ac03-Acide";"117.8";"BR-493/RJ";"Sul";"Saida de Pista";0;0;0;0;0;0;0;0;0;1;0;0;0;0;0
"11/10/2023";"07:55:00";"97";"ac02-Acide";"135.744";"BR-116/RJ";"Norte";"Queda de Moto";0;0;0;1;0;0;0;0;0;0;0;1;0;0;0
"11/10/2023";"08:00:00";"92";"ac02-Acide";"171.7";"BR-116/RJ";"Norte";"Queda de Moto";0;0;0;1;0;0;0;0;0;0;0;1;0;0;0
"11/10/2023";"08:20:00";"110";"ac03-Acide";"212.9";"BR-116/RJ";"Sul";"Colisão Traseira";1;0;1;0;0;0;0;0;0;0;2;0;0;0;0
"11/10/2023";"09:23:00";"148";"ac03-Acide";"414.35";"BR-116/MG";"Sul";"Colisão lateral no mesmo sentido";1;0;0;1;0;0;0;0;0;0;2;0;0;0;0
"11/10/2023";"09:53:00";"170";"ac02-Acide";"449.384";"BR-116/MG";"Norte";"Tombamento";0;0;1;0;0;0;0;0;0;0;0;1;0;0;0
"11/10/2023";"10:11:00";"183";"ac02-Acide";"174";"BR-116/RJ";"Norte";"Engavetamento";3;0;0;0;0;0;0;0;0;0;0;3;0;0;0
"11/10/2023";"10:54:00";"197";"ac02-Acide";"185";"BR-116/RJ";"Norte";"Colisão Traseira";1;0;0;1;0;0;0;0;0;0;1;1;0;0;0
"11/10/2023";"02:36:00";"264";"ac02-Acide";"21";"BR-465/RJ";"Sul";"Colisão lateral no mesmo sentido";1;0;0;1;0;0;0;0;0;0;0;0;0;1;0
"11/10/2023";"03:18:00";"273";"ac03-Acide";"20";"BR-493/RJ";"Sul";"Colisão lateral no mesmo sentido";1;0;1;0;0;0;0;0;0;0;0;0;0;0;0
"11/10/2023";"03:38:00";"279";"ac02-Acide";"187";"BR-116/RJ";"Norte";"Engavetamento";2;0;0;0;0;2;0;0;0;0;0;3;0;0;0
"11/10/2023";"05:02:00";"303";"ac02-Acide";"175";"BR-116/RJ";"Sul";"Colisão lateral no mesmo sentido";1;0;0;1;0;0;0;0;0;0;1;1;0;0;0
"11/10/2023";"07:10:00";"344";"ac02-Acide";"77";"BR-116/RJ";"Norte";"Queda de Moto";0;0;0;1;0;0;0;0;0;0;0;0;1;0;0
"11/10/2023";"07:37:00";"354";"ac03-Acide";"581.239";"BR-116/MG";"Sul";"Atropelamento de Animal";1;0;0;0;0;0;0;0;0;0;1;0;0;0;0
"11/10/2023";"07:41:00";"357";"ac02-Acide";"90.804";"BR-493/RJ";"Sul";"Queda de Moto";0;0;0;1;0;0;0;0;0;0;0;2;0;0;0
"11/10/2023";"08:33:00";"383";"ac03-Acide";"135.5";"BR-116/RJ";"Sul";"Choque - Defensa metálica";1;0;0;0;0;0;0;0;0;0;1;0;0;0;0
"11/10/2023";"09:18:00";"397";"ac03-Acide";"633.4";"BR-116/MG";"Norte";"Colisão lateral no mesmo sentido";0;0;0;0;0;1;0;0;0;1;1;0;0;0;0
"11/10/2023";"10:33:00";"410";"ac02-Acide";"6";"BR-493/RJ";"Norte";"Atropelamento - Pedestre";1;0;0;0;0;0;0;0;0;0;1;0;1;0;0
"12/10/2023";"04:32:00";"20";"ac03-Acide";"531";"BR-116/MG";"Norte";"Colisão Traseira";1;0;1;0;0;0;0;0;0;0;1;0;0;0;0
"12/10/2023";"09:15:00";"108";"ac03-Acide";"132";"BR-116/RJ";"Sul";"Choque - Meio Fio";0;0;0;0;0;0;0;0;0;1;0;0;0;0;0
"12/10/2023";"12:31:00";"166";"ac03-Acide";"743";"BR-116/MG";"Norte";"Colisão Transversal";2;0;0;0;0;0;0;0;0;0;2;0;0;0;0
"12/10/2023";"02:21:00";"188";"ac03-Acide";"120";"BR-116/RJ";"Norte";"Saida de Pista";1;0;0;0;0;0;0;0;0;0;0;0;0;0;0
"12/10/2023";"02:37:00";"190";"ac02-Acide";"185.7";"BR-116/RJ";"Sul";"Colisão Traseira";1;0;1;0;0;0;0;0;0;0;0;2;1;0;0
"12/10/2023";"03:01:00";"193";"ac02-Acide";"185";"BR-116/RJ";"Norte";"Colisão Traseira";2;0;0;0;0;0;0;0;0;0;0;1;0;0;0
"12/10/2023";"05:54:00";"224";"ac03-Acide";"419";"BR-116/MG";"Norte";"Queda de Moto";0;0;0;1;0;0;0;0;0;0;2;0;0;0;0
"12/10/2023";"06:04:00";"227";"ac02-Acide";"16.978";"BR-465/RJ";"Norte";"Colisão Frontal";1;0;0;0;1;0;0;0;0;0;0;1;1;1;0
"12/10/2023";"11:46:00";"283";"ac03-Acide";"765";"BR-116/MG";"Norte";"Choque - Outros";0;0;0;0;0;0;0;0;0;1;1;0;0;0;0
"13/10/2023";"08:06:00";"65";"ac02-Acide";"530";"BR-116/MG";"Norte";"Choque - Talude ou Barranco";1;0;0;0;0;0;0;0;0;0;0;1;0;0;0
"13/10/2023";"12:33:00";"167";"ac03-Acide";"21.967";"BR-465/RJ";"Norte";"Colisão Traseira";1;0;0;0;1;0;0;0;0;0;2;0;0;0;0
"13/10/2023";"01:12:00";"177";"ac02-Acide";"12.891";"BR-493/RJ";"Norte";"Choque - Talude ou Barranco";2;0;0;0;0;0;0;0;0;0;0;0;1;0;0
"13/10/2023";"01:14:00";"178";"ac02-Acide";"585";"BR-116/MG";"Norte";"Colisão lateral no mesmo sentido";1;0;0;1;0;0;0;0;0;0;0;2;0;0;0
"13/10/2023";"01:45:00";"184";"ac02-Acide";"11.964";"BR-493/RJ";"Norte";"Engavetamento";1;0;0;0;0;0;0;0;0;2;3;4;0;0;0
"13/10/2023";"02:29:00";"192";"ac03-Acide";"206.744";"BR-116/RJ";"Norte";"Choque - Defensa metálica";1;0;0;0;0;0;0;0;0;0;3;0;0;0;0
"13/10/2023";"02:48:00";"194";"ac02-Acide";"74.626";"BR-493/RJ";"Norte";"Colisão Traseira";0;0;1;0;0;0;0;0;0;1;1;1;0;0;0
"13/10/2023";"03:03:00";"196";"ac03-Acide";"212.539";"BR-116/RJ";"Sul";"Colisão lateral no mesmo sentido";2;0;0;0;0;0;0;0;0;0;2;0;0;0;0
"13/10/2023";"03:22:00";"202";"ac03-Acide";"131.5";"BR-116/RJ";"Sul";"Choque - Defensa metálica";0;0;1;0;0;0;0;0;0;0;2;0;0;0;0
"13/10/2023";"03:34:00";"203";"ac02-Acide";"99.957";"BR-116/RJ";"Norte";"Queda de Moto";1;0;0;1;0;0;0;0;0;0;2;0;1;1;0
"13/10/2023";"06:12:00";"227";"ac03-Acide";"129.9";"BR-116/RJ";"Sul";"Colisão Traseira";0;0;2;0;0;0;0;0;0;0;2;0;0;0;0