data;horario;n_da_ocorrencia;tipo_de_ocorrencia;km;trecho;sentido;tipo_de_acidente;automovel;bicicleta;caminhao;moto;onibus;outros;tracao_animal;transporte_de_cargas_especiais;trator_maquinas;utilitarios;ilesos;levemente_feridos;moderadamente_feridos;gravemente_feridos;mortos
"07/11/2023";"05:15:00";"128";"ac03 - Aci";"147.146";"BR-116/RJ";"Sul";"Colisão lateral no mesmo sentido";1;0;0;0;1;0;0;0;0;0;3;0;0;0;0
"07/11/2023";"06:43:00";"140";"ac03 - Aci";"71.014";"BR-116/RJ";"Norte";"Tombamento";0;0;0;0;0;0;0;0;0;1;1;0;0;0;0
"07/11/2023";"07:08:00";"147";"ac02 - Aci";"703.15";"BR-116/MG";"Sul";"Colisão lateral no mesmo sentido";0;0;0;2;0;0;0;0;0;0;0;1;1;0;0
"07/11/2023";"07:14:00";"148";"ac02 - Aci";"702.386";"BR-116/MG";"Norte";"Colisão lateral no mesmo sentido";0;0;1;1;0;0;0;0;0;0;1;0;1;0;0
"07/11/2023";"08:11:00";"161";"ac02 - Aci";"171.785";"BR-116/RJ";"Norte";"Colisão Traseira";1;0;0;0;0;0;0;0;0;0;0;1;0;0;0
"07/11/2023";"12:19:00";"229";"ac03 - Aci";"97.426";"BR-116/RJ";"Norte";"Colisão Frontal";1;0;1;0;0;0;0;0;0;0;3;0;0;0;0
"07/11/2023";"01:25:00";"237";"ac02 - Aci";"688.638";"BR-116/MG";"Sul";"Saida de Pista";0;0;1;0;0;0;0;0;0;0;0;1;0;0;0
"07/11/2023";"01:48:00";"242";"ac02 - Aci";"184.584";"BR-116/RJ";"Norte";"Colisão Traseira";2;0;0;0;0;0;0;0;0;0;0;2;1;0;0
"07/11/2023";"03:37:00";"271";"ac02 - Aci";"193.528";"BR-116/RJ";"Norte";"Colisão Traseira";2;0;0;0;0;0;0;0;0;0;1;1;0;0;0
"07/11/2023";"04:43:00";"282";"ac03 - Aci";"90.956";"BR-116/RJ";"Norte";"Choque - Talude ou Barranco";1;0;0;0;0;0;0;0;0;0;1;0;0;0;0
"07/11/2023";"05:48:00";"294";"ac03 - Aci";"112.35";"BR-116/RJ";"Norte";"Atropelamento de Animal";0;0;0;1;0;0;0;0;0;0;1;0;0;0;0
"07/11/2023";"06:54:00";"312";"ac02 - Aci";"617";"BR-116/MG";"Norte";"Saida de Pista";1;0;0;0;0;0;0;0;0;0;0;1;0;0;0
"07/11/2023";"08:59:00";"335";"ac02 - Aci";"702";"BR-116/MG";"Norte";"Colisão lateral no mesmo sentido";1;0;0;1;0;0;0;0;0;0;1;1;0;0;0
"08/11/2023";"01:32:00";"122";"ac01 - Aci";"147.033";"BR-116/RJ";"Sul";"Colisão lateral no mesmo sentido";1;0;0;1;0;0;0;0;0;0;0;1;1;0;1
"08/11/2023";"05:00:00";"133";"ac02 - Aci";"171.4";"BR-116/RJ";"Norte";"Colisão Frontal";1;0;0;1;0;0;0;0;0;0;1;1;0;0;0
"08/11/2023";"05:55:00";"137";"ac02 - Aci";"194";"BR-116/RJ";"Norte";"Choque - Veiculo parado no acostamento";0;0;1;0;1;0;0;0;0;0;1;3;0;0;0
"08/11/2023";"06:49:00";"147";"ac02 - Aci";"174";"BR-116/RJ";"Norte";"Colisão lateral no mesmo sentido";1;0;0;1;0;0;0;0;0;0;2;1;1;0;0
"08/11/2023";"06:50:00";"154";"ac03 - Aci";"411.18";"BR-116/MG";"Norte";"Colisão Traseira";1;0;0;1;0;0;0;0;0;0;2;0;0;0;0
"08/11/2023";"07:42:00";"160";"ac03 - Aci";"143.6";"BR-116/RJ";"Sul";"Colisão lateral no mesmo sentido";0;0;1;2;0;0;0;0;0;0;3;0;0;0;0
"08/11/2023";"08:02:00";"172";"ac02 - Aci";"108.194";"BR-116/RJ";"Norte";"Colisão Transversal";1;0;0;1;0;0;0;0;0;0;0;3;0;0;0
"08/11/2023";"08:45:00";"178";"ac03 - Aci";"93.9";"BR-493/RJ";"Sul";"Choque - Veiculo parado no acostamento";0;0;2;0;0;0;0;0;0;0;2;0;0;0;0
"08/11/2023";"11:46:00";"218";"ac03 - Aci";"5";"BR-465/RJ";"Norte";"Engavetamento";2;0;1;0;0;0;0;0;0;0;3;0;0;0;0
"08/11/2023";"11:49:00";"219";"ac03 - Aci";"608";"BR-116/MG";"Sul";"Choque - Meio Fio";1;0;0;0;0;0;0;0;0;0;1;0;0;0;0
"08/11/2023";"12:32:00";"232";"ac02 - Aci";"21.156";"BR-465/RJ";"Norte";"Atropelamento - Pedestre";0;0;0;0;1;0;0;0;0;0;1;1;0;0;0
"08/11/2023";"02:01:00";"248";"ac02 - Aci";"4.288";"BR-465/RJ";"Norte";"Atropelamento - Pedestre";1;0;0;0;0;0;0;0;0;0;1;1;0;0;0
"08/11/2023";"03:38:00";"260";"ac03 - Aci";"176";"BR-116/RJ";"Sul";"Engavetamento";3;0;1;0;0;0;0;0;0;0;4;0;0;0;0
"08/11/2023";"05:48:00";"288";"ac02 - Aci";"122.793";"BR-116/RJ";"Norte";"Choque - Defensa metálica";1;0;0;0;0;0;0;0;0;0;0;2;0;0;0
"08/11/2023";"05:58:00";"290";"ac02 - Aci";"190";"BR-116/RJ";"Sul";"Atropelamento de Animal";0;0;0;1;0;0;0;0;0;0;0;1;0;0;0
"08/11/2023";"06:54:00";"306";"ac02 - Aci";"76.484";"BR-116/RJ";"Sul";"Colisão lateral no mesmo sentido";2;0;0;0;0;0;0;0;0;0;1;1;1;0;0
"08/11/2023";"10:58:00";"345";"ac02 - Aci";"18";"BR-465/RJ";"Norte";"Atropelamento - Pedestre";1;0;0;0;0;0;0;0;0;0;1;1;0;0;0
"09/11/2023";"07:22:00";"120";"ac02 - Aci";"86.6";"BR-116/RJ";"Sul";"Colisão lateral no mesmo sentido";0;0;1;1;0;0;0;0;0;0;0;2;0;0;0
"09/11/2023";"07:38:00";"124";"ac03 - Aci";"172.372";"BR-116/RJ";"Norte";"Choque - Veículo parado na pista";1;0;0;1;0;1;0;0;0;0;3;0;0;0;0
"09/11/2023";"12:11:00";"187";"ac03 - Aci";"684.5";"BR-116/MG";"Norte";"Choque - Defensa metálica";0;0;1;0;0;0;0;0;0;0;1;0;0;0;0
"09/11/2023";"04:49:00";"260";"ac03 - Aci";"702";"BR-116/MG";"Norte";"Colisão Transversal";0;0;1;0;0;0;0;0;0;1;2;0;0;0;0
"09/11/2023";"05:01:00";"265";"ac02 - Aci";"172.847";"BR-116/RJ";"Sul";"Colisão lateral no mesmo sentido";1;0;0;1;0;0;0;0;0;0;0;4;0;0;0
"09/11/2023";"05:32:00";"273";"ac02 - Aci";"413.608";"BR-116/MG";"Norte";"Atropelamento - Andarilho";0;0;0;1;0;0;0;0;0;0;1;0;1;0;0
"09/11/2023";"05:52:00";"278";"ac01 - Aci";"530.201";"BR-116/MG";"Norte";"Colisão lateral no mesmo sentido";1;0;1;0;0;0;0;0;0;0;1;0;0;0;1
"09/11/2023";"07:08:00";"292";"ac02 - Aci";"21";"BR-465/RJ";"Norte";"Colisão lateral no mesmo sentido";1;0;1;0;0;0;0;0;0;0;0;2;0;0;0
"09/11/2023";"08:31:00";"306";"ac02 - Aci";"40.58";"BR-116/RJ";"Norte";"Atropelamento - Pedestre";0;0;0;1;0;0;0;0;0;0;0;1;1;0;0
"09/11/2023";"10:38:00";"323";"ac02 - Aci";"176.414";"BR-116/RJ";"Norte";"Queda de Moto";0;0;0;1;0;0;0;0;0;0;0;1;0;0;0
"10/11/2023";"06:41:00";"135";"ac02 - Aci";"173.932";"BR-116/RJ";"Norte";"Colisão lateral no mesmo sentido";0;0;0;2;0;1;0;0;0;0;1;3;0;0;0
"10/11/2023";"07:38:00";"158";"ac02 - Aci";"416.484";"BR-116/MG";"Sul";"Atropelamento Ciclista";1;1;0;0;0;0;0;0;0;0;0;2;0;0;0
"10/11/2023";"08:11:00";"166";"ac02 - Aci";"169.1";"BR-116/RJ";"Sul";"Colisão lateral no mesmo sentido";0;0;0;1;0;0;0;0;0;1;1;1;0;0;0
"10/11/2023";"10:21:00";"195";"ac02 - Aci";"539.348";"BR-116/MG";"Norte";"Colisão Transversal";2;0;0;0;0;0;0;0;0;0;0;4;0;0;0
"10/11/2023";"01:40:00";"213";"ac02 - Aci";"172.167";"BR-116/RJ";"Sul";"Colisão lateral no mesmo sentido";2;0;0;1;0;0;0;0;0;0;2;0;1;0;0
"10/11/2023";"04:06:00";"262";"ac02 - Aci";"126.85";"BR-116/RJ";"Sul";"Atropelamento Ciclista";0;1;0;0;0;1;0;0;0;0;1;1;0;0;0
"10/11/2023";"05:12:00";"274";"ac02 - Aci";"0.1";"BR-493/RJ";"Sul";"Colisão Transversal";1;0;0;1;0;0;0;0;0;0;1;1;0;0;0
"10/11/2023";"05:40:00";"280";"ac03 - Aci";"176.8";"BR-116/RJ";"Norte";"Tombamento";0;0;1;0;0;0;0;0;0;0;2;0;0;0;0
"10/11/2023";"06:34:00";"291";"ac02 - Aci";"1";"BR-493/RJ";"Norte";"Colisão lateral no sentido contrário";0;0;0;2;0;0;0;0;0;0;1;0;2;0;0
"10/11/2023";"08:07:00";"312";"ac02 - Aci";"722";"BR-116/MG";"Sul";"Colisão Transversal";1;0;0;1;0;0;0;0;0;0;1;0;0;2;0
"10/11/2023";"08:09:00";"313";"ac02 - Aci";"603.9";"BR-116/MG";"Norte";"Saida de Pista";1;0;0;0;0;0;0;0;0;0;0;1;0;0;0
"10/11/2023";"08:20:00";"317";"ac02 - Aci";"813";"BR-116/MG";"Sul";"Colisão lateral no mesmo sentido";1;0;1;0;0;0;0;0;0;0;2;1;0;0;0
"10/11/2023";"09:52:00";"331";"ac03 - Aci";"77.2";"BR-493/RJ";"Norte";"Atropelamento de Animal";1;0;0;0;0;0;0;0;0;0;1;0;0;0;0
"10/11/2023";"11:21:00";"333";"ac03 - Aci";"432";"BR-116/MG";"Sul";"Choque - Meio Fio";1;0;0;0;0;0;0;0;0;0;1;0;0;0;0
"10/11/2023";"11:58:00";"338";"ac02 - Aci";"607";"BR-116/MG";"Norte";"Queda de Moto";0;0;0;1;0;0;0;0;0;0;0;1;0;0;0
"11/11/2023";"12:17:00";"18";"ac02 - Aci";"763";"BR-116/MG";"Norte";"Queda de Moto";0;0;0;1;0;0;0;0;0;0;0;1;0;0;0
"11/11/2023";"01:55:00";"77";"ac03 - Aci";"170";"BR-116/RJ";"Sul";"Engavetamento";3;0;0;0;1;0;0;0;0;0;5;0;0;0;0
"11/11/2023";"02:11:00";"79";"ac02 - Aci";"486";"BR-116/MG";"Sul";"Colisão Traseira";1;0;0;1;0;0;0;0;0;0;1;1;0;0;0
"11/11/2023";"09:05:00";"145";"ac02 - Aci";"198.85";"BR-116/RJ";"Norte";"Colisão Traseira";0;1;1;0;0;0;0;0;0;0;1;0;1;0;0
"11/11/2023";"09:41:00";"152";"ac02 - Aci";"31.3";"BR-116/RJ";"Norte";"Colisão Traseira";0;0;0;2;0;0;0;0;0;0;0;3;0;0;0
"11/11/2023";"11:29:00";"183";"ac03 - Aci";"147";"BR-116/RJ";"Norte";"Colisão lateral no mesmo sentido";1;0;1;0;0;0;0;0;0;0;2;0;0;0;0
"11/11/2023";"12:47:00";"200";"ac02 - Aci";"114";"BR-116/RJ";"Norte";"Colisão Traseira";2;0;0;0;0;0;0;0;0;0;0;3;3;0;0
"11/11/2023";"02:07:00";"216";"ac03 - Aci";"4.1";"BR-116/RJ";"Sul";"Saida de Pista";1;0;0;0;0;0;0;0;0;0;1;0;0;0;0
"11/11/2023";"03:33:00";"234";"ac03 - Aci";"187.551";"BR-116/RJ";"Norte";"Engavetamento";1;0;1;0;0;0;0;0;0;1;3;0;0;0;0
"11/11/2023";"07:53:00";"305";"ac02 - Aci";"177.9";"BR-116/RJ";"Sul";"Queda de Moto";0;0;0;1;0;0;0;0;0;0;0;0;1;0;0
"11/11/2023";"09:23:00";"313";"ac02 - Aci";"3";"BR-493/RJ";"Norte";"Atropelamento - Pedestre";0;0;0;1;0;0;0;0;0;0;1;1;1;0;0
"11/11/2023";"09:31:00";"319";"ac02 - Aci";"148";"BR-116/RJ";"Norte";"Queda de Moto";0;0;0;1;0;0;0;0;0;0;0;1;0;0;0
"11/11/2023";"11:50:00";"333";"ac02 - Aci";"70";"BR-116/RJ";"Sul";"Atropelamento de Animal";1;0;0;0;0;0;0;0;0;0;0;1;0;0;0
"12/11/2023";"01:07:00";"37";"ac02 - Aci";"18.5";"BR-493/RJ";"Sul";"Saida de Pista";1;0;0;0;0;0;0;0;0;0;0;1;0;0;0
"12/11/2023";"05:27:00";"60";"ac02 - Aci";"141.1";"BR-116/RJ";"Norte";"Capotamento";1;0;0;0;0;0;0;0;0;0;0;0;1;0;0
"12/11/2023";"08:48:00";"97";"ac02 - Aci";"803";"BR-116/MG";"Sul";"Choque - Meio Fio";1;0;0;0;0;0;0;0;0;0;0;1;0;0;0
"12/11/2023";"11:49:00";"147";"ac02 - Aci";"702.7";"BR-116/MG";"Norte";"Engavetamento";3;0;0;0;0;0;0;0;0;0;0;3;0;0;0
"12/11/2023";"12:55:00";"161";"ac02 - Aci";"21.2";"BR-465/RJ";"Sul";"Atropelamento - Pedestre";0;0;0;0;0;1;0;0;0;0;1;1;0;0;0
"12/11/2023";"03:29:00";"209";"ac02 - Aci";"148";"BR-116/RJ";"Norte";"Choque - Defensa metálica";1;0;0;0;0;0;0;0;0;0;0;0;1;0;0
"12/11/2023";"04:27:00";"231";"ac01 - Aci";"429";"BR-116/MG";"Sul";"Colisão Traseira";1;0;0;1;0;0;0;0;0;0;2;0;1;0;1
"12/11/2023";"04:47:00";"237";"ac02 - Aci";"147.8";"BR-116/RJ";"Sul";"Colisão Traseira";2;0;0;0;0;0;0;0;0;0;0;3;0;0;0
"12/11/2023";"04:55:00";"239";"ac02 - Aci";"187.6";"BR-116/RJ";"Norte";"Engavetamento";1;0;0;0;0;2;0;0;0;0;2;2;0;0;0
"12/11/2023";"05:09:00";"241";"ac02 - Aci";"764";"BR-116/MG";"Sul";"Colisão Traseira";2;0;0;0;0;0;0;0;0;0;1;5;0;0;0
"12/11/2023";"05:55:00";"254";"ac02 - Aci";"169";"BR-116/RJ";"Norte";"Colisão lateral no mesmo sentido";1;0;0;1;0;0;0;0;0;0;1;2;0;0;0
"12/11/2023";"06:58:00";"269";"ac02 - Aci";"110";"BR-116/RJ";"Sul";"Colisão lateral no mesmo sentido";1;1;0;0;0;0;0;0;0;0;0;2;0;0;0
"12/11/2023";"07:33:00";"278";"ac02 - Aci";"722";"BR-116/MG";"Norte";"Queda de Moto";0;0;0;1;0;0;0;0;0;0;0;1;0;0;0
"12/11/2023";"07:42:00";"281";"ac02 - Aci";"548.055";"BR-116/MG";"Norte";"Atropelamento Ciclista";0;1;0;1;0;0;0;0;0;0;1;1;0;0;0
"12/11/2023";"10:05:00";"310";"ac02 - Aci";"3";"BR-465/RJ";"Norte";"Queda de Moto";0;0;0;1;0;1;0;0;0;0;1;2;0;0;0
"12/11/2023";"11:34:00";"320";"ac02 - Aci";"146";"BR-116/RJ";"Sul";"Choque - Defensa metálica";1;0;0;0;0;0;0;0;0;0;0;2;1;0;0
"13/11/2023";"02:19:00";"130";"ac02 - Aci";"182";"BR-116/RJ";"Norte";"Queda de Moto";0;0;0;1;0;0;0;0;0;0;0;0;1;0;0
"13/11/2023";"04:39:00";"137";"ac02 - Aci";"59.7";"BR-493/RJ";"Norte";"Atropelamento de Animal";1;0;1;0;0;0;0;0;0;0;1;1;0;0;0
"13/11/2023";"06:25:00";"141";"ac02 - Aci";"186.7";"BR-116/RJ";"Norte";"Colisão lateral no mesmo sentido";1;0;0;1;0;0;0;0;0;0;0;2;1;0;0
"13/11/2023";"07:52:00";"164";"ac02 - Aci";"414";"BR-116/MG";"Norte";"Queda de Moto";0;0;0;1;0;0;0;0;0;0;0;1;0;0;0
"13/11/2023";"08:12:00";"171";"ac02 - Aci";"509";"BR-116/MG";"Sul";"Queda de Carro";0;0;0;1;0;0;0;0;0;0;0;1;0;0;0
"13/11/2023";"12:31:00";"242";"ac02 - Aci";"97.8";"BR-116/RJ";"Sul";"Choque - Canaleta";0;0;0;0;0;0;0;0;0;1;1;1;0;0;0
"13/11/2023";"12:39:00";"245";"ac03 - Aci";"99";"BR-493/RJ";"Norte";"Saida de Pista";0;0;1;0;0;0;0;0;0;0;1;0;0;0;0
"13/11/2023";"01:04:00";"251";"ac03 - Aci";"765";"BR-116/MG";"Norte";"Colisão Traseira";0;0;2;0;0;0;0;0;0;0;2;0;0;0;0
"13/11/2023";"01:46:00";"258";"ac03 - Aci";"669";"BR-116/MG";"Norte";"Choque - Meio Fio";1;0;0;0;0;0;0;0;0;0;1;0;0;0;0
"13/11/2023";"02:31:00";"271";"ac03 - Aci";"804";"BR-116/MG";"Norte";"Saida de Pista";1;0;0;0;0;0;0;0;0;0;1;0;0;0;0
"13/11/2023";"03:22:00";"282";"ac02 - Aci";"115.369";"BR-116/RJ";"Norte";"Colisão lateral no mesmo sentido";0;1;0;1;0;0;0;0;0;0;0;0;2;0;0
"13/11/2023";"03:33:00";"285";"ac02 - Aci";"173";"BR-116/RJ";"Norte";"Engavetamento";2;0;0;0;0;1;0;0;0;0;1;3;0;0;0
"14/11/2023";"01:58:00";"128";"ac02 - Aci";"19";"BR-116/RJ";"Sul";"Choque - Talude ou Barranco";0;0;1;0;0;0;0;0;0;0;0;1;0;0;0
"14/11/2023";"05:36:00";"145";"ac02 - Aci";"171";"BR-116/RJ";"Norte";"Colisão lateral no mesmo sentido";0;0;1;1;1;0;0;0;0;0;1;2;1;0;0
"14/11/2023";"10:12:00";"212";"ac02 - Aci";"186.819";"BR-116/RJ";"Norte";"Colisão lateral no mesmo sentido";2;0;0;0;0;0;0;0;0;1;0;3;0;0;0
"14/11/2023";"11:17:00";"235";"ac02 - Aci";"18.9";"BR-493/RJ";"Norte";"Queda de Moto";0;0;1;1;0;0;0;0;0;0;1;0;1;0;0
"14/11/2023";"11:33:00";"237";"ac03 - Aci";"181";"BR-116/RJ";"Sul";"Engavetamento";3;0;0;0;0;0;0;0;0;0;3;0;0;0;0
"14/11/2023";"01:03:00";"256";"ac02 - Aci";"181.533";"BR-116/RJ";"Sul";"Engavetamento";1;0;3;0;0;0;0;0;0;0;3;2;0;0;0
"14/11/2023";"05:23:00";"318";"ac02 - Aci";"713";"BR-116/MG";"Norte";"Queda de Moto";0;0;0;1;0;0;0;0;0;0;0;0;1;0;0
"14/11/2023";"09:36:00";"380";"ac02 - Aci";"185";"BR-116/RJ";"Sul";"Colisão Traseira";1;0;0;1;0;0;0;0;0;0;0;3;0;0;0
"14/11/2023";"10:00:00";"388";"ac02 - Aci";"191.5";"BR-116/RJ";"Norte";"Choque - Defensa metálica";1;0;0;0;0;0;0;0;0;0;0;3;0;0;0
"14/11/2023";"10:40:00";"395";"ac02 - Aci";"18";"BR-493/RJ";"Norte";"Choque - New jersey";1;0;0;0;0;0;0;0;0;0;0;2;0;0;0
"15/11/2023";"12:22:00";"79";"ac03 - Aci";"214.6";"BR-116/RJ";"Sul";"Colisão Traseira";1;0;1;0;0;0;0;0;0;0;2;0;0;0;0
"15/11/2023";"01:53:00";"87";"ac02 - Aci";"191";"BR-116/RJ";"Sul";"Colisão Traseira";0;0;1;0;1;0;0;0;0;0;1;2;0;0;0
"15/11/2023";"08:45:00";"155";"ac02 - Aci";"486.981";"BR-116/MG";"Norte";"Tombamento";0;0;1;0;0;0;0;0;0;0;0;0;1;0;0
"15/11/2023";"03:58:00";"288";"ac02 - Aci";"139.787";"BR-116/RJ";"Sul";"Queda de Moto";0;0;0;1;0;0;0;0;0;0;0;0;1;0;0
"15/11/2023";"05:30:00";"305";"ac02 - Aci";"53";"BR-493/RJ";"Sul";"Choque - Barreira";1;0;0;0;0;0;0;0;0;0;0;3;0;0;0
"15/11/2023";"08:40:00";"365";"ac02 - Aci";"810.3";"BR-116/MG";"Sul";"Tombamento";0;0;1;0;0;0;0;0;0;0;0;1;0;0;0
"15/11/2023";"10:03:00";"376";"ac02 - Aci";"584";"BR-116/MG";"Sul";"Colisão lateral no sentido contrário";2;0;0;0;0;0;0;0;0;0;0;2;1;0;0
"16/11/2023";"12:14:00";"8";"ac03 - Aci";"762";"BR-116/MG";"Norte";"Colisão Traseira";2;0;0;0;0;0;0;0;0;0;2;0;0;0;0
"16/11/2023";"01:39:00";"79";"ac03 - Aci";"193";"BR-116/RJ";"Norte";"Colisão Traseira";1;0;0;0;0;1;0;0;0;0;2;0;0;0;0
"16/11/2023";"11:17:00";"244";"ac02 - Aci";"95.5";"BR-116/RJ";"Norte";"Choque - Meio Fio";1;0;0;0;0;0;0;0;0;0;0;1;0;0;0
"16/11/2023";"11:26:00";"247";"ac02 - Aci";"182.973";"BR-116/RJ";"Sul";"Colisão Traseira";1;0;0;1;0;0;0;0;0;0;1;1;0;0;0
"16/11/2023";"11:52:00";"251";"ac02 - Aci";"66.6";"BR-116/RJ";"Norte";"Choque - Talude ou Barranco";1;0;0;0;0;0;0;0;0;0;0;3;0;0;0
"16/11/2023";"06:37:00";"362";"ac02 - Aci";"83";"BR-116/RJ";"Norte";"Choque - Sinalização";0;0;0;1;0;0;0;0;0;0;0;1;0;0;0
"16/11/2023";"06:47:00";"367";"ac03 - Aci";"715";"BR-116/MG";"Sul";"Colisão lateral no mesmo sentido";1;0;1;0;0;0;0;0;0;0;2;0;0;0;0
"16/11/2023";"09:26:00";"401";"ac02 - Aci";"530";"BR-116/MG";"Norte";"Colisão lateral no sentido contrário";2;0;0;0;0;0;0;0;0;0;1;2;0;0;0
"16/11/2023";"11:34:00";"421";"ac03 - Aci";"179";"BR-116/RJ";"Norte";"Choque - New jersey";1;0;0;0;0;0;0;0;0;0;1;0;0;0;0
"17/11/2023";"12:18:00";"30";"ac02 - Aci";"213";"BR-116/RJ";"Sul";"Colisão Traseira";1;0;0;0;1;0;0;0;0;0;1;0;2;0;0
"17/11/2023";"12:33:00";"53";"ac03 - Aci";"181.3";"BR-116/RJ";"Sul";"Colisão Traseira";1;0;0;0;0;1;0;0;0;0;2;0;0;0;0
"17/11/2023";"06:28:00";"134";"ac02 - Aci";"174.2";"BR-116/RJ";"Norte";"Colisão lateral no mesmo sentido";0;0;0;1;0;1;0;0;0;0;1;0;1;0;0
"17/11/2023";"06:54:00";"140";"ac02 - Aci";"441";"BR-116/MG";"Norte";"Saida de Pista";1;0;1;0;0;0;0;0;0;0;1;1;0;0;0
"17/11/2023";"09:10:00";"185";"ac02 - Aci";"1";"BR-493/RJ";"Norte";"Colisão lateral no mesmo sentido";1;0;0;1;0;0;0;0;0;0;1;2;0;0;0
"17/11/2023";"09:30:00";"193";"ac02 - Aci";"412.281";"BR-116/MG";"Sul";"Choque - Poste";1;0;0;0;0;0;0;0;0;0;0;0;0;1;0
"17/11/2023";"10:05:00";"203";"ac02 - Aci";"24.711";"BR-493/RJ";"Sul";"Engavetamento";1;0;1;0;0;0;0;0;0;1;0;3;0;0;0
"17/11/2023";"10:22:00";"211";"ac02 - Aci";"169";"BR-116/RJ";"Sul";"Colisão lateral no mesmo sentido";1;0;0;0;1;0;0;0;0;0;1;0;1;0;0
"17/11/2023";"02:39:00";"280";"ac02 - Aci";"183";"BR-116/RJ";"Sul";"Colisão Traseira";0;0;0;2;0;0;0;0;0;0;1;2;0;0;0
"17/11/2023";"04:24:00";"316";"ac02 - Aci";"106";"BR-116/RJ";"Norte";"Capotamento";1;0;0;0;0;0;0;0;0;0;0;0;2;1;0
"17/11/2023";"05:17:00";"336";"ac02 - Aci";"174";"BR-116/RJ";"Sul";"Colisão lateral no mesmo sentido";1;0;0;1;0;0;0;0;0;0;1;1;0;0;0
"17/11/2023";"05:53:00";"345";"ac02 - Aci";"189";"BR-116/RJ";"Sul";"Engavetamento";5;0;0;0;0;0;0;0;0;0;5;1;0;0;0
"17/11/2023";"05:54:00";"346";"ac02 - Aci";"183";"BR-116/RJ";"Sul";"Queda de Moto";0;0;0;1;0;0;0;0;0;0;0;1;0;0;0
"17/11/2023";"06:37:00";"357";"ac02 - Aci";"535.6";"BR-116/MG";"Sul";"Atropelamento - Morador";0;0;0;1;0;0;0;0;0;0;0;1;0;1;0
"17/11/2023";"06:58:00";"362";"ac02 - Aci";"455.8";"BR-116/MG";"Sul";"Colisão Frontal";2;0;0;0;0;0;0;0;0;0;0;2;0;0;0
"17/11/2023";"09:18:00";"397";"ac02 - Aci";"178.9";"BR-116/RJ";"Sul";"Colisão Traseira";2;0;0;0;0;0;0;0;0;1;0;3;0;0;0
"17/11/2023";"09:27:00";"400";"ac02 - Aci";"113";"BR-493/RJ";"Sul";"Choque - Outros";1;0;0;0;0;0;0;0;0;0;0;1;0;0;0
"17/11/2023";"10:45:00";"415";"ac02 - Aci";"494";"BR-116/MG";"Sul";"Choque - Barreira";1;0;0;0;0;0;0;0;0;0;0;1;0;0;0
"18/11/2023";"02:10:00";"68";"ac02 - Aci";"7.7";"BR-116/RJ";"Norte";"Saida de Pista";1;0;0;0;0;0;0;0;0;0;0;4;0;0;0
"18/11/2023";"04:05:00";"73";"ac02 - Aci";"469";"BR-116/MG";"Norte";"Choque - Barreira";0;0;1;0;0;0;0;0;0;0;0;1;0;0;0
"18/11/2023";"07:54:00";"110";"ac02 - Aci";"179.92";"BR-116/RJ";"Norte";"Queda de Moto";0;0;0;1;0;0;0;0;0;0;0;2;0;0;0
"18/11/2023";"08:53:00";"135";"ac02 - Aci";"186.7";"BR-116/RJ";"Norte";"Colisão Traseira";0;0;0;1;0;1;0;0;0;0;1;0;1;0;0
"18/11/2023";"09:00:00";"138";"ac02 - Aci";"193.3";"BR-116/RJ";"Sul";"Colisão Traseira";1;0;0;1;0;0;0;0;0;0;1;2;0;0;0
"18/11/2023";"09:17:00";"145";"ac03 - Aci";"528.7";"BR-116/MG";"Norte";"Choque - Barreira";0;0;1;0;0;0;0;0;0;0;1;0;0;0;0
"18/11/2023";"10:14:00";"160";"ac02 - Aci";"184.5";"BR-116/RJ";"Sul";"Colisão Traseira";1;0;0;0;0;0;0;0;0;1;0;2;0;0;0
"18/11/2023";"10:38:00";"166";"ac02 - Aci";"522";"BR-116/MG";"Norte";"Queda de Moto";0;0;0;1;0;0;0;0;0;0;0;1;0;0;0
"18/11/2023";"11:31:00";"184";"ac02 - Aci";"186";"BR-116/RJ";"Norte";"Colisão Traseira";1;0;0;0;0;1;0;0;0;0;1;1;0;0;0
"18/11/2023";"11:46:00";"190";"ac02 - Aci";"810";"BR-116/MG";"Norte";"Saida de Pista";1;0;0;0;0;0;0;0;0;0;0;0;1;0;0
"18/11/2023";"12:41:00";"206";"ac02 - Aci";"717";"BR-116/MG";"Norte";"Colisão lateral no mesmo sentido";1;0;0;1;0;0;0;0;0;0;1;0;1;0;0
"18/11/2023";"02:56:00";"248";"ac03 - Aci";"133";"BR-116/RJ";"Norte";"Colisão lateral no mesmo sentido";1;0;0;1;0;0;0;0;0;0;2;0;0;0;0
"18/11/2023";"03:43:00";"264";"ac02 - Aci";"114.8";"BR-116/RJ";"Norte";"Colisão Traseira";1;0;1;0;0;0;0;0;0;0;0;2;0;0;0
"18/11/2023";"03:44:00";"266";"ac02 - Aci";"489";"BR-116/MG";"Sul";"Colisão Frontal";2;0;0;0;0;0;0;0;0;0;1;1;0;0;0
"18/11/2023";"03:48:00";"267";"ac02 - Aci";"170";"BR-116/RJ";"Norte";"Colisão Traseira";1;0;0;1;0;0;0;0;0;0;0;2;0;0;0
"18/11/2023";"05:09:00";"301";"ac03 - Aci";"137.89";"BR-116/RJ";"Norte";"Colisão Traseira";1;0;1;0;0;0;0;0;0;0;2;0;0;0;0
"18/11/2023";"07:39:00";"339";"ac02 - Aci";"178";"BR-116/RJ";"Sul";"Colisão lateral no mesmo sentido";1;0;0;1;0;0;0;0;0;0;1;1;0;0;0
"18/11/2023";"08:07:00";"349";"ac03 - Aci";"181.2";"BR-116/RJ";"Norte";"Choque - Barreira";1;0;0;0;0;0;0;0;0;0;1;0;0;0;0
"18/11/2023";"08:38:00";"359";"ac02 - Aci";"676";"BR-116/MG";"Norte";"Queda de Moto";0;0;0;1;0;0;0;0;0;0;0;1;0;0;0
"18/11/2023";"09:42:00";"374";"ac03 - Aci";"33";"BR-116/RJ";"Norte";"Saida de Pista";1;0;0;0;0;0;0;0;0;0;1;0;0;0;0