data;horario;n_da_ocorrencia;tipo_de_ocorrencia;km;trecho;sentido;tipo_de_acidente;automovel;bicicleta;caminhao;moto;onibus;outros;tracao_animal;transporte_de_cargas_especiais;trator_maquinas;utilitarios;ilesos;levemente_feridos;moderadamente_feridos;gravemente_feridos;mortos
"19/11/2023";"07:15:00";"65";"ac02 - Aci";"448";"BR-116/MG";"Norte";"Queda de Moto";0;0;0;1;0;0;0;0;0;0;0;0;0;1;0
"19/11/2023";"08:14:00";"67";"ac01 - Aci";"774";"BR-116/MG";"Sul";"Tombamento";0;0;1;0;0;0;0;0;0;0;0;0;0;2;1
"19/11/2023";"08:30:00";"80";"ac03 - Aci";"7";"BR-116/RJ";"Sul";"Choque - Meio Fio";0;0;0;0;0;0;0;0;0;1;1;0;0;0;0
"19/11/2023";"08:50:00";"75";"ac03 - Aci";"97";"BR-493/RJ";"Sul";"Queda de Moto";0;0;0;1;0;0;0;0;0;0;1;0;0;0;0
"19/11/2023";"10:05:00";"94";"ac02 - Aci";"194";"BR-116/RJ";"Sul";"Choque - Defensa metálica";1;0;0;0;0;0;0;0;0;0;0;1;0;0;0
"19/11/2023";"11:41:00";"108";"ac02 - Aci";"782";"BR-116/MG";"Norte";"Saida de Pista";1;0;0;0;0;0;0;0;0;0;0;1;0;0;0
"19/11/2023";"12:10:00";"118";"ac02 - Aci";"776";"BR-116/MG";"Norte";"Saida de Pista";1;0;0;0;0;0;0;0;0;0;0;1;0;0;0
"19/11/2023";"03:00:00";"150";"ac02 - Aci";"761";"BR-116/MG";"Norte";"Choque - Meio Fio";1;0;0;0;0;0;0;0;0;0;0;4;0;0;0
"19/11/2023";"05:16:00";"176";"ac02 - Aci";"61.9";"BR-493/RJ";"Norte";"Tombamento";0;0;1;0;0;0;0;0;0;0;0;0;1;0;0
"19/11/2023";"07:03:00";"202";"ac03 - Aci";"414";"BR-116/MG";"Norte";"Colisão Traseira";1;0;0;0;0;0;0;0;0;1;2;0;0;0;0
"19/11/2023";"07:15:00";"207";"ac02 - Aci";"1.7";"BR-493/RJ";"Norte";"Colisão lateral no mesmo sentido";2;0;0;0;0;0;0;0;0;0;2;1;0;0;0
"19/11/2023";"07:54:00";"210";"ac02 - Aci";"48.255";"BR-493/RJ";"Norte";"Colisão Frontal";2;0;0;0;0;0;0;0;0;0;0;3;0;0;0
"19/11/2023";"07:56:00";"211";"ac02 - Aci";"96";"BR-493/RJ";"Sul";"Capotamento";1;0;0;0;0;0;0;0;0;0;0;3;0;0;0
"19/11/2023";"08:04:00";"214";"ac02 - Aci";"183";"BR-116/RJ";"Sul";"Colisão lateral no mesmo sentido";2;0;0;0;0;0;0;0;0;0;0;5;0;0;0
"19/11/2023";"08:08:00";"215";"ac03 - Aci";"120";"BR-493/RJ";"Sul";"Engavetamento";2;0;1;0;0;0;0;0;0;0;3;0;0;0;0
"19/11/2023";"10:22:00";"229";"ac02 - Aci";"186.7";"BR-116/RJ";"Norte";"Choque - Barreira";2;0;0;0;0;0;0;0;0;0;0;1;1;0;0
"19/11/2023";"11:45:00";"244";"ac02 - Aci";"143.54";"BR-116/RJ";"Norte";"Atropelamento Ciclista";0;1;0;0;1;0;0;0;0;0;1;0;0;1;0
"19/11/2023";"11:50:00";"245";"ac03 - Aci";"146.9";"BR-116/RJ";"Sul";"Colisão Traseira";1;0;0;0;0;0;0;0;0;0;1;0;0;0;0
"20/11/2023";"01:45:00";"71";"ac02 - Aci";"202.855";"BR-116/RJ";"Norte";"Atropelamento - Pedestre";0;0;1;0;0;0;0;0;0;0;1;0;1;0;0
"20/11/2023";"03:42:00";"89";"ac02 - Aci";"188";"BR-116/RJ";"Norte";"Colisão lateral no mesmo sentido";1;0;1;0;0;0;0;0;0;0;0;2;0;0;0
"20/11/2023";"05:05:00";"98";"ac03 - Aci";"48.258";"BR-493/RJ";"Sul";"Choque - Barreira";2;0;0;0;0;0;0;0;0;0;2;0;0;0;0
"20/11/2023";"05:48:00";"102";"ac03 - Aci";"85.082";"BR-116/RJ";"Norte";"Capotamento";1;0;0;0;0;0;0;0;0;0;1;0;0;0;0
"20/11/2023";"08:03:00";"122";"ac03 - Aci";"413";"BR-116/MG";"Norte";"Colisão lateral no mesmo sentido";2;0;0;0;0;0;0;0;0;0;2;0;0;0;0
"20/11/2023";"08:50:00";"137";"ac03 - Aci";"103.874";"BR-116/RJ";"Norte";"Choque - Meio Fio";1;0;0;0;0;0;0;0;0;0;3;0;0;0;0
"20/11/2023";"12:47:00";"199";"ac02 - Aci";"762.5";"BR-116/MG";"Sul";"Colisão lateral no mesmo sentido";1;0;0;1;0;0;0;0;0;0;1;0;1;0;0
"20/11/2023";"12:59:00";"210";"ac02 - Aci";"439.212";"BR-116/MG";"Sul";"Choque - Outros";1;0;0;0;0;0;0;0;0;0;0;0;1;0;0
"20/11/2023";"05:35:00";"261";"ac02 - Aci";"176";"BR-116/RJ";"Sul";"Choque - New jersey";1;0;0;0;0;0;0;0;0;0;0;3;0;0;0
"20/11/2023";"05:38:00";"262";"ac03 - Aci";"670";"BR-116/MG";"Sul";"Colisão lateral no sentido contrário";0;0;0;0;0;1;0;0;0;1;3;0;0;0;0
"20/11/2023";"06:21:00";"271";"ac02 - Aci";"97";"BR-116/RJ";"Norte";"Choque - New jersey";1;0;0;0;0;0;0;0;0;0;0;6;0;0;0
"20/11/2023";"09:26:00";"303";"ac03 - Aci";"31";"BR-116/RJ";"Sul";"Colisão Traseira";2;0;0;0;0;0;0;0;0;0;2;0;0;0;0
"21/11/2023";"12:28:00";"3";"ac03 - Aci";"95.8";"BR-493/RJ";"Sul";"Saida de Pista";1;0;0;0;0;0;0;0;0;0;1;0;0;0;0
"21/11/2023";"01:25:00";"6";"ac02 - Aci";"60.9";"BR-493/RJ";"Norte";"Choque - Pilar";1;0;0;0;0;0;0;0;0;0;1;1;0;0;0
"21/11/2023";"05:29:00";"51";"ac01 - Aci";"631.919";"BR-116/MG";"Sul";"Colisão Frontal";0;0;0;0;0;0;0;0;0;2;0;0;1;0;1
"21/11/2023";"08:09:00";"75";"ac02 - Aci";"175.251";"BR-116/RJ";"Norte";"Colisão Traseira";1;0;0;1;0;0;0;0;0;0;0;2;0;0;0
"21/11/2023";"08:56:00";"89";"ac02 - Aci";"139.824";"BR-116/RJ";"Sul";"Atropelamento Ciclista";2;1;0;0;0;0;0;0;0;0;2;1;0;0;0
"21/11/2023";"09:03:00";"94";"ac02 - Aci";"86.829";"BR-493/RJ";"Norte";"Colisão Traseira";1;0;0;0;0;0;0;0;0;1;0;1;5;2;0
"21/11/2023";"11:17:00";"129";"ac03 - Aci";"147.901";"BR-116/RJ";"Sul";"Colisão lateral no mesmo sentido";1;0;1;0;0;0;0;0;0;0;2;0;0;0;0
"21/11/2023";"02:05:00";"164";"ac02 - Aci";"525.902";"BR-116/MG";"Norte";"Colisão Transversal";1;0;0;1;0;0;0;0;0;0;1;0;0;1;0
"21/11/2023";"03:08:00";"179";"ac03 - Aci";"10.479";"BR-493/RJ";"Sul";"Colisão Traseira";1;0;1;0;0;0;0;0;0;0;3;0;0;0;0
"21/11/2023";"04:54:00";"209";"ac02 - Aci";"173.22";"BR-116/RJ";"Sul";"Engavetamento";3;0;0;0;0;0;0;0;0;0;0;5;0;0;0
"21/11/2023";"07:40:00";"245";"ac02 - Aci";"702";"BR-116/MG";"Norte";"Colisão lateral no sentido contrário";0;0;0;2;0;0;0;0;0;0;0;0;2;0;0
"21/11/2023";"09:01:00";"258";"ac03 - Aci";"51";"BR-493/RJ";"Norte";"Atropelamento de Animal";1;0;0;0;0;0;0;0;0;0;1;0;0;0;0
"22/11/2023";"01:16:00";"92";"ac03 - Aci";"530";"BR-116/MG";"Sul";"Colisão Traseira";0;0;2;0;0;0;0;0;0;0;2;0;0;0;0
"22/11/2023";"07:07:00";"133";"ac02 - Aci";"91.031";"BR-116/RJ";"Norte";"Choque - Canaleta";1;0;0;0;0;0;0;0;0;0;0;1;0;0;0
"22/11/2023";"07:10:00";"135";"ac02 - Aci";"573.104";"BR-116/MG";"Norte";"Colisão Traseira";1;0;0;1;0;0;0;0;0;0;1;1;0;0;0
"22/11/2023";"07:32:00";"143";"ac02 - Aci";"174";"BR-116/RJ";"Norte";"Colisão lateral no mesmo sentido";1;0;0;1;0;0;0;0;0;0;0;3;0;0;0
"22/11/2023";"02:53:00";"254";"ac02 - Aci";"172.4";"BR-116/RJ";"Sul";"Choque - Defensa metálica";1;0;0;0;0;0;0;0;0;0;1;0;1;0;0
"22/11/2023";"03:53:00";"274";"ac02 - Aci";"81.6";"BR-116/RJ";"Norte";"Colisão Transversal";1;0;0;1;0;0;0;0;0;0;1;1;0;0;0
"22/11/2023";"04:40:00";"299";"ac02 - Aci";"172";"BR-116/RJ";"Sul";"Colisão Traseira";1;0;0;0;1;0;0;0;0;0;1;2;0;0;0
"22/11/2023";"05:58:00";"334";"ac03 - Aci";"193";"BR-116/RJ";"Norte";"Choque - Defensa metálica";1;0;0;0;0;0;0;0;0;0;1;0;0;0;0
"22/11/2023";"07:30:00";"357";"ac02 - Aci";"652";"BR-116/MG";"Norte";"Atropelamento de Animal";0;0;0;1;0;0;1;0;0;0;0;2;0;0;0
"22/11/2023";"07:58:00";"371";"ac02 - Aci";"173";"BR-116/RJ";"Sul";"Colisão lateral no mesmo sentido";0;0;0;2;1;0;0;0;0;0;3;1;0;0;0
"22/11/2023";"08:49:00";"384";"ac02 - Aci";"96";"BR-493/RJ";"Sul";"Choque - Defensa metálica";1;0;0;0;0;0;0;0;0;0;0;3;0;0;0
"22/11/2023";"11:55:00";"389";"ac02 - Aci";"468.39";"BR-116/MG";"Sul";"Choque - Talude ou Barranco";0;0;1;0;0;0;0;0;0;0;0;1;0;0;0
"22/11/2023";"11:56:00";"407";"ac02 - Aci";"55";"BR-493/RJ";"Sul";"Saida de Pista";0;0;1;0;0;0;0;0;0;0;0;1;0;0;0
"23/11/2023";"05:52:00";"139";"ac02 - Aci";"487.1";"BR-116/MG";"Sul";"Choque - Meio Fio";1;0;0;0;0;0;0;0;0;0;0;1;0;0;0
"23/11/2023";"05:53:00";"140";"ac02 - Aci";"174";"BR-116/RJ";"Sul";"Queda de Moto";0;0;0;1;0;0;0;0;0;0;0;0;1;0;0
"23/11/2023";"06:34:00";"147";"ac02 - Aci";"171";"BR-116/RJ";"Norte";"Colisão lateral no mesmo sentido";0;0;0;2;0;0;0;0;0;0;1;0;1;0;0
"23/11/2023";"08:22:00";"174";"ac03 - Aci";"25.19";"BR-493/RJ";"Norte";"Colisão Traseira";0;0;2;0;0;0;0;0;0;0;3;0;0;0;0
"23/11/2023";"10:49:00";"219";"ac02 - Aci";"175.5";"BR-116/RJ";"Sul";"Colisão lateral no mesmo sentido";2;0;0;0;0;0;0;0;0;1;0;6;0;0;0
"23/11/2023";"12:59:00";"253";"ac02 - Aci";"202";"BR-116/RJ";"Sul";"Choque - Barreira";1;0;1;0;0;0;0;0;0;0;0;1;1;0;0
"23/11/2023";"01:39:00";"263";"ac02 - Aci";"144.633";"BR-116/RJ";"Sul";"Capotamento";1;0;0;0;0;0;0;0;0;0;0;0;2;0;0
"23/11/2023";"01:52:00";"265";"ac02 - Aci";"180";"BR-116/RJ";"Sul";"Queda de Moto";0;0;0;1;0;0;0;0;0;0;0;2;0;0;0
"23/11/2023";"02:00:00";"269";"ac02 - Aci";"614";"BR-116/MG";"Norte";"Colisão lateral no sentido contrário";0;0;2;0;0;0;0;0;0;0;0;2;0;0;0
"23/11/2023";"05:58:00";"317";"ac02 - Aci";"181.397";"BR-116/RJ";"Sul";"Engavetamento";5;0;1;0;0;0;0;0;0;0;0;6;0;0;0
"23/11/2023";"06:34:00";"327";"ac02 - Aci";"528.6";"BR-116/MG";"Norte";"Colisão Frontal";0;0;0;2;0;0;0;0;0;0;0;2;0;0;0
"23/11/2023";"07:15:00";"340";"ac02 - Aci";"137.95";"BR-116/RJ";"Norte";"Colisão Traseira";1;0;0;1;0;0;0;0;0;0;1;1;0;0;0
"23/11/2023";"07:20:00";"343";"ac03 - Aci";"445";"BR-116/MG";"Sul";"Atropelamento de Animal";1;0;0;0;0;0;0;0;0;0;1;0;0;0;0
"23/11/2023";"09:13:00";"356";"ac02 - Aci";"191.5";"BR-116/RJ";"Norte";"Choque - Defensa metálica";1;0;0;0;0;0;0;0;0;0;0;1;0;0;0
"23/11/2023";"09:56:00";"359";"ac03 - Aci";"78.803";"BR-116/RJ";"Norte";"Choque - Meio Fio";1;0;0;0;0;0;0;0;0;0;1;0;0;0;0
"23/11/2023";"10:12:00";"363";"ac02 - Aci";"13.715";"BR-493/RJ";"Sul";"Saida de Pista";0;0;0;1;0;0;0;0;0;0;0;1;0;0;0
"24/11/2023";"12:25:00";"109";"ac02 - Aci";"736";"BR-116/MG";"Norte";"Choque - Barreira";1;0;0;0;0;0;0;0;0;0;0;1;0;0;0
"24/11/2023";"12:57:00";"114";"ac02 - Aci";"17.392";"BR-493/RJ";"Norte";"Saida de Pista";0;0;1;0;0;0;0;0;0;0;0;1;0;0;0
"24/11/2023";"04:27:00";"127";"ac02 - Aci";"807.1";"BR-116/MG";"Norte";"Colisão Frontal";1;0;1;0;0;0;0;0;0;0;0;1;1;0;0
"24/11/2023";"07:16:00";"145";"ac02 - Aci";"537.722";"BR-116/MG";"Norte";"Colisão lateral no sentido contrário";1;0;0;1;0;0;0;0;0;0;1;0;1;0;0
"24/11/2023";"07:54:00";"154";"ac03 - Aci";"413";"BR-116/MG";"Norte";"Colisão Traseira";2;0;0;0;0;0;0;0;0;0;2;0;0;0;0
"24/11/2023";"07:58:00";"157";"ac02 - Aci";"174.755";"BR-116/RJ";"Norte";"Colisão Traseira";0;0;0;1;0;0;0;0;0;1;1;0;1;0;0
"24/11/2023";"08:09:00";"160";"ac02 - Aci";"412.15";"BR-116/MG";"Sul";"Colisão Traseira";1;0;0;1;0;0;0;0;0;0;1;0;1;0;0
"24/11/2023";"02:30:00";"234";"ac02 - Aci";"99.946";"BR-116/RJ";"Norte";"Colisão lateral no sentido contrário";1;0;0;0;0;0;0;0;0;1;0;3;0;0;0
"24/11/2023";"03:34:00";"245";"ac03 - Aci";"109";"BR-116/RJ";"Sul";"Colisão Traseira";1;0;1;0;0;0;0;0;0;0;2;0;0;0;0
"24/11/2023";"03:53:00";"252";"ac02 - Aci";"89.096";"BR-116/RJ";"Norte";"Colisão lateral no sentido contrário";2;0;0;0;0;0;0;0;0;0;1;1;0;0;0
"24/11/2023";"04:30:00";"262";"ac02 - Aci";"701.181";"BR-116/MG";"Sul";"Colisão Transversal";1;0;0;1;0;0;0;0;0;0;1;0;1;1;0
"24/11/2023";"05:17:00";"272";"ac02 - Aci";"144.7";"BR-116/RJ";"Norte";"Choque - Defensa metálica";1;0;0;0;0;0;0;0;0;0;0;2;0;0;0
"24/11/2023";"06:22:00";"289";"ac02 - Aci";"180";"BR-116/RJ";"Sul";"Queda de Moto";0;0;0;1;0;0;0;0;0;0;0;0;1;0;0
"24/11/2023";"07:03:00";"300";"ac02 - Aci";"144.8";"BR-116/RJ";"Norte";"Engavetamento";3;0;0;0;0;0;0;0;0;0;0;3;0;0;0
"24/11/2023";"07:32:00";"313";"ac03 - Aci";"591";"BR-116/MG";"Norte";"Atropelamento de Animal";2;0;0;0;0;0;0;0;0;0;2;0;0;0;0
"24/11/2023";"07:48:00";"317";"ac01 - Aci";"522.9";"BR-116/MG";"Norte";"Atropelamento Ciclista";0;0;1;0;0;0;0;0;0;0;0;1;0;0;1
"24/11/2023";"08:26:00";"325";"ac02 - Aci";"213.6";"BR-116/RJ";"Norte";"Colisão Traseira";2;0;0;0;0;0;0;0;0;0;0;5;0;0;0
"24/11/2023";"10:32:00";"351";"ac03 - Aci";"25";"BR-116/RJ";"Sul";"Queda de Moto";0;0;0;1;0;0;0;0;0;0;1;0;0;0;0
"24/11/2023";"10:57:00";"354";"ac02 - Aci";"86";"BR-493/RJ";"Norte";"Choque - Poste";1;0;0;0;0;0;0;0;0;0;0;1;0;0;0
"25/11/2023";"05:07:00";"104";"ac02 - Aci";"20.852";"BR-465/RJ";"Sul";"Colisão lateral no sentido contrário";1;0;0;1;0;0;0;0;0;0;1;2;1;0;0
"25/11/2023";"05:14:00";"105";"ac02 - Aci";"181.117";"BR-116/RJ";"Norte";"Colisão lateral no mesmo sentido";1;0;0;1;0;0;0;0;0;0;3;1;0;0;0
"25/11/2023";"06:22:00";"110";"ac02 - Aci";"21.991";"BR-465/RJ";"Norte";"Colisão Traseira";1;0;0;1;0;0;0;0;0;0;1;1;0;0;0
"25/11/2023";"07:24:00";"119";"ac02 - Aci";"99.73";"BR-116/RJ";"Norte";"Choque - Canaleta";1;0;0;0;0;0;0;0;0;0;0;1;0;0;0
"25/11/2023";"12:06:00";"174";"ac01 - Aci";"506.751";"BR-116/MG";"Sul";"Colisão Frontal";0;0;0;1;0;1;0;0;0;0;1;0;0;0;1
"25/11/2023";"02:01:00";"197";"ac02 - Aci";"134.131";"BR-116/RJ";"Sul";"Colisão Transversal";0;0;0;1;1;0;0;0;0;0;1;0;1;0;0
"25/11/2023";"03:21:00";"211";"ac02 - Aci";"145.197";"BR-116/RJ";"Norte";"Atropelamento - Pedestre";1;0;0;0;0;0;0;0;0;0;1;0;1;0;0
"25/11/2023";"05:21:00";"232";"ac03 - Aci";"181.143";"BR-116/RJ";"Norte";"Engavetamento";3;0;0;0;0;0;0;0;0;0;3;0;0;0;0
"25/11/2023";"06:13:00";"238";"ac02 - Aci";"134";"BR-116/RJ";"Sul";"Colisão lateral no mesmo sentido";1;0;1;0;0;0;0;0;0;0;1;2;0;0;0
"25/11/2023";"08:27:00";"265";"ac02 - Aci";"515";"BR-116/MG";"Sul";"Colisão Frontal";2;0;0;0;0;0;0;0;0;0;1;0;1;0;0
"25/11/2023";"08:34:00";"267";"ac02 - Aci";"145.513";"BR-116/RJ";"Sul";"Colisão Traseira";0;0;1;1;0;0;0;0;0;0;1;0;1;0;0
"25/11/2023";"10:52:00";"285";"ac03 - Aci";"60.7";"BR-116/RJ";"Norte";"Atropelamento de Animal";1;0;0;0;0;0;0;0;0;0;1;0;0;0;0
"26/11/2023";"03:43:00";"73";"ac02 - Aci";"770.357";"BR-116/MG";"Norte";"Choque - Defensa metálica";0;0;1;0;0;0;0;0;0;0;0;1;0;0;0
"26/11/2023";"08:28:00";"93";"ac03 - Aci";"551.88";"BR-116/MG";"Norte";"Colisão Traseira";1;0;1;0;0;0;0;0;0;0;2;0;0;0;0
"26/11/2023";"08:33:00";"94";"ac02 - Aci";"485.713";"BR-116/MG";"Norte";"Queda de Moto";0;0;0;1;0;0;0;0;0;0;0;1;0;0;0
"26/11/2023";"10:14:00";"114";"ac02 - Aci";"176.598";"BR-116/RJ";"Sul";"Queda de Moto";0;0;0;1;0;0;0;0;0;0;0;2;0;0;0
"26/11/2023";"11:37:00";"126";"ac02 - Aci";"592.1";"BR-116/MG";"Sul";"Queda de Moto";0;0;0;1;0;0;0;0;0;0;0;0;0;1;0
"26/11/2023";"03:28:00";"163";"ac02 - Aci";"176.116";"BR-116/RJ";"Norte";"Colisão Traseira";1;0;0;0;1;0;0;0;0;0;1;0;2;0;0
"26/11/2023";"03:54:00";"171";"ac02 - Aci";"532.656";"BR-116/MG";"Norte";"Capotamento";1;0;0;0;0;0;0;0;0;0;0;2;0;0;0
"26/11/2023";"06:48:00";"193";"ac03 - Aci";"615";"BR-116/MG";"Norte";"Colisão Traseira";2;0;0;0;0;0;0;0;0;0;2;0;0;0;0
"26/11/2023";"07:09:00";"198";"ac02 - Aci";"611";"BR-116/MG";"Norte";"Queda de Moto";0;0;0;1;0;0;0;0;0;0;0;0;0;1;0
"27/11/2023";"04:13:00";"95";"ac02 - Aci";"187.8";"BR-116/RJ";"Sul";"Queda de Moto";0;0;0;1;0;0;0;0;0;0;0;1;0;0;0
"27/11/2023";"05:47:00";"102";"ac03 - Aci";"179.3";"BR-116/RJ";"Norte";"Colisão lateral no mesmo sentido";2;0;1;0;0;0;0;0;0;0;3;0;0;0;0
"27/11/2023";"09:54:00";"161";"ac03 - Aci";"465.5";"BR-116/MG";"Norte";"Atropelamento de Animal";1;0;0;0;0;0;0;0;0;0;1;0;0;0;0
"27/11/2023";"02:56:00";"219";"ac02 - Aci";"126";"BR-116/RJ";"Sul";"Queda de Moto";0;0;0;1;0;0;0;0;0;0;0;1;0;0;0
"27/11/2023";"03:13:00";"222";"ac02 - Aci";"411.65";"BR-116/MG";"Sul";"Colisão lateral no mesmo sentido";1;0;0;1;0;0;0;0;0;0;0;1;1;0;0
"27/11/2023";"03:58:00";"237";"ac02 - Aci";"18.106";"BR-465/RJ";"Norte";"Colisão lateral no mesmo sentido";0;0;1;1;0;0;0;0;0;0;1;0;1;0;0
"27/11/2023";"07:14:00";"270";"ac02 - Aci";"729";"BR-116/MG";"Sul";"Colisão lateral no mesmo sentido";2;0;0;0;0;0;0;0;0;0;1;1;0;0;0
"27/11/2023";"07:29:00";"274";"ac02 - Aci";"50";"BR-493/RJ";"Norte";"Colisão Traseira";1;0;1;0;0;0;0;0;0;0;1;1;0;0;0
"28/11/2023";"06:51:00";"104";"ac02 - Aci";"408.64";"BR-116/MG";"Norte";"Atropelamento Ciclista";0;1;0;1;0;0;0;0;0;0;0;2;0;0;0
"28/11/2023";"09:59:00";"153";"ac02 - Aci";"585";"BR-116/MG";"Norte";"Colisão Frontal";1;0;0;1;0;0;0;0;0;0;0;1;0;1;0
"28/11/2023";"10:37:00";"163";"ac03 - Aci";"192.429";"BR-116/RJ";"Sul";"Queda de Moto";0;0;0;1;0;0;0;0;0;0;2;0;0;0;0
"28/11/2023";"10:45:00";"165";"ac03 - Aci";"173.497";"BR-116/RJ";"Norte";"Choque - Veiculo parado no acostamento";2;0;0;0;0;0;0;0;0;0;5;0;0;0;0
"28/11/2023";"12:13:00";"183";"ac02 - Aci";"50";"BR-493/RJ";"Norte";"Colisão lateral no mesmo sentido";1;0;1;0;0;0;0;0;0;0;1;0;1;0;0
"28/11/2023";"02:06:00";"204";"ac03 - Aci";"12.497";"BR-465/RJ";"Sul";"Colisão lateral no sentido contrário";2;0;0;0;0;0;0;0;0;0;2;0;0;0;0
"28/11/2023";"02:10:00";"207";"ac02 - Aci";"80";"BR-116/RJ";"Sul";"Colisão Traseira";1;0;0;1;0;0;0;0;0;0;1;1;0;0;0
"28/11/2023";"02:46:00";"217";"ac02 - Aci";"45.2";"BR-116/RJ";"Sul";"Saida de Pista";1;0;0;0;0;0;0;0;0;0;0;1;0;0;0
"28/11/2023";"04:32:00";"238";"ac02 - Aci";"522.63";"BR-116/MG";"Sul";"Colisão lateral no mesmo sentido";1;0;0;1;0;0;0;0;0;0;0;1;1;0;0
"28/11/2023";"06:44:00";"272";"ac02 - Aci";"174";"BR-116/RJ";"Sul";"Colisão Traseira";0;0;0;2;0;0;0;0;0;0;0;2;1;0;0
"28/11/2023";"08:40:00";"296";"ac03 - Aci";"791";"BR-116/MG";"Sul";"Atropelamento de Animal";0;0;1;0;0;0;0;0;0;0;1;0;0;0;0
"28/11/2023";"11:39:00";"324";"ac03 - Aci";"109";"BR-493/RJ";"Norte";"Saida de Pista";0;0;1;0;0;0;0;0;0;0;1;0;0;0;0
"29/11/2023";"06:49:00";"120";"ac03 - Aci";"410.029";"BR-116/MG";"Sul";"Colisão Traseira";2;0;0;0;0;0;0;0;0;0;2;0;0;0;0
"29/11/2023";"08:52:00";"150";"ac02 - Aci";"31";"BR-116/RJ";"Norte";"Engavetamento";2;0;0;0;0;0;0;0;0;1;0;4;0;0;0
"29/11/2023";"09:15:00";"153";"ac02 - Aci";"688.612";"BR-116/MG";"Sul";"Tombamento";0;0;1;0;0;0;0;0;0;0;0;1;0;0;0
"29/11/2023";"10:05:00";"167";"ac02 - Aci";"129.838";"BR-116/RJ";"Norte";"Queda de Moto";0;0;0;1;0;0;0;0;0;0;0;0;0;2;0
"29/11/2023";"02:15:00";"218";"ac02 - Aci";"131.986";"BR-116/RJ";"Norte";"Choque - New jersey";0;0;1;0;0;0;0;0;0;0;0;1;0;0;0
"29/11/2023";"05:19:00";"255";"ac03 - Aci";"180.765";"BR-116/RJ";"Norte";"Engavetamento";3;0;0;0;0;0;0;0;0;0;3;0;0;0;0
"29/11/2023";"05:24:00";"258";"ac02 - Aci";"22";"BR-493/RJ";"Sul";"Colisão Frontal";1;0;0;1;0;0;0;0;0;0;1;1;0;0;0
"29/11/2023";"07:00:00";"277";"ac02 - Aci";"42";"BR-116/RJ";"Sul";"Atropelamento - Pedestre";0;0;0;1;0;0;0;0;0;0;1;1;0;0;0
"29/11/2023";"07:39:00";"286";"ac02 - Aci";"180";"BR-116/RJ";"Sul";"Colisão Traseira";1;0;0;1;0;0;0;0;0;0;1;0;1;0;0
"30/11/2023";"04:52:00";"139";"ac02 - Aci";"106";"BR-493/RJ";"Norte";"Choque - Defensa metálica";0;0;1;0;0;0;0;0;0;0;0;1;0;0;0
"30/11/2023";"06:14:00";"145";"ac02 - Aci";"175.35";"BR-116/RJ";"Norte";"Atropelamento - Pedestre";0;0;0;1;0;0;0;0;0;0;0;2;0;0;0
"30/11/2023";"06:51:00";"151";"ac03 - Aci";"52.451";"BR-493/RJ";"Sul";"Choque - Meio Fio";1;0;0;0;0;0;0;0;0;0;1;0;0;0;0
"30/11/2023";"08:11:00";"173";"ac02 - Aci";"528.313";"BR-116/MG";"Sul";"Colisão Traseira";1;0;1;1;0;0;0;0;0;0;2;1;0;0;0
"30/11/2023";"08:17:00";"175";"ac02 - Aci";"83.905";"BR-493/RJ";"Sul";"Colisão Traseira";0;0;3;0;0;0;0;0;0;0;1;1;1;0;0
"30/11/2023";"09:38:00";"194";"ac02 - Aci";"184";"BR-116/RJ";"Norte";"Colisão Traseira";0;0;1;0;1;0;0;0;0;0;3;8;0;0;0
"30/11/2023";"11:07:00";"224";"ac02 - Aci";"105.816";"BR-116/RJ";"Norte";"Queda de Moto";0;0;0;1;0;0;0;0;0;0;0;1;0;0;0
"30/11/2023";"11:25:00";"231";"ac03 - Aci";"138.288";"BR-116/RJ";"Sul";"Colisão Traseira";2;0;0;0;0;0;0;0;0;0;2;0;0;0;0
"30/11/2023";"11:42:00";"234";"ac02 - Aci";"134.89";"BR-116/RJ";"Norte";"Colisão lateral no mesmo sentido";1;0;0;1;0;0;0;0;0;0;0;1;1;0;0
"30/11/2023";"12:30:00";"246";"ac03 - Aci";"796.3";"BR-116/MG";"Norte";"Choque - Canaleta";0;0;0;0;0;0;0;0;0;1;1;0;0;0;0
"30/11/2023";"12:54:00";"252";"ac02 - Aci";"172.929";"BR-116/RJ";"Sul";"Capotamento";1;0;0;0;0;0;0;0;0;0;0;0;1;0;0
"30/11/2023";"05:50:00";"314";"ac02 - Aci";"527.991";"BR-116/MG";"Sul";"Colisão Transversal";1;0;0;1;0;0;0;0;0;0;1;1;1;0;0
"30/11/2023";"07:02:00";"329";"ac02 - Aci";"19";"BR-465/RJ";"Norte";"Atropelamento - Pedestre";0;0;0;1;0;0;0;0;0;0;1;0;1;0;0
"30/11/2023";"08:08:00";"346";"ac03 - Aci";"575";"BR-116/MG";"Norte";"Colisão lateral no mesmo sentido";2;0;0;0;0;0;0;0;0;0;2;0;0;0;0
"30/11/2023";"09:49:00";"355";"ac02 - Aci";"410";"BR-116/MG";"Norte";"Atropelamento Ciclista";1;1;0;0;0;0;0;0;0;0;1;1;0;0;0
"30/11/2023";"11:31:00";"370";"ac02 - Aci";"179.3";"BR-116/RJ";"Norte";"Queda de Moto";0;0;0;1;0;0;0;0;0;0;0;1;0;0;0
"30/11/2023";"11:56:00";"373";"ac03 - Aci";"133";"BR-116/RJ";"Sul";"Choque - Painel Propaganda";1;0;0;0;0;0;0;0;0;0;3;0;0;0;0
"01/12/2023";"04:57:00";"120";"ac02 - Aci";"764";"BR-116/MG";"Sul";"Choque - Meio Fio";1;0;0;0;0;0;0;0;0;0;0;1;0;0;0
"01/12/2023";"07:19:00";"139";"ac02 - Aci";"182.338";"BR-116/RJ";"Sul";"Queda de Moto";0;0;0;1;0;0;0;0;0;0;0;1;1;0;0
"01/12/2023";"07:37:00";"145";"ac02 - Aci";"2.8";"BR-465/RJ";"Norte";"Colisão Transversal";1;0;0;0;0;0;0;0;0;1;1;1;0;0;0
"01/12/2023";"11:56:00";"223";"ac02 - Aci";"175";"BR-116/RJ";"Norte";"Engavetamento";2;0;0;0;0;0;0;0;0;2;3;2;0;0;0