data;horario;n_da_ocorrencia;tipo_de_ocorrencia;km;trecho;sentido;tipo_de_acidente;automovel;bicicleta;caminhao;moto;onibus;outros;tracao_animal;transporte_de_cargas_especiais;trator_maquinas;utilitarios;ilesos;levemente_feridos;moderadamente_feridos;gravemente_feridos;mortos
"11/12/2023";"06:08:00";"130";"ac03 - Aci";"207";"BR-116/RJ";"Sul";"Atropelamento de Animal";1;0;0;0;0;0;0;0;0;0;1;0;0;0;0
"11/12/2023";"06:24:00";"133";"ac02 - Aci";"10";"BR-493/RJ";"Norte";"Colisão lateral no sentido contrário";1;0;1;0;0;0;0;0;0;0;0;2;0;0;0
"11/12/2023";"07:25:00";"145";"ac02 - Aci";"196.8";"BR-116/RJ";"Sul";"Tombamento";0;0;0;0;1;0;0;0;0;1;0;3;0;0;0
"11/12/2023";"08:15:00";"161";"ac02 - Aci";"174.8";"BR-116/RJ";"Norte";"Queda de Moto";0;0;0;1;0;0;0;0;0;0;0;1;0;0;0
"11/12/2023";"08:21:00";"165";"ac03 - Aci";"88";"BR-116/RJ";"Sul";"Choque - Barreira";1;0;0;0;0;0;0;0;0;0;1;0;0;0;0
"11/12/2023";"11:04:00";"208";"ac03 - Aci";"101";"BR-116/RJ";"Sul";"Choque - Canaleta";1;0;0;0;0;0;0;0;0;0;1;0;0;0;0
"11/12/2023";"12:45:00";"222";"ac02 - Aci";"599.001";"BR-116/MG";"Sul";"Choque - Defensa metálica";1;0;0;0;0;0;0;0;0;0;0;1;0;0;0
"11/12/2023";"02:08:00";"234";"ac03 - Aci";"147";"BR-116/RJ";"Sul";"Colisão Traseira";1;0;0;0;0;1;0;0;0;0;2;0;0;0;0
"11/12/2023";"03:18:00";"245";"ac02 - Aci";"25";"BR-116/RJ";"Sul";"Saida de Pista";1;0;0;0;0;0;0;0;0;0;0;2;0;0;0
"11/12/2023";"06:23:00";"288";"ac02 - Aci";"724";"BR-116/MG";"Norte";"Queda de Moto";0;0;0;1;0;0;0;0;0;0;0;0;1;0;0
"11/12/2023";"07:44:00";"302";"ac02 - Aci";"98";"BR-116/RJ";"Sul";"Queda de Moto";0;0;0;1;0;0;0;0;0;0;0;1;0;0;0
"12/12/2023";"02:58:00";"115";"ac02 - Aci";"178.788";"BR-116/RJ";"Sul";"Colisão Traseira";2;0;0;0;0;0;0;0;0;0;1;1;0;0;0
"12/12/2023";"06:26:00";"132";"ac02 - Aci";"96";"BR-493/RJ";"Norte";"Saida de Pista";0;0;1;0;0;0;0;0;0;0;0;1;0;0;0
"12/12/2023";"07:34:00";"152";"ac02 - Aci";"182";"BR-116/RJ";"Sul";"Colisão lateral no mesmo sentido";1;0;0;1;0;0;0;0;0;0;0;2;0;0;0
"12/12/2023";"07:50:00";"157";"ac03 - Aci";"0.5";"BR-465/RJ";"Sul";"Colisão lateral no mesmo sentido";0;0;1;0;0;0;0;0;0;1;2;0;0;0;0
"12/12/2023";"08:06:00";"163";"ac02 - Aci";"185.52";"BR-116/RJ";"Norte";"Queda de Moto";0;0;0;1;0;0;0;0;0;0;0;0;0;1;0
"12/12/2023";"10:43:00";"198";"ac02 - Aci";"736";"BR-116/MG";"Norte";"Colisão lateral no sentido contrário";1;0;1;0;0;0;0;0;0;0;1;5;0;0;0
"12/12/2023";"12:30:00";"224";"ac02 - Aci";"20.5";"BR-465/RJ";"Norte";"Colisão Transversal";1;0;0;1;0;0;0;0;0;0;0;2;0;0;0
"12/12/2023";"04:02:00";"273";"ac03 - Aci";"518.3";"BR-116/MG";"Sul";"Choque - Canaleta";0;0;0;0;0;0;0;0;0;1;1;0;0;0;0
"12/12/2023";"05:58:00";"300";"ac02 - Aci";"191";"BR-116/RJ";"Norte";"Queda de Moto";0;0;0;1;0;0;0;0;0;0;1;0;1;0;0
"12/12/2023";"06:05:00";"302";"ac02 - Aci";"192";"BR-116/RJ";"Norte";"Engavetamento";3;0;0;0;0;0;0;0;0;0;0;3;0;0;0
"12/12/2023";"06:49:00";"306";"ac03 - Aci";"688.563";"BR-116/MG";"Sul";"Colisão lateral no sentido contrário";1;0;1;0;0;0;0;0;0;0;2;0;0;0;0
"12/12/2023";"07:22:00";"311";"ac02 - Aci";"130.524";"BR-116/RJ";"Norte";"Choque - Defensa metálica";1;0;0;0;0;0;0;0;0;0;0;3;0;0;0
"12/12/2023";"10:06:00";"328";"ac02 - Aci";"776.465";"BR-116/MG";"Norte";"Tombamento";0;0;1;0;0;0;0;0;0;0;0;1;0;0;0
"13/12/2023";"12:51:00";"104";"ac03 - Aci";"214";"BR-116/RJ";"Norte";"Choque - Barreira";1;0;0;0;0;0;0;0;0;0;1;0;0;0;0
"13/12/2023";"04:41:00";"119";"ac02 - Aci";"187";"BR-116/RJ";"Sul";"Colisão lateral no mesmo sentido";1;0;1;0;0;0;0;0;0;0;0;2;0;0;0
"13/12/2023";"08:19:00";"150";"ac02 - Aci";"193.748";"BR-116/RJ";"Norte";"Queda de Moto";0;0;0;1;0;0;0;0;0;0;0;1;1;0;0
"13/12/2023";"09:11:00";"161";"ac03 - Aci";"193.75";"BR-116/RJ";"Sul";"Colisão Traseira";2;0;0;0;0;0;0;0;0;0;2;0;0;0;0
"13/12/2023";"02:08:00";"214";"ac02 - Aci";"5.325";"BR-465/RJ";"Sul";"Colisão Transversal";1;0;0;1;0;0;0;0;0;0;1;1;1;0;0
"13/12/2023";"05:06:00";"256";"ac02 - Aci";"197";"BR-116/RJ";"Norte";"Colisão lateral no mesmo sentido";0;0;2;0;0;0;0;0;0;0;1;2;0;0;0
"13/12/2023";"06:11:00";"270";"ac03 - Aci";"5";"BR-465/RJ";"Norte";"Colisão lateral no mesmo sentido";1;0;1;0;0;0;0;0;0;0;2;0;0;0;0
"13/12/2023";"06:15:00";"272";"ac02 - Aci";"189";"BR-116/RJ";"Sul";"Queda de Moto";0;0;0;1;0;0;0;0;0;0;0;1;0;0;0
"13/12/2023";"06:16:00";"273";"ac02 - Aci";"189";"BR-116/RJ";"Sul";"Colisão lateral no mesmo sentido";0;0;0;1;1;0;0;0;0;0;0;2;0;0;0
"13/12/2023";"09:44:00";"308";"ac02 - Aci";"701";"BR-116/MG";"Sul";"Colisão Transversal";1;0;0;1;0;0;0;0;0;0;0;1;2;0;0
"13/12/2023";"10:59:00";"320";"ac03 - Aci";"5";"BR-465/RJ";"Norte";"Colisão Frontal";1;0;1;0;0;0;0;0;0;0;2;0;0;0;0
"13/12/2023";"11:30:00";"324";"ac02 - Aci";"182";"BR-116/RJ";"Norte";"Colisão Traseira";0;0;1;1;0;0;0;0;0;0;1;0;1;0;0
"14/12/2023";"04:34:00";"106";"ac02 - Aci";"202.7";"BR-116/RJ";"Sul";"Choque - Canaleta";1;0;0;0;0;0;0;0;0;0;0;1;0;0;0
"14/12/2023";"06:06:00";"115";"ac03 - Aci";"137.87";"BR-116/RJ";"Norte";"Colisão lateral no mesmo sentido";1;0;1;0;0;0;0;0;0;0;2;0;0;0;0
"14/12/2023";"10:42:00";"190";"ac02 - Aci";"702.199";"BR-116/MG";"Norte";"Colisão lateral no mesmo sentido";0;0;0;1;0;0;0;0;0;1;1;0;1;0;0
"14/12/2023";"10:55:00";"198";"ac02 - Aci";"131";"BR-116/RJ";"Norte";"Queda de Moto";0;0;0;1;0;0;0;0;0;0;0;1;0;0;0
"14/12/2023";"12:22:00";"218";"ac03 - Aci";"501.683";"BR-116/MG";"Sul";"Choque - Canaleta";0;0;1;0;0;0;0;0;0;0;1;0;0;0;0
"14/12/2023";"12:37:00";"220";"ac01 - Aci";"0.233";"BR-493/RJ";"Norte";"Atropelamento - Pedestre";1;1;0;0;0;0;0;0;0;0;1;0;0;0;1
"14/12/2023";"01:59:00";"241";"ac02 - Aci";"110.134";"BR-116/RJ";"Norte";"Colisão lateral no mesmo sentido";1;0;0;1;0;0;0;0;0;0;0;1;1;0;0
"14/12/2023";"03:14:00";"259";"ac02 - Aci";"522.731";"BR-116/MG";"Sul";"Colisão lateral no mesmo sentido";1;0;0;1;0;0;0;0;0;0;1;1;0;0;0
"14/12/2023";"03:58:00";"267";"ac02 - Aci";"97.877";"BR-116/RJ";"Norte";"Queda de Moto";0;0;0;1;0;0;0;0;0;0;0;1;0;0;0
"14/12/2023";"04:53:00";"287";"ac02 - Aci";"13.67";"BR-493/RJ";"Sul";"Colisão Traseira";0;0;0;1;0;1;0;0;0;0;1;2;0;0;0
"14/12/2023";"05:43:00";"299";"ac02 - Aci";"48.135";"BR-493/RJ";"Sul";"Engavetamento";2;0;1;1;0;0;0;0;0;0;3;1;0;0;0
"14/12/2023";"06:20:00";"303";"ac02 - Aci";"584";"BR-116/MG";"Sul";"Capotamento";1;0;0;0;0;0;0;0;0;0;0;0;1;0;0
"14/12/2023";"08:00:00";"330";"ac02 - Aci";"169";"BR-116/RJ";"Sul";"Colisão Traseira";1;0;0;1;0;0;0;0;0;0;1;0;1;0;0
"14/12/2023";"08:17:00";"336";"ac02 - Aci";"182";"BR-116/RJ";"Sul";"Colisão lateral no mesmo sentido";2;0;0;1;0;0;0;0;0;0;2;2;0;0;0
"14/12/2023";"09:10:00";"345";"ac03 - Aci";"180";"BR-116/RJ";"Norte";"Colisão lateral no mesmo sentido";2;0;0;0;0;0;0;0;0;0;2;0;0;0;0
"14/12/2023";"10:01:00";"357";"ac02 - Aci";"0.5";"BR-493/RJ";"Norte";"Colisão lateral no sentido contrário";1;0;0;1;0;0;0;0;0;0;0;2;0;0;0
"14/12/2023";"11:11:00";"369";"ac02 - Aci";"131.15";"BR-116/RJ";"Sul";"Queda de Moto";0;0;0;1;0;0;0;0;0;0;0;2;0;0;0
"15/12/2023";"12:21:00";"45";"ac02 - Aci";"734.8";"BR-116/MG";"Sul";"Tombamento";0;0;1;0;0;0;0;0;0;0;0;0;0;1;0
"15/12/2023";"01:39:00";"105";"ac02 - Aci";"147.6";"BR-116/RJ";"Norte";"Colisão lateral no mesmo sentido";1;0;0;1;0;0;0;0;0;0;1;1;0;0;0
"15/12/2023";"06:51:00";"134";"ac02 - Aci";"187.6";"BR-116/RJ";"Norte";"Colisão Traseira";0;0;1;0;1;0;0;0;0;0;0;10;0;0;0
"15/12/2023";"07:05:00";"141";"ac03 - Aci";"146";"BR-116/RJ";"Sul";"Colisão Traseira";1;0;0;0;0;1;0;0;0;0;2;0;0;0;0
"15/12/2023";"09:46:00";"180";"ac03 - Aci";"213";"BR-116/RJ";"Sul";"Colisão Traseira";1;0;1;0;0;0;0;0;0;0;2;0;0;0;0
"15/12/2023";"11:35:00";"213";"ac02 - Aci";"54.5";"BR-493/RJ";"Sul";"Saida de Pista";0;0;1;0;0;0;0;0;0;0;0;1;0;0;0
"15/12/2023";"12:10:00";"220";"ac02 - Aci";"429.722";"BR-116/MG";"Norte";"Saida de Pista";0;0;1;0;0;0;0;0;0;0;0;0;1;0;0
"15/12/2023";"12:19:00";"224";"ac02 - Aci";"110.067";"BR-493/RJ";"Norte";"Tombamento";0;0;1;0;0;0;0;0;0;0;0;1;0;0;0
"15/12/2023";"02:07:00";"251";"ac02 - Aci";"98";"BR-493/RJ";"Norte";"Saida de Pista";0;0;1;0;0;0;0;0;0;0;0;1;0;0;0
"15/12/2023";"04:04:00";"278";"ac02 - Aci";"13.8";"BR-465/RJ";"Norte";"Colisão Frontal";1;0;0;1;0;0;0;0;0;0;1;1;0;0;0
"15/12/2023";"06:41:00";"323";"ac02 - Aci";"22";"BR-465/RJ";"Norte";"Colisão Transversal";1;0;0;1;0;0;0;0;0;0;0;2;1;0;0
"15/12/2023";"07:01:00";"328";"ac02 - Aci";"173.514";"BR-116/RJ";"Sul";"Colisão Traseira";2;0;0;0;0;0;0;0;0;0;1;2;0;0;0
"15/12/2023";"08:03:00";"342";"ac02 - Aci";"6.5";"BR-493/RJ";"Norte";"Queda de Moto";0;0;0;1;0;0;0;0;0;0;0;0;0;1;0
"15/12/2023";"08:18:00";"349";"ac02 - Aci";"194";"BR-116/RJ";"Norte";"Colisão Traseira";2;0;0;0;0;0;0;0;0;0;1;3;0;0;0
"15/12/2023";"09:36:00";"362";"ac03 - Aci";"703";"BR-116/MG";"Sul";"Atropelamento - Pedestre";0;0;0;1;0;0;0;0;0;0;1;0;0;0;0
"15/12/2023";"11:43:00";"380";"ac01 - Aci";"190.877";"BR-116/RJ";"Norte";"Atropelamento - Pedestre";1;0;0;0;0;0;0;0;0;0;1;0;0;0;1
"16/12/2023";"12:03:00";"2";"ac02 - Aci";"506";"BR-116/MG";"Sul";"Colisão Traseira";1;0;0;1;0;0;0;0;0;0;1;0;1;0;0
"16/12/2023";"03:49:00";"72";"ac02 - Aci";"147.413";"BR-116/RJ";"Sul";"Choque - Defensa metálica";1;0;0;0;0;0;0;0;0;0;0;3;0;0;0
"16/12/2023";"05:35:00";"81";"ac02 - Aci";"805.415";"BR-116/MG";"Norte";"Capotamento";1;0;0;0;0;0;0;0;0;0;0;2;1;0;0
"16/12/2023";"07:12:00";"94";"ac03 - Aci";"197.6";"BR-116/RJ";"Sul";"Choque - Defensa metálica";0;0;1;0;0;0;0;0;0;0;1;0;0;0;0
"16/12/2023";"07:49:00";"99";"ac03 - Aci";"523.385";"BR-116/MG";"Norte";"Colisão Traseira";2;0;0;0;0;0;0;0;0;0;2;0;0;0;0
"16/12/2023";"08:29:00";"106";"ac02 - Aci";"176.563";"BR-116/RJ";"Norte";"Colisão Traseira";1;0;0;1;0;0;0;0;0;0;0;2;0;0;0
"16/12/2023";"08:51:00";"118";"ac03 - Aci";"193.8";"BR-116/RJ";"Norte";"Colisão Traseira";2;0;0;0;0;0;0;0;0;0;2;0;0;0;0
"16/12/2023";"09:30:00";"126";"ac02 - Aci";"143.618";"BR-116/RJ";"Sul";"Choque - Defensa metálica";1;0;0;0;0;0;0;0;0;0;0;1;0;0;0
"16/12/2023";"01:02:00";"190";"ac02 - Aci";"95.193";"BR-493/RJ";"Norte";"Tombamento";0;0;1;0;0;0;0;0;0;0;0;1;0;0;0
"16/12/2023";"02:18:00";"220";"ac02 - Aci";"175.886";"BR-116/RJ";"Norte";"Choque - Barreira";1;0;0;0;0;0;0;0;0;0;0;1;0;0;0
"16/12/2023";"02:23:00";"221";"ac02 - Aci";"95.234";"BR-493/RJ";"Sul";"Capotamento";0;0;0;0;0;0;0;0;0;1;0;2;1;0;0
"16/12/2023";"03:58:00";"250";"ac02 - Aci";"189.485";"BR-116/RJ";"Sul";"Colisão Traseira";1;0;0;1;0;0;0;0;0;0;0;3;0;0;0
"16/12/2023";"05:41:00";"274";"ac03 - Aci";"4.664";"BR-465/RJ";"Sul";"Engavetamento";3;0;0;0;0;0;0;0;0;0;3;0;0;0;0
"16/12/2023";"07:03:00";"295";"ac02 - Aci";"22";"BR-465/RJ";"Norte";"Atropelamento - Pedestre";1;0;0;0;0;0;0;0;0;0;1;0;1;0;0
"16/12/2023";"07:26:00";"301";"ac02 - Aci";"109.067";"BR-116/RJ";"Norte";"Colisão lateral no mesmo sentido";2;0;0;0;0;0;0;0;0;0;0;1;1;1;0
"16/12/2023";"08:16:00";"310";"ac01 - Aci";"19.527";"BR-465/RJ";"Sul";"Colisão Frontal";1;0;0;1;0;0;0;0;0;0;1;0;1;0;1
"16/12/2023";"08:20:00";"312";"ac03 - Aci";"148";"BR-116/RJ";"Sul";"Engavetamento";3;0;0;0;0;0;0;0;0;0;3;0;0;0;0
"16/12/2023";"08:37:00";"317";"ac02 - Aci";"70";"BR-493/RJ";"Norte";"Choque - Canaleta";1;0;0;0;0;0;0;0;0;0;0;1;0;0;0
"16/12/2023";"08:54:00";"321";"ac02 - Aci";"6";"BR-493/RJ";"Sul";"Queda de Moto";0;0;0;1;0;0;0;0;0;0;0;1;0;1;0
"16/12/2023";"08:56:00";"322";"ac03 - Aci";"105";"BR-493/RJ";"Norte";"Saida de Pista";1;0;0;0;0;0;0;0;0;0;3;0;0;0;0
"16/12/2023";"10:17:00";"330";"ac02 - Aci";"118";"BR-116/RJ";"Norte";"Queda de Moto";0;0;0;1;0;0;0;0;0;0;0;1;0;0;0
"16/12/2023";"10:33:00";"337";"ac02 - Aci";"131";"BR-116/RJ";"Sul";"Choque - Meio Fio";1;0;0;0;0;0;0;0;0;0;0;2;0;0;0
"17/12/2023";"02:21:00";"52";"ac02 - Aci";"704";"BR-116/MG";"Norte";"Colisão Traseira";2;0;0;0;0;0;0;0;0;0;1;0;1;0;0
"17/12/2023";"04:24:00";"56";"ac02 - Aci";"624";"BR-116/MG";"Norte";"Saida de Pista";1;0;0;0;0;0;0;0;0;0;0;1;0;0;0
"17/12/2023";"05:57:00";"59";"ac02 - Aci";"100.029";"BR-493/RJ";"Norte";"Choque - Meio Fio";1;0;0;0;0;0;0;0;0;0;0;4;0;0;0
"17/12/2023";"06:35:00";"64";"ac02 - Aci";"539.424";"BR-116/MG";"Sul";"Tombamento";0;0;1;0;0;0;0;0;0;0;0;0;1;0;0
"17/12/2023";"07:13:00";"67";"ac02 - Aci";"145.8";"BR-116/RJ";"Sul";"Atropelamento Ciclista";0;1;0;0;1;0;0;0;0;0;0;1;0;1;0
"17/12/2023";"08:03:00";"76";"ac02 - Aci";"778.356";"BR-116/MG";"Sul";"Saida de Pista";1;0;0;0;0;0;0;0;0;0;0;4;0;0;0
"17/12/2023";"11:20:00";"124";"ac02 - Aci";"187.8";"BR-116/RJ";"Sul";"Choque - Defensa metálica";0;0;1;0;0;0;0;0;0;0;0;1;0;0;0
"17/12/2023";"11:27:00";"126";"ac02 - Aci";"811.242";"BR-116/MG";"Norte";"Tombamento";0;0;1;0;0;0;0;0;0;0;0;1;0;0;0
"17/12/2023";"11:53:00";"132";"ac02 - Aci";"585";"BR-116/MG";"Norte";"Colisão Traseira";1;0;1;0;0;0;0;0;0;1;2;1;0;0;0
"17/12/2023";"12:13:00";"139";"ac02 - Aci";"118";"BR-116/RJ";"Sul";"Colisão Traseira";2;0;0;0;0;0;0;0;0;0;0;3;0;0;0
"17/12/2023";"01:11:00";"147";"ac02 - Aci";"183.617";"BR-116/RJ";"Sul";"Colisão Traseira";2;0;0;0;0;0;0;0;0;0;1;2;0;0;0
"17/12/2023";"01:25:00";"155";"ac02 - Aci";"49";"BR-116/RJ";"Sul";"Colisão lateral no sentido contrário";1;0;0;1;0;0;0;0;0;0;0;2;1;0;0
"17/12/2023";"02:15:00";"162";"ac02 - Aci";"578.5";"BR-116/MG";"Norte";"Queda de Moto";0;0;0;1;0;0;0;0;0;0;0;2;0;0;0
"17/12/2023";"03:25:00";"182";"ac02 - Aci";"126";"BR-116/RJ";"Sul";"Queda de veículo em ribanceira, ponte ou viaduto";0;0;0;0;0;0;0;0;0;1;0;1;0;0;0
"17/12/2023";"03:30:00";"183";"ac02 - Aci";"131";"BR-116/RJ";"Norte";"Choque - Meio Fio";1;0;0;0;0;0;0;0;0;0;0;2;0;0;0
"17/12/2023";"04:05:00";"193";"ac03 - Aci";"770.3";"BR-116/MG";"Sul";"Choque - Defensa metálica";1;0;0;0;0;0;0;0;0;0;1;0;0;0;0
"17/12/2023";"05:57:00";"229";"ac02 - Aci";"525";"BR-116/MG";"Sul";"Colisão lateral no mesmo sentido";1;0;0;1;0;0;0;0;0;0;1;0;1;0;0
"17/12/2023";"06:32:00";"241";"ac03 - Aci";"208";"BR-116/RJ";"Sul";"Saida de Pista";1;0;0;0;0;0;0;0;0;0;1;0;0;0;0
"17/12/2023";"07:57:00";"268";"ac02 - Aci";"469.209";"BR-116/MG";"Norte";"Atropelamento de Animal";1;0;0;0;0;0;0;0;0;0;0;0;1;1;0
"17/12/2023";"08:00:00";"269";"ac03 - Aci";"2.6";"BR-465/RJ";"Norte";"Colisão Traseira";2;0;0;0;0;0;0;0;0;0;2;0;0;0;0
"17/12/2023";"09:03:00";"281";"ac03 - Aci";"183";"BR-116/RJ";"Sul";"Choque - Poste";1;0;0;0;0;0;0;0;0;0;1;0;0;0;0
"17/12/2023";"09:33:00";"288";"ac01 - Aci";"210.3";"BR-116/RJ";"Norte";"Atropelamento - Pedestre";1;0;0;0;0;0;0;0;0;0;0;4;0;0;1
"17/12/2023";"09:41:00";"290";"ac03 - Aci";"210";"BR-116/RJ";"Norte";"Colisão Traseira";2;0;0;0;0;0;0;0;0;0;2;0;0;0;0
"17/12/2023";"10:17:00";"295";"ac02 - Aci";"65.532";"BR-493/RJ";"Norte";"Choque - Defensa metálica";1;0;0;0;0;0;0;0;0;0;0;1;0;0;0
"17/12/2023";"11:01:00";"300";"ac02 - Aci";"147";"BR-116/RJ";"Norte";"Queda de Moto";0;0;0;1;0;0;0;0;0;0;0;0;1;0;0
"17/12/2023";"11:17:00";"305";"ac02 - Aci";"100";"BR-493/RJ";"Norte";"Saida de Pista";1;0;0;0;0;0;0;0;0;0;0;0;2;0;0
"17/12/2023";"11:22:00";"307";"ac02 - Aci";"176";"BR-116/RJ";"Sul";"Colisão lateral no mesmo sentido";1;0;1;0;0;0;0;0;0;0;1;1;0;0;0
"18/12/2023";"01:39:00";"111";"ac02 - Aci";"181";"BR-116/RJ";"Norte";"Colisão Traseira";2;0;0;0;0;0;0;0;0;0;1;1;0;1;0
"18/12/2023";"02:43:00";"114";"ac02 - Aci";"17";"BR-493/RJ";"Sul";"Saida de Pista";1;0;0;0;0;0;0;0;0;0;0;1;0;0;0
"18/12/2023";"09:18:00";"180";"ac03 - Aci";"414.48";"BR-116/MG";"Sul";"Colisão lateral no sentido contrário";2;0;0;0;0;0;0;0;0;0;2;0;0;0;0
"18/12/2023";"01:13:00";"240";"ac03 - Aci";"171.201";"BR-116/RJ";"Norte";"Colisão Traseira";3;0;0;0;0;0;0;0;0;0;3;0;0;0;0
"18/12/2023";"01:48:00";"246";"ac02 - Aci";"129.502";"BR-116/RJ";"Norte";"Atropelamento Ciclista";1;2;0;0;0;0;0;0;0;0;1;2;0;0;0
"18/12/2023";"03:43:00";"270";"ac02 - Aci";"126.719";"BR-116/RJ";"Sul";"Queda de Moto";0;0;0;2;0;0;0;0;0;0;0;3;0;0;0
"18/12/2023";"04:06:00";"277";"ac02 - Aci";"12.553";"BR-465/RJ";"Sul";"Colisão Frontal";1;0;0;1;0;0;0;0;0;0;0;1;1;0;0
"18/12/2023";"04:37:00";"375";"ac02 - Aci";"0.039";"BR-493/RJ";"Norte";"Colisão lateral no mesmo sentido";1;0;1;0;0;0;0;0;0;0;1;2;0;0;0
"18/12/2023";"05:06:00";"296";"ac02 - Aci";"171.821";"BR-116/RJ";"Norte";"Colisão Traseira";1;0;0;1;0;0;0;0;0;0;1;2;0;0;0
"18/12/2023";"05:13:00";"298";"ac02 - Aci";"0.035";"BR-493/RJ";"Sul";"Colisão Transversal";1;0;1;0;0;0;0;0;0;0;0;2;0;0;0
"18/12/2023";"05:36:00";"304";"ac02 - Aci";"179";"BR-116/RJ";"Norte";"Choque - Barreira";1;0;0;0;0;0;0;0;0;0;0;1;0;0;0
"18/12/2023";"05:43:00";"306";"ac02 - Aci";"660.12";"BR-116/MG";"Sul";"Queda de Carro";0;0;0;1;0;0;0;0;0;0;0;0;1;0;0
"18/12/2023";"06:34:00";"315";"ac03 - Aci";"527";"BR-116/MG";"Sul";"Colisão Traseira";2;0;0;0;0;0;0;0;0;0;2;0;0;0;0
"18/12/2023";"07:00:00";"326";"ac02 - Aci";"214.7";"BR-116/RJ";"Sul";"Choque - Outros";0;0;0;0;1;0;0;0;0;0;0;1;0;0;0
"18/12/2023";"07:33:00";"331";"ac03 - Aci";"630";"BR-116/MG";"Norte";"Colisão lateral no sentido contrário";2;0;0;0;0;0;0;0;0;0;2;0;0;0;0
"18/12/2023";"08:16:00";"342";"ac02 - Aci";"14";"BR-465/RJ";"Sul";"Atropelamento Ciclista";1;0;0;0;0;0;0;0;0;0;0;2;0;0;0
"18/12/2023";"09:50:00";"363";"ac02 - Aci";"1";"BR-493/RJ";"Sul";"Colisão Transversal";1;0;0;1;0;0;0;0;0;0;0;1;1;0;0
"19/12/2023";"06:46:00";"147";"ac02 - Aci";"97.423";"BR-116/RJ";"Sul";"Tombamento";0;0;2;0;0;0;0;0;0;0;3;0;1;0;0
"19/12/2023";"06:50:00";"148";"ac03 - Aci";"66.096";"BR-493/RJ";"Norte";"Choque - Pilar";2;0;0;0;0;0;0;0;0;0;2;0;0;0;0
"19/12/2023";"07:10:00";"155";"ac02 - Aci";"488.7";"BR-116/MG";"Norte";"Colisão Traseira";1;0;0;0;0;1;0;0;0;0;1;1;0;0;0
"19/12/2023";"08:18:00";"166";"ac03 - Aci";"130.119";"BR-116/RJ";"Sul";"Colisão Traseira";1;0;0;0;0;1;0;0;0;0;2;0;0;0;0
"19/12/2023";"10:22:00";"201";"ac02 - Aci";"22.756";"BR-116/RJ";"Norte";"Engavetamento";3;0;0;0;0;0;0;0;0;0;0;6;2;0;0
"19/12/2023";"10:39:00";"206";"ac02 - Aci";"528";"BR-116/MG";"Sul";"Engavetamento";3;0;0;0;0;0;0;0;0;0;0;3;0;0;0
"19/12/2023";"12:21:00";"232";"ac02 - Aci";"93.034";"BR-116/RJ";"Norte";"Queda de Moto";0;0;0;1;0;0;0;0;0;0;1;1;0;0;0
"19/12/2023";"02:39:00";"257";"ac02 - Aci";"107.077";"BR-116/RJ";"Norte";"Colisão Traseira";0;0;0;1;0;0;0;0;0;1;1;0;1;0;0
"19/12/2023";"02:43:00";"260";"ac02 - Aci";"686.953";"BR-116/MG";"Sul";"Queda de Moto";0;0;0;1;0;0;0;0;0;0;0;0;2;0;0
"19/12/2023";"02:50:00";"262";"ac03 - Aci";"554";"BR-116/MG";"Sul";"Saida de Pista";1;0;0;0;0;0;0;0;0;0;1;0;0;0;0
"19/12/2023";"03:31:00";"270";"ac02 - Aci";"176.55";"BR-116/RJ";"Sul";"Colisão lateral no mesmo sentido";1;0;0;1;0;0;0;0;0;0;0;2;0;0;0
"19/12/2023";"03:48:00";"278";"ac03 - Aci";"148.101";"BR-116/RJ";"Sul";"Colisão lateral no mesmo sentido";1;0;1;0;0;0;0;0;0;0;5;0;0;0;0
"19/12/2023";"04:22:00";"285";"ac03 - Aci";"493.858";"BR-116/MG";"Norte";"Choque - Canaleta";1;0;0;0;0;0;0;0;0;0;1;0;0;0;0
"19/12/2023";"05:40:00";"304";"ac02 - Aci";"108.857";"BR-116/RJ";"Norte";"Colisão lateral no mesmo sentido";1;0;0;1;0;0;0;0;0;0;1;1;0;0;0
"19/12/2023";"06:52:00";"321";"ac02 - Aci";"527";"BR-116/MG";"Norte";"Atropelamento - Pedestre";0;0;1;0;0;0;0;0;0;0;1;0;1;0;0
"20/12/2023";"09:46:00";"184";"ac03 - Aci";"484.83";"BR-116/MG";"Sul";"Colisão Traseira";0;0;0;0;0;0;0;0;0;2;2;0;0;0;0
"20/12/2023";"11:14:00";"212";"ac03 - Aci";"643";"BR-116/MG";"Norte";"Colisão lateral no mesmo sentido";0;0;1;0;0;0;0;0;0;1;2;0;0;0;0
"20/12/2023";"04:06:00";"287";"ac02 - Aci";"22.857";"BR-493/RJ";"Sul";"Colisão Traseira";1;0;0;1;0;0;0;0;0;0;0;3;0;0;0
"20/12/2023";"04:19:00";"293";"ac02 - Aci";"97.2";"BR-116/RJ";"Sul";"Engavetamento";1;0;2;0;0;0;0;0;0;1;2;2;1;0;0
"20/12/2023";"05:13:00";"307";"ac02 - Aci";"126.586";"BR-116/RJ";"Sul";"Choque - Defensa metálica";1;0;0;0;0;0;0;0;0;0;0;1;0;0;0
"20/12/2023";"05:58:00";"317";"ac01 - Aci";"173.4";"BR-116/RJ";"Sul";"Colisão lateral no mesmo sentido";0;0;0;1;1;0;0;0;0;0;0;1;0;0;2
"20/12/2023";"06:29:00";"321";"ac02 - Aci";"174";"BR-116/RJ";"Sul";"Colisão lateral no mesmo sentido";1;0;0;1;0;0;0;0;0;0;1;0;1;0;0
"20/12/2023";"06:58:00";"328";"ac02 - Aci";"170";"BR-116/RJ";"Norte";"Colisão lateral no mesmo sentido";1;0;1;0;0;0;0;0;0;0;2;1;0;0;0
"20/12/2023";"07:45:00";"342";"ac03 - Aci";"213";"BR-116/RJ";"Norte";"Colisão lateral no mesmo sentido";1;0;1;0;0;0;0;0;0;0;4;0;0;0;0
"20/12/2023";"10:57:00";"376";"ac02 - Aci";"70.254";"BR-116/RJ";"Norte";"Colisão Frontal";1;0;0;0;0;0;0;0;0;1;0;2;2;0;0
"21/12/2023";"12:05:00";"59";"ac02 - Aci";"177";"BR-116/RJ";"Norte";"Colisão Traseira";1;0;0;1;0;0;0;0;0;0;1;0;1;0;0
"21/12/2023";"01:28:00";"93";"ac01 - Aci";"202.8";"BR-116/RJ";"Norte";"Choque - Meio Fio";1;0;1;0;0;0;0;0;0;0;1;0;0;0;1