data;horario;n_da_ocorrencia;tipo_de_ocorrencia;km;trecho;sentido;tipo_de_acidente;automovel;bicicleta;caminhao;moto;onibus;outros;tracao_animal;transporte_de_cargas_especiais;trator_maquinas;utilitarios;ilesos;levemente_feridos;moderadamente_feridos;gravemente_feridos;mortos
"21/12/2023";"01:43:00";"96";"ac02 - Aci";"5.65";"BR-493/RJ";"Sul";"Queda de Moto";0;0;0;1;0;0;0;0;0;0;0;1;1;0;0
"21/12/2023";"02:55:00";"100";"ac02 - Aci";"203";"BR-116/RJ";"Sul";"Choque - Defensa metálica";0;0;1;0;0;0;0;0;0;0;0;1;0;0;0
"21/12/2023";"04:07:00";"106";"ac01 - Aci";"715.851";"BR-116/MG";"Norte";"Colisão lateral no sentido contrário";0;0;1;0;1;0;0;0;0;0;0;1;2;7;1
"21/12/2023";"06:06:00";"123";"ac03 - Aci";"22";"BR-465/RJ";"Norte";"Colisão lateral no mesmo sentido";0;0;1;1;0;0;0;0;0;0;2;0;0;0;0
"21/12/2023";"06:32:00";"127";"ac03 - Aci";"708";"BR-116/MG";"Norte";"Saida de Pista";1;0;0;0;0;0;0;0;0;0;1;0;0;0;0
"21/12/2023";"09:37:00";"168";"ac02 - Aci";"0.03";"BR-493/RJ";"Norte";"Colisão lateral no sentido contrário";1;0;0;1;0;0;0;0;0;0;0;1;2;0;0
"21/12/2023";"09:43:00";"173";"ac02 - Aci";"202.186";"BR-116/RJ";"Sul";"Capotamento";0;0;0;0;0;0;0;0;0;1;0;0;2;0;0
"21/12/2023";"11:45:00";"201";"ac02 - Aci";"195.8";"BR-116/RJ";"Sul";"Choque - Sinalização";0;0;0;1;0;0;0;0;0;0;0;0;0;1;0
"21/12/2023";"12:11:00";"206";"ac01 - Aci";"127.928";"BR-116/RJ";"Norte";"Colisão Traseira";0;0;1;1;0;1;0;0;0;0;1;1;0;0;1
"21/12/2023";"01:25:00";"228";"ac01 - Aci";"814.158";"BR-116/MG";"Norte";"Colisão lateral no sentido contrário";0;0;0;1;0;1;0;0;0;0;1;0;0;1;1
"21/12/2023";"02:05:00";"240";"ac03 - Aci";"131";"BR-116/RJ";"Norte";"Engavetamento";1;0;2;0;0;0;0;0;0;0;3;0;0;0;0
"21/12/2023";"02:13:00";"242";"ac02 - Aci";"181";"BR-116/RJ";"Sul";"Queda de Moto";0;0;0;1;0;0;0;0;0;0;0;1;0;0;0
"21/12/2023";"03:40:00";"256";"ac02 - Aci";"23";"BR-493/RJ";"Sul";"Engavetamento";3;0;1;0;0;1;0;0;0;0;2;3;0;0;0
"21/12/2023";"05:02:00";"274";"ac03 - Aci";"533";"BR-116/MG";"Norte";"Colisão Traseira";2;0;0;0;0;0;0;0;0;0;2;0;0;0;0
"21/12/2023";"05:19:00";"277";"ac03 - Aci";"23";"BR-493/RJ";"Norte";"Colisão Traseira";1;0;0;0;0;1;0;0;0;0;2;0;0;0;0
"21/12/2023";"07:24:00";"308";"ac02 - Aci";"211";"BR-116/RJ";"Sul";"Atropelamento - Pedestre";0;0;1;0;0;0;0;0;0;0;2;1;1;0;0
"21/12/2023";"07:59:00";"319";"ac02 - Aci";"98";"BR-116/RJ";"Norte";"Choque - New jersey";1;0;0;0;0;0;0;0;0;0;0;1;0;0;0
"21/12/2023";"08:02:00";"321";"ac03 - Aci";"20";"BR-465/RJ";"Norte";"Colisão Traseira";1;0;1;0;0;0;0;0;0;0;2;0;0;0;0
"21/12/2023";"09:08:00";"335";"ac02 - Aci";"606";"BR-116/MG";"Norte";"Choque - Outros";1;0;0;0;0;0;0;0;0;0;0;2;0;0;0
"22/12/2023";"12:12:00";"98";"ac02 - Aci";"90";"BR-116/RJ";"Norte";"Queda de Moto";0;0;0;1;0;0;0;0;0;0;0;1;0;0;0
"22/12/2023";"07:13:00";"148";"ac02 - Aci";"592.492";"BR-116/MG";"Norte";"Tombamento";0;0;1;0;0;0;0;0;0;0;0;0;1;1;0
"22/12/2023";"08:50:00";"176";"ac02 - Aci";"179.38";"BR-116/RJ";"Norte";"Queda de Moto";0;0;0;1;0;0;0;0;0;0;0;0;1;0;0
"22/12/2023";"09:52:00";"203";"ac03 - Aci";"22.926";"BR-493/RJ";"Norte";"Colisão Traseira";2;0;0;0;0;0;0;0;0;0;2;0;0;0;0
"22/12/2023";"11:30:00";"241";"ac02 - Aci";"186.5";"BR-116/RJ";"Norte";"Colisão lateral no mesmo sentido";1;0;0;1;0;0;0;0;0;0;1;1;1;0;0
"22/12/2023";"02:08:00";"288";"ac02 - Aci";"699.752";"BR-116/MG";"Sul";"Colisão Traseira";1;0;1;0;0;0;0;0;0;0;0;2;0;0;0
"22/12/2023";"02:34:00";"295";"ac02 - Aci";"579";"BR-116/MG";"Norte";"Choque - Meio Fio";1;0;0;0;0;0;0;0;0;0;1;1;0;0;0
"22/12/2023";"04:02:00";"319";"ac02 - Aci";"181.797";"BR-116/RJ";"Sul";"Colisão Traseira";2;0;0;0;0;0;0;0;0;0;2;2;0;0;0
"22/12/2023";"05:24:00";"349";"ac02 - Aci";"131.28";"BR-116/RJ";"Norte";"Queda de Moto";0;0;0;1;0;0;0;0;0;0;0;2;0;0;0
"22/12/2023";"05:29:00";"350";"ac02 - Aci";"48.222";"BR-116/RJ";"Sul";"Queda de Moto";0;0;1;2;0;0;0;0;0;0;2;0;1;0;0
"22/12/2023";"05:52:00";"357";"ac02 - Aci";"48.1";"BR-116/RJ";"Norte";"Queda de Moto";0;0;0;1;0;0;0;0;0;0;0;1;0;0;0
"22/12/2023";"06:53:00";"372";"ac02 - Aci";"544";"BR-116/MG";"Norte";"Colisão lateral no sentido contrário";3;0;0;0;0;0;0;0;0;0;2;1;0;0;0
"22/12/2023";"07:10:00";"377";"ac02 - Aci";"147.7";"BR-116/RJ";"Norte";"Colisão Frontal";1;0;0;0;0;0;0;0;0;1;0;2;0;0;0
"22/12/2023";"08:27:00";"392";"ac02 - Aci";"21.9";"BR-465/RJ";"Norte";"Colisão lateral no mesmo sentido";0;0;0;0;0;2;0;0;0;0;2;1;0;0;0
"22/12/2023";"09:10:00";"402";"ac02 - Aci";"43";"BR-116/RJ";"Norte";"Atropelamento - Andarilho";1;0;0;0;0;0;0;0;0;0;0;1;0;1;0
"22/12/2023";"09:55:00";"412";"ac02 - Aci";"118";"BR-116/RJ";"Norte";"Colisão Traseira";1;0;0;1;0;0;0;0;0;0;0;2;0;0;0
"22/12/2023";"10:36:00";"425";"ac02 - Aci";"778";"BR-116/MG";"Sul";"Capotamento";1;0;0;0;0;0;0;0;0;0;0;2;0;0;0
"23/12/2023";"12:46:00";"53";"ac02 - Aci";"190.6";"BR-116/RJ";"Sul";"Atropelamento - Pedestre";1;0;0;0;0;0;0;0;0;0;1;1;0;0;0
"23/12/2023";"01:59:00";"57";"ac03 - Aci";"798.44";"BR-116/MG";"Sul";"Colisão lateral no sentido contrário";0;0;2;0;0;0;0;0;0;0;2;0;0;0;0
"23/12/2023";"06:29:00";"86";"ac03 - Aci";"688.51";"BR-116/MG";"Sul";"Choque - Talude ou Barranco";1;0;0;0;0;0;0;0;0;0;1;0;0;0;0
"23/12/2023";"11:53:00";"200";"ac02 - Aci";"101.694";"BR-493/RJ";"Sul";"Capotamento";2;0;0;0;0;0;0;0;0;0;1;4;2;0;0
"23/12/2023";"01:10:00";"218";"ac03 - Aci";"208.847";"BR-116/RJ";"Sul";"Tombamento";0;0;0;0;0;0;0;0;0;1;1;0;0;0;0
"23/12/2023";"01:21:00";"225";"ac03 - Aci";"113.8";"BR-116/RJ";"Norte";"Colisão Traseira";2;0;0;0;0;0;0;0;0;0;2;0;0;0;0
"23/12/2023";"01:27:00";"227";"ac03 - Aci";"93";"BR-116/RJ";"Norte";"Colisão Traseira";2;0;0;0;0;0;0;0;0;0;2;0;0;0;0
"23/12/2023";"01:29:00";"228";"ac02 - Aci";"762.268";"BR-116/MG";"Norte";"Colisão Traseira";2;0;0;0;0;0;0;0;0;0;0;2;0;0;0
"23/12/2023";"01:45:00";"232";"ac02 - Aci";"15.569";"BR-493/RJ";"Norte";"Colisão Transversal";2;0;0;0;0;0;0;0;0;0;0;2;1;0;0
"23/12/2023";"03:37:00";"257";"ac02 - Aci";"186.716";"BR-116/RJ";"Norte";"Choque - New jersey";0;0;0;1;0;0;0;0;0;0;0;0;2;0;0
"23/12/2023";"04:24:00";"271";"ac03 - Aci";"110.647";"BR-493/RJ";"Sul";"Capotamento";1;0;0;0;0;0;0;0;0;0;1;0;0;0;0
"23/12/2023";"04:51:00";"280";"ac02 - Aci";"31.313";"BR-116/RJ";"Norte";"Colisão Traseira";1;0;1;0;0;0;0;0;0;0;0;5;0;0;0
"23/12/2023";"05:02:00";"283";"ac02 - Aci";"694.607";"BR-116/MG";"Norte";"Colisão lateral no mesmo sentido";1;0;1;0;0;0;0;0;0;0;1;2;0;0;0
"23/12/2023";"05:06:00";"285";"ac02 - Aci";"129.15";"BR-116/RJ";"Norte";"Saida de Pista";2;0;0;0;0;0;0;0;0;0;1;1;0;0;0
"23/12/2023";"06:47:00";"312";"ac02 - Aci";"109";"BR-116/RJ";"Sul";"Colisão lateral no mesmo sentido";2;0;0;0;0;0;0;0;0;0;0;2;0;0;0
"23/12/2023";"07:19:00";"322";"ac02 - Aci";"519";"BR-116/MG";"Sul";"Queda de Moto";0;0;0;1;0;0;0;0;0;0;0;0;1;0;0
"23/12/2023";"09:06:00";"357";"ac03 - Aci";"13";"BR-116/RJ";"Sul";"Choque - Meio Fio";1;0;1;0;0;0;0;0;0;0;2;0;0;0;0
"23/12/2023";"09:21:00";"359";"ac03 - Aci";"762";"BR-116/MG";"Sul";"Colisão Traseira";2;0;0;0;0;0;0;0;0;0;3;0;0;0;0
"23/12/2023";"09:23:00";"360";"ac02 - Aci";"793";"BR-116/MG";"Norte";"Saida de Pista";1;0;0;0;0;0;0;0;0;0;0;1;0;0;0
"23/12/2023";"10:03:00";"366";"ac02 - Aci";"20";"BR-493/RJ";"Norte";"Atropelamento de Animal";0;0;0;1;0;0;0;0;0;0;0;0;1;0;0
"23/12/2023";"10:07:00";"368";"ac02 - Aci";"781";"BR-116/MG";"Norte";"Capotamento";1;0;0;0;0;0;0;0;0;0;0;2;0;0;0
"23/12/2023";"10:39:00";"371";"ac02 - Aci";"96";"BR-493/RJ";"Sul";"Choque - Meio Fio";1;0;0;0;0;0;0;0;0;0;0;4;0;0;0
"23/12/2023";"11:05:00";"375";"ac02 - Aci";"175";"BR-116/RJ";"Norte";"Colisão Traseira";2;0;0;0;0;0;0;0;0;0;0;2;0;0;0
"24/12/2023";"01:29:00";"42";"ac02 - Aci";"11.4";"BR-493/RJ";"Norte";"Choque - Talude ou Barranco";0;0;0;0;0;0;0;0;0;1;0;2;1;0;0
"24/12/2023";"02:56:00";"49";"ac02 - Aci";"186";"BR-116/RJ";"Norte";"Engavetamento";3;0;0;0;0;0;0;0;0;0;0;4;0;0;0
"24/12/2023";"04:24:00";"52";"ac03 - Aci";"525.95";"BR-116/MG";"Norte";"Choque - Arvore";1;0;0;0;0;0;0;0;0;0;1;0;0;0;0
"24/12/2023";"04:39:00";"54";"ac02 - Aci";"172.007";"BR-116/RJ";"Norte";"Capotamento";2;0;0;0;0;0;0;0;0;0;1;1;0;0;0
"24/12/2023";"07:10:00";"67";"ac02 - Aci";"173.877";"BR-116/RJ";"Norte";"Colisão lateral no mesmo sentido";1;0;0;1;0;0;0;0;0;0;1;0;2;0;0
"24/12/2023";"10:41:00";"128";"ac02 - Aci";"131.95";"BR-116/RJ";"Sul";"Saida de Pista";1;0;0;0;0;0;0;0;0;0;0;1;0;0;0
"24/12/2023";"02:59:00";"180";"ac02 - Aci";"109.16";"BR-116/RJ";"Norte";"Queda de Moto";0;0;0;1;0;0;0;0;0;0;0;1;1;0;0
"24/12/2023";"06:25:00";"214";"ac02 - Aci";"100";"BR-116/RJ";"Norte";"Choque - Outros";1;0;0;0;0;0;0;0;0;0;0;1;0;0;0
"24/12/2023";"06:27:00";"215";"ac03 - Aci";"137";"BR-116/RJ";"Norte";"Colisão lateral no mesmo sentido";1;1;0;0;0;0;0;0;0;0;2;0;0;0;0
"24/12/2023";"07:56:00";"233";"ac02 - Aci";"145";"BR-116/RJ";"Sul";"Choque - Barreira";1;0;0;0;0;0;0;0;0;0;0;1;0;0;0
"24/12/2023";"08:01:00";"235";"ac02 - Aci";"799";"BR-116/MG";"Sul";"Colisão Traseira";2;0;0;0;0;0;0;0;0;0;0;5;0;0;0
"24/12/2023";"11:33:00";"260";"ac02 - Aci";"180";"BR-116/RJ";"Sul";"Atropelamento - Pedestre";1;0;0;0;0;0;0;0;0;0;0;3;0;1;0
"25/12/2023";"01:06:00";"29";"ac01 - Aci";"188";"BR-116/RJ";"Sul";"Colisão Transversal";1;1;0;1;0;0;0;0;0;0;2;1;0;1;2
"25/12/2023";"03:03:00";"38";"ac02 - Aci";"17";"BR-493/RJ";"Sul";"Saida de Pista";1;0;0;0;0;0;0;0;0;0;0;3;0;0;0
"25/12/2023";"10:58:00";"94";"ac03 - Aci";"764.5";"BR-116/MG";"Norte";"Colisão Traseira";2;0;0;0;0;0;0;0;0;0;2;0;0;0;0
"25/12/2023";"11:00:00";"95";"ac02 - Aci";"487.626";"BR-116/MG";"Sul";"Colisão Traseira";2;0;0;0;0;0;0;0;0;0;0;2;0;0;0
"25/12/2023";"11:28:00";"103";"ac03 - Aci";"97";"BR-116/RJ";"Norte";"Choque - Canaleta";1;0;0;0;0;0;0;0;0;0;1;0;0;0;0
"25/12/2023";"11:46:00";"107";"ac03 - Aci";"634";"BR-116/MG";"Norte";"Choque - Meio Fio";1;0;0;0;0;0;0;0;0;0;1;0;0;0;0
"25/12/2023";"01:33:00";"132";"ac02 - Aci";"606.624";"BR-116/MG";"Norte";"Colisão Traseira";2;0;0;0;0;0;0;0;0;0;0;2;0;0;0
"25/12/2023";"03:37:00";"153";"ac02 - Aci";"410.764";"BR-116/MG";"Norte";"Choque - Meio Fio";0;0;0;1;0;0;0;0;0;0;0;0;1;0;0
"25/12/2023";"04:41:00";"169";"ac03 - Aci";"117.8";"BR-116/RJ";"Sul";"Colisão Traseira";2;0;0;0;0;0;0;0;0;0;2;0;0;0;0
"25/12/2023";"05:08:00";"181";"ac02 - Aci";"684.239";"BR-116/MG";"Sul";"Colisão Transversal";2;0;0;0;0;0;0;0;0;0;0;3;0;0;0
"25/12/2023";"05:20:00";"184";"ac02 - Aci";"192";"BR-116/RJ";"Norte";"Engavetamento";3;0;0;0;0;0;0;0;0;0;0;7;0;0;0
"25/12/2023";"05:25:00";"187";"ac03 - Aci";"104";"BR-116/RJ";"Norte";"Saida de Pista";1;0;0;0;0;0;0;0;0;0;1;0;0;0;0
"25/12/2023";"05:59:00";"195";"ac03 - Aci";"172";"BR-116/RJ";"Sul";"Engavetamento";4;0;0;0;0;0;0;0;0;0;4;0;0;0;0
"25/12/2023";"06:28:00";"207";"ac02 - Aci";"191.6";"BR-116/RJ";"Norte";"Engavetamento";3;0;0;0;0;0;0;0;0;0;0;14;0;0;0
"25/12/2023";"08:10:00";"226";"ac02 - Aci";"147";"BR-116/RJ";"Sul";"Engavetamento";3;0;0;0;0;0;0;0;0;0;0;3;0;0;0
"26/12/2023";"05:28:00";"110";"ac02 - Aci";"148";"BR-116/RJ";"Sul";"Queda de Moto";0;0;0;1;0;0;0;0;0;0;0;0;0;1;0
"26/12/2023";"07:01:00";"130";"ac02 - Aci";"172";"BR-116/RJ";"Norte";"Engavetamento";5;0;0;0;0;0;0;0;0;0;0;5;0;0;0
"26/12/2023";"08:15:00";"158";"ac02 - Aci";"172";"BR-116/RJ";"Sul";"Colisão Traseira";1;0;1;0;0;0;0;0;0;0;1;0;1;0;0
"26/12/2023";"08:43:00";"167";"ac02 - Aci";"208.8";"BR-116/RJ";"Norte";"Colisão Traseira";2;0;0;0;0;1;0;0;0;0;2;1;0;0;0
"26/12/2023";"09:05:00";"174";"ac02 - Aci";"176";"BR-116/RJ";"Norte";"Engavetamento";4;0;1;1;0;0;0;0;0;0;0;7;0;0;0
"26/12/2023";"09:18:00";"179";"ac02 - Aci";"176";"BR-116/RJ";"Norte";"Queda de Moto";0;0;0;1;0;0;0;0;0;0;0;1;0;0;0
"26/12/2023";"10:38:00";"200";"ac03 - Aci";"148";"BR-116/RJ";"Sul";"Colisão Traseira";0;0;1;0;0;0;0;0;0;1;2;0;0;0;0
"26/12/2023";"11:39:00";"222";"ac02 - Aci";"48.339";"BR-116/RJ";"Sul";"Choque - New jersey";1;0;0;0;0;0;0;0;0;0;0;0;1;0;0
"26/12/2023";"12:03:00";"225";"ac02 - Aci";"507.524";"BR-116/MG";"Norte";"Colisão Frontal";2;0;0;0;0;0;0;0;0;0;0;2;0;0;0
"26/12/2023";"12:53:00";"242";"ac03 - Aci";"143.879";"BR-116/RJ";"Norte";"Colisão Traseira";1;0;1;0;0;0;0;0;0;0;3;0;0;0;0
"26/12/2023";"01:09:00";"245";"ac02 - Aci";"717.42";"BR-116/MG";"Norte";"Choque - Canaleta";1;0;0;0;0;0;0;0;0;0;0;2;0;0;0
"26/12/2023";"02:52:00";"267";"ac02 - Aci";"553.55";"BR-116/MG";"Sul";"Choque - Canaleta";1;0;0;0;0;1;0;0;0;0;1;3;0;0;0
"26/12/2023";"03:46:00";"280";"ac02 - Aci";"764.707";"BR-116/MG";"Sul";"Colisão Traseira";2;0;0;0;0;0;0;0;0;0;0;5;0;0;0
"26/12/2023";"04:15:00";"284";"ac02 - Aci";"758.7";"BR-116/MG";"Sul";"Saida de Pista";1;0;0;0;0;0;0;0;0;0;0;5;1;0;0
"26/12/2023";"06:05:00";"304";"ac03 - Aci";"801";"BR-116/MG";"Norte";"Saida de Pista";0;0;1;0;0;0;0;0;0;0;1;0;0;0;0
"26/12/2023";"06:07:00";"306";"ac03 - Aci";"530";"BR-116/MG";"Norte";"Colisão lateral no sentido contrário";2;0;0;0;0;0;0;0;0;0;2;0;0;0;0
"26/12/2023";"07:09:00";"322";"ac03 - Aci";"21";"BR-465/RJ";"Norte";"Colisão Traseira";1;0;0;1;0;0;0;0;0;0;2;0;0;0;0
"27/12/2023";"12:59:00";"73";"ac02 - Aci";"128.47";"BR-116/RJ";"Norte";"Choque - Canaleta";1;0;0;0;0;0;0;0;0;0;0;1;0;0;0
"27/12/2023";"02:19:00";"86";"ac02 - Aci";"702";"BR-116/MG";"Norte";"Saida de Pista";1;0;0;0;0;0;0;0;0;0;1;2;0;0;0
"27/12/2023";"06:14:00";"99";"ac02 - Aci";"102.597";"BR-116/RJ";"Norte";"Capotamento";1;0;0;0;0;0;0;0;0;0;0;1;0;0;0
"27/12/2023";"07:08:00";"111";"ac03 - Aci";"62.61";"BR-116/RJ";"Sul";"Choque - Meio Fio";1;0;0;0;0;0;0;0;0;0;1;0;0;0;0
"27/12/2023";"07:58:00";"119";"ac02 - Aci";"713.5";"BR-116/MG";"Norte";"Choque - Defensa metálica";1;0;0;1;0;0;0;0;0;0;1;1;0;0;0
"27/12/2023";"10:57:00";"168";"ac03 - Aci";"707.394";"BR-116/MG";"Norte";"Colisão Traseira";2;0;0;0;0;0;0;0;0;0;2;0;0;0;0
"27/12/2023";"11:29:00";"178";"ac02 - Aci";"518";"BR-116/MG";"Norte";"Queda de Moto";0;0;0;1;0;0;0;0;0;0;0;1;0;0;0
"27/12/2023";"01:15:00";"198";"ac02 - Aci";"21.574";"BR-465/RJ";"Sul";"Colisão Traseira";1;0;0;1;0;0;0;0;0;0;1;0;1;0;0
"27/12/2023";"05:47:00";"247";"ac02 - Aci";"81.5";"BR-116/RJ";"Sul";"Colisão lateral no mesmo sentido";1;0;0;1;0;0;0;0;0;0;1;1;0;0;0
"27/12/2023";"09:01:00";"284";"ac03 - Aci";"685";"BR-116/MG";"Sul";"Choque - Meio Fio";1;0;0;0;0;0;0;0;0;0;1;0;0;0;0
"27/12/2023";"09:25:00";"288";"ac02 - Aci";"3";"BR-493/RJ";"Sul";"Atropelamento - Pedestre";1;0;0;0;0;0;0;0;0;0;1;0;1;0;0
"27/12/2023";"10:56:00";"301";"ac02 - Aci";"123";"BR-116/RJ";"Sul";"Colisão Traseira";0;0;2;0;0;0;0;0;0;0;1;0;1;0;0
"28/12/2023";"07:02:00";"107";"ac02 - Aci";"6.499";"BR-116/RJ";"Norte";"Capotamento";0;0;0;0;0;0;0;0;0;1;0;2;1;0;0
"28/12/2023";"08:04:00";"119";"ac01 - Aci";"77.206";"BR-493/RJ";"Sul";"Queda de veículo em ribanceira, ponte ou viaduto";1;0;0;0;0;0;0;0;0;0;0;1;0;2;1
"28/12/2023";"10:46:00";"159";"ac03 - Aci";"537.355";"BR-116/MG";"Sul";"Engavetamento";3;0;0;0;0;0;0;0;0;0;3;0;0;0;0
"28/12/2023";"11:26:00";"171";"ac02 - Aci";"24.431";"BR-493/RJ";"Norte";"Colisão Traseira";2;0;0;0;0;0;0;0;0;0;6;1;0;0;0
"28/12/2023";"01:11:00";"187";"ac02 - Aci";"1.57";"BR-493/RJ";"Norte";"Colisão lateral no mesmo sentido";1;0;0;1;0;0;0;0;0;0;4;2;0;0;0
"28/12/2023";"01:15:00";"188";"ac03 - Aci";"13.688";"BR-465/RJ";"Sul";"Engavetamento";3;0;0;0;0;0;0;0;0;0;3;0;0;0;0
"28/12/2023";"01:50:00";"196";"ac02 - Aci";"85.423";"BR-116/RJ";"Sul";"Colisão Transversal";1;0;0;1;0;0;0;0;0;0;2;1;0;0;0
"28/12/2023";"05:44:00";"243";"ac03 - Aci";"724";"BR-116/MG";"Sul";"Colisão Traseira";0;0;2;0;0;0;0;0;0;0;2;0;0;0;0
"28/12/2023";"05:55:00";"246";"ac02 - Aci";"117.35";"BR-116/RJ";"Sul";"Choque - Defensa metálica";1;0;0;0;0;0;0;0;0;0;0;0;1;0;0
"28/12/2023";"06:54:00";"254";"ac02 - Aci";"96.8";"BR-116/RJ";"Sul";"Choque - Talude ou Barranco";0;0;1;0;0;0;0;0;0;0;0;1;0;0;0
"28/12/2023";"07:02:00";"260";"ac02 - Aci";"63";"BR-493/RJ";"Sul";"Queda de Moto";0;0;0;1;0;0;0;0;0;0;0;2;0;0;0
"28/12/2023";"09:55:00";"291";"ac02 - Aci";"412";"BR-116/MG";"Norte";"Queda de Moto";1;0;0;0;0;0;0;0;0;0;0;0;1;0;0
"28/12/2023";"10:01:00";"292";"ac02 - Aci";"18";"BR-493/RJ";"Norte";"Capotamento";1;0;0;0;0;0;0;0;0;0;0;1;0;0;0
"29/12/2023";"12:23:00";"38";"ac02 - Aci";"6.5";"BR-465/RJ";"Sul";"Capotamento";0;0;0;0;0;0;0;0;0;1;0;0;1;0;0
"29/12/2023";"06:54:00";"112";"ac03 - Aci";"129.104";"BR-116/RJ";"Norte";"Colisão Traseira";1;0;1;0;0;0;0;0;0;0;2;0;0;0;0
"29/12/2023";"10:41:00";"180";"ac03 - Aci";"20.3";"BR-465/RJ";"Norte";"Colisão Transversal";1;0;0;1;0;0;0;0;0;0;2;0;0;0;0
"29/12/2023";"10:59:00";"185";"ac02 - Aci";"773.845";"BR-116/MG";"Sul";"Choque - Canaleta";1;0;0;0;0;0;0;0;0;0;0;2;0;0;0
"29/12/2023";"12:30:00";"218";"ac02 - Aci";"78.482";"BR-493/RJ";"Norte";"Choque - New jersey";0;0;1;0;0;0;0;0;0;0;0;1;1;0;0
"29/12/2023";"01:27:00";"232";"ac02 - Aci";"21.6";"BR-465/RJ";"Sul";"Colisão Traseira";1;0;0;1;0;0;0;0;0;0;1;1;0;0;0
"29/12/2023";"02:04:00";"242";"ac02 - Aci";"112";"BR-116/RJ";"Norte";"Queda de Moto";0;0;0;1;0;0;0;0;0;0;0;1;0;0;0
"29/12/2023";"02:37:00";"257";"ac02 - Aci";"415";"BR-116/MG";"Norte";"Colisão lateral no mesmo sentido";1;0;0;1;0;0;0;0;0;0;0;2;0;0;0
"29/12/2023";"02:39:00";"258";"ac02 - Aci";"186.3";"BR-116/RJ";"Norte";"Colisão Traseira";0;0;0;1;0;0;0;0;0;1;1;1;1;0;0
"29/12/2023";"02:46:00";"261";"ac03 - Aci";"187";"BR-116/RJ";"Norte";"Engavetamento";6;0;0;0;0;0;0;0;0;0;6;0;0;0;0
"29/12/2023";"03:05:00";"264";"ac02 - Aci";"187";"BR-116/RJ";"Norte";"Colisão lateral no mesmo sentido";1;0;0;1;0;0;0;0;0;0;0;4;0;0;0
"29/12/2023";"04:54:00";"294";"ac03 - Aci";"122";"BR-116/RJ";"Norte";"Atropelamento de Animal";1;0;0;0;0;0;0;0;0;0;1;0;0;0;0
"29/12/2023";"07:25:00";"329";"ac03 - Aci";"136";"BR-116/RJ";"Norte";"Atropelamento de Animal";1;0;0;0;0;0;0;0;0;0;2;0;0;0;0
"29/12/2023";"07:32:00";"331";"ac03 - Aci";"13";"BR-493/RJ";"Norte";"Queda de Moto";0;0;0;1;0;0;0;0;0;0;1;0;0;0;0
"29/12/2023";"08:01:00";"340";"ac02 - Aci";"133.771";"BR-116/RJ";"Sul";"Saida de Pista";1;0;0;0;0;0;0;0;0;0;0;2;1;0;0
"29/12/2023";"08:43:00";"349";"ac03 - Aci";"99.8";"BR-493/RJ";"Sul";"Atropelamento de Animal";1;0;0;0;0;0;0;0;0;0;1;0;0;0;0
"29/12/2023";"11:40:00";"383";"ac03 - Aci";"611.9";"BR-116/MG";"Norte";"Atropelamento de Animal";1;0;0;0;0;0;0;0;0;0;1;0;0;0;0
"30/12/2023";"02:20:00";"52";"ac01 - Aci";"703.568";"BR-116/MG";"Norte";"Colisão Frontal";1;0;0;1;0;0;0;0;0;0;4;1;0;0;1
"30/12/2023";"02:52:00";"56";"ac02 - Aci";"454.362";"BR-116/MG";"Norte";"Queda de Moto";0;0;0;1;0;0;0;0;0;0;0;0;0;1;0
"30/12/2023";"04:53:00";"65";"ac03 - Aci";"3";"BR-493/RJ";"Norte";"Colisão Traseira";2;0;0;0;0;0;0;0;0;0;2;0;0;0;0
"30/12/2023";"07:50:00";"94";"ac02 - Aci";"676.421";"BR-116/MG";"Sul";"Queda de Moto";0;0;0;1;0;0;0;0;0;0;0;2;0;0;0
"30/12/2023";"08:16:00";"100";"ac03 - Aci";"480.548";"BR-116/MG";"Norte";"Colisão Traseira";2;0;0;0;0;0;0;0;0;0;2;0;0;0;0
"30/12/2023";"09:35:00";"120";"ac03 - Aci";"53.93";"BR-493/RJ";"Norte";"Choque - Canaleta";1;0;0;0;0;0;0;0;0;0;3;0;0;0;0
"30/12/2023";"09:59:00";"126";"ac03 - Aci";"13.037";"BR-493/RJ";"Norte";"Engavetamento";3;0;0;0;0;0;0;0;0;0;6;0;0;0;0
"30/12/2023";"10:06:00";"129";"ac02 - Aci";"95";"BR-493/RJ";"Sul";"Saida de Pista";1;0;0;0;0;0;0;0;0;0;0;1;0;0;0
"30/12/2023";"10:43:00";"139";"ac03 - Aci";"33";"BR-116/RJ";"Sul";"Choque - Meio Fio";1;0;0;0;0;0;0;0;0;0;1;0;0;0;0
"30/12/2023";"10:47:00";"142";"ac02 - Aci";"55.6";"BR-116/RJ";"Norte";"Capotamento";1;0;0;0;0;0;0;0;0;0;0;0;1;1;0
"30/12/2023";"11:42:00";"151";"ac02 - Aci";"95.321";"BR-493/RJ";"Sul";"Colisão lateral no sentido contrário";0;0;0;1;0;1;0;0;0;0;1;0;0;1;0
"30/12/2023";"01:08:00";"165";"ac02 - Aci";"774.398";"BR-116/MG";"Norte";"Colisão lateral no sentido contrário";2;0;0;0;0;0;0;0;0;0;0;5;0;0;0
"30/12/2023";"01:13:00";"166";"ac02 - Aci";"776.001";"BR-116/MG";"Sul";"Colisão lateral no sentido contrário";2;0;0;0;0;0;0;0;0;0;0;6;0;0;0
"30/12/2023";"02:00:00";"175";"ac03 - Aci";"103";"BR-116/RJ";"Norte";"Choque - Canaleta";1;0;0;0;0;0;0;0;0;0;1;0;0;0;0
"30/12/2023";"04:17:00";"207";"ac02 - Aci";"177.9";"BR-116/RJ";"Norte";"Choque - New jersey";1;0;0;0;0;0;0;0;0;0;0;1;0;0;0
"30/12/2023";"05:50:00";"235";"ac03 - Aci";"521";"BR-116/MG";"Norte";"Colisão Traseira";2;0;0;0;0;0;0;0;0;0;2;0;0;0;0
"30/12/2023";"07:10:00";"247";"ac02 - Aci";"550.05";"BR-116/MG";"Norte";"Colisão lateral no mesmo sentido";1;0;0;1;0;0;0;0;0;0;5;2;0;0;0