data;horario;n_da_ocorrencia;tipo_de_ocorrencia;km;trecho;sentido;tipo_de_acidente;automovel;bicicleta;caminhao;moto;onibus;outros;tracao_animal;transporte_de_cargas_especiais;trator_maquinas;utilitarios;ilesos;levemente_feridos;moderadamente_feridos;gravemente_feridos;mortos
"30/12/2023";"08:11:00";"257";"ac02 - Aci";"606";"BR-116/MG";"Norte";"Colisão Frontal";1;0;0;1;0;0;0;0;0;0;1;0;2;0;0
"30/12/2023";"08:15:00";"258";"ac02 - Aci";"113";"BR-493/RJ";"Sul";"Choque - Meio Fio";1;0;0;0;0;0;0;0;0;0;0;2;0;0;0
"31/12/2023";"02:35:00";"52";"ac01 - Aci";"575.9";"BR-116/MG";"Norte";"Colisão Frontal";0;0;2;0;0;0;0;0;0;0;0;1;0;1;1
"31/12/2023";"04:03:00";"59";"ac03 - Aci";"605.8";"BR-116/MG";"Sul";"Capotamento";1;0;0;0;0;0;0;0;0;0;1;0;0;0;0
"31/12/2023";"06:17:00";"67";"ac03 - Aci";"139.845";"BR-116/RJ";"Sul";"Choque - Defensa metálica";1;0;0;0;0;0;0;0;0;0;1;0;0;0;0
"31/12/2023";"07:37:00";"81";"ac03 - Aci";"98";"BR-116/RJ";"Norte";"Choque - New jersey";1;0;0;0;0;0;0;0;0;0;1;0;0;0;0
"31/12/2023";"08:53:00";"96";"ac02 - Aci";"179";"BR-116/RJ";"Norte";"Choque - New jersey";1;0;0;0;0;0;0;0;0;0;0;1;0;0;0
"31/12/2023";"09:06:00";"100";"ac03 - Aci";"99";"BR-116/RJ";"Sul";"Choque - Meio Fio";1;0;0;0;0;0;0;0;0;0;1;0;0;0;0
"31/12/2023";"10:21:00";"115";"ac02 - Aci";"191.304";"BR-116/RJ";"Norte";"Colisão Traseira";2;0;0;0;0;0;0;0;0;0;0;2;0;0;0
"31/12/2023";"12:57:00";"140";"ac03 - Aci";"6.7";"BR-116/RJ";"Sul";"Choque - Meio Fio";1;0;0;0;0;0;0;0;0;0;1;0;0;0;0
"31/12/2023";"01:47:00";"144";"ac02 - Aci";"98";"BR-116/RJ";"Sul";"Choque - Talude ou Barranco";1;0;0;0;0;0;0;0;0;0;0;1;0;0;0
"31/12/2023";"03:23:00";"160";"ac03 - Aci";"45.278";"BR-116/RJ";"Norte";"Choque - Meio Fio";1;0;0;0;0;0;0;0;0;0;1;0;0;0;0
"31/12/2023";"03:42:00";"163";"ac02 - Aci";"530";"BR-116/MG";"Sul";"Colisão Traseira";1;0;1;0;0;0;0;0;0;0;1;0;1;0;0
"31/12/2023";"07:26:00";"190";"ac02 - Aci";"469.653";"BR-116/MG";"Sul";"Saida de Pista";0;0;1;0;0;0;0;0;0;0;0;1;0;0;0
"31/12/2023";"07:33:00";"191";"ac02 - Aci";"21";"BR-465/RJ";"Norte";"Colisão Frontal";1;0;0;1;0;0;0;0;0;0;1;2;0;0;0
"31/12/2023";"07:45:00";"193";"ac02 - Aci";"180";"BR-116/RJ";"Sul";"Colisão Traseira";0;0;0;1;0;0;0;0;0;1;0;2;0;0;0
"31/12/2023";"08:26:00";"201";"ac02 - Aci";"537.15";"BR-116/MG";"Norte";"Colisão Frontal";2;0;0;0;0;0;0;0;0;0;0;2;0;0;0
"31/12/2023";"08:28:00";"202";"ac02 - Aci";"79.9";"BR-116/RJ";"Norte";"Colisão Transversal";1;0;0;1;0;0;0;0;0;0;2;0;1;0;0
"01/01/2024";"02:11:00";"46";"Sem vítima";"133,000";"BR-116/RJ";"Decrescente";"Choque";0;0;0;0;0;0;0;0;0;0;1;0;0;0;0
"01/01/2024";"03:23:00";"56";"Com vítima";"197,066";"BR-116/RJ";"Crescente";"Saída de pista";0;0;0;0;0;0;0;0;0;0;2;1;0;0;0
"01/01/2024";"09:28:00";"132";"Sem vítima";"810,055";"BR-116/RJ";"Crescente";"Saída de pista";0;0;0;0;0;0;0;0;0;0;3;0;0;0;0
"01/01/2024";"10:40:00";"143";"Com vítima";"103,420";"BR-116/RJ";"Decrescente";"Choque";0;0;0;0;0;0;0;0;0;0;0;1;0;0;0
"01/01/2024";"11:40:00";"147";"Sem vítima";"666,589";"BR-116/RJ";"Crescente";"Saída de pista";0;0;0;0;0;0;0;0;0;0;3;0;0;0;0
"01/01/2024";"12:47:00";"157";"Com vítima";"147,237";"BR-116/RJ";"Crescente";"Colisão traseira";0;0;0;0;0;0;0;0;0;0;1;4;0;0;0
"01/01/2024";"03:36:00";"188";"Com vítima";"143,000";"BR-116/RJ";"Crescente";"Colisão lateral no mesmo sentido";0;0;0;0;0;0;0;0;0;0;1;2;0;0;0
"01/01/2024";"04:36:00";"202";"Sem vítima";"136,000";"BR-116/RJ";"Crescente";"Colisão traseira";0;0;0;0;0;0;0;0;0;0;2;0;0;0;0
"01/01/2024";"04:46:00";"206";"Com vítima";"135,000";"BR-116/RJ";"Crescente";"Capotamento";0;0;0;0;0;0;0;0;0;0;1;0;1;0;0
"01/01/2024";"05:30:00";"220";"Com vítima";"23,600";"BR-116/RJ";"Decrescente";"Choque";0;0;0;0;0;0;0;0;0;0;0;0;5;0;0
"01/01/2024";"06:02:00";"226";"Sem vítima";"104,000";"BR-116/RJ";"Decrescente";"Choque";0;0;0;0;0;0;0;0;0;0;2;0;0;0;0
"01/01/2024";"07:03:00";"232";"Com vítima";"196,814";"BR-116/RJ";"Crescente";"Choque";0;0;0;0;0;0;0;0;0;0;0;2;0;0;0
"02/01/2024";"04:20:00";"122";"Com vítima";"195,467";"BR-116/RJ";"Decrescente";"Queda de moto";0;0;0;0;0;0;0;0;0;0;0;0;0;2;0
"02/01/2024";"05:26:00";"143";"Sem vítima";"108,900";"BR-116/RJ";"Crescente";"Colisão lateral em sentido contrário";0;0;0;0;0;0;0;0;0;0;2;0;0;0;0
"02/01/2024";"05:45:00";"149";"Com vítima";"95,318";"BR-493/RJ";"Decrescente";"Colisão transversal";0;0;0;0;0;0;0;0;0;0;3;2;0;0;0
"02/01/2024";"05:48:00";"150";"Com vítima";"174,403";"BR-116/RJ";"Crescente";"Queda de moto";0;0;0;0;0;0;0;0;0;0;0;2;0;0;0
"02/01/2024";"06:07:00";"160";"Com vítima";"183,091";"BR-116/RJ";"Crescente";"Colisão traseira";0;0;0;0;0;0;0;0;0;0;1;2;0;0;0
"02/01/2024";"09:47:00";"215";"Sem vítima";"708,367";"BR-116/RJ";"Crescente";"Colisão lateral em sentido contrário";0;0;0;0;0;0;0;0;0;0;3;0;0;0;0
"02/01/2024";"11:07:00";"237";"Com vítima";"0,293";"BR-493/RJ";"Decrescente";"Colisão lateral no mesmo sentido";0;0;0;0;0;0;0;0;0;0;0;1;2;0;0
"02/01/2024";"11:08:00";"239";"Com vítima";"85,821";"BR-493/RJ";"Decrescente";"Capotamento";0;0;0;0;0;0;0;0;0;0;0;0;2;0;0
"02/01/2024";"01:10:00";"272";"Sem vítima";"193,261";"BR-116/RJ";"Decrescente";"Choque";0;0;0;0;0;0;0;0;0;0;1;0;0;0;0
"02/01/2024";"01:14:00";"273";"Sem vítima";"719,682";"BR-116/RJ";"Decrescente";"Choque";0;0;0;0;0;0;0;0;0;0;1;0;0;0;0
"02/01/2024";"05:01:00";"335";"Sem vítima";"615,000";"BR-116/RJ";"Crescente";"Saída de pista";0;0;0;0;0;0;0;0;0;0;2;0;0;0;0
"02/01/2024";"08:18:00";"368";"Com vítima";"412,279";"BR-116/RJ";"Decrescente";"Colisão transversal";0;0;0;0;0;0;0;0;0;0;1;0;1;0;0
"02/01/2024";"08:53:00";"374";"Com vítima";"96,000";"BR-493/RJ";"Crescente";"Choque";0;0;0;0;0;0;0;0;0;0;0;5;0;0;0
"03/01/2024";"01:19:00";"111";"Com vítima";"171,886";"BR-116/RJ";"Decrescente";"Atropelamento de pedestre";0;0;0;0;0;0;0;0;0;0;4;0;0;0;0
"03/01/2024";"03:50:00";"132";"Com vítima";"177,000";"BR-116/RJ";"Decrescente";"Colisão lateral no mesmo sentido";0;0;0;0;0;0;0;0;0;0;0;2;0;0;0
"03/01/2024";"03:55:00";"134";"Sem vítima";"177,700";"BR-116/RJ";"Decrescente";"Colisão traseira";0;0;0;0;0;0;0;0;0;0;2;0;0;0;0
"03/01/2024";"04:03:00";"136";"Com vítima";"178,000";"BR-116/RJ";"Crescente";"Colisão lateral no mesmo sentido";0;0;0;0;0;0;0;0;0;0;0;2;0;0;0
"03/01/2024";"04:31:00";"147";"Sem vítima";"780,000";"BR-116/RJ";"Decrescente";"Saída de pista";0;0;0;0;0;0;0;0;0;0;2;0;0;0;0
"03/01/2024";"04:32:00";"148";"Com vítima";"174,000";"BR-116/RJ";"Decrescente";"Colisão lateral no mesmo sentido";0;0;0;0;0;0;0;0;0;0;1;1;0;0;0
"03/01/2024";"04:47:00";"153";"Com vítima";"25,000";"BR-116/RJ";"Crescente";"Capotamento";0;0;0;0;0;0;0;0;0;0;0;1;0;0;0
"03/01/2024";"07:08:00";"181";"Com vítima";"62,400";"BR-116/RJ";"Crescente";"Choque";0;0;0;0;0;0;0;0;0;0;0;1;0;0;0
"03/01/2024";"07:25:00";"187";"Sem vítima";"718,000";"BR-116/RJ";"Crescente";"Saída de pista";0;0;0;0;0;0;0;0;0;0;4;0;0;0;0
"03/01/2024";"07:57:00";"193";"Com vítima";"79,000";"BR-116/RJ";"Crescente";"Colisão frontal";0;0;0;0;0;0;0;0;0;0;0;2;1;0;0
"03/01/2024";"08:39:00";"204";"Com vítima";"194,000";"BR-116/RJ";"Decrescente";"Queda de moto";0;0;0;0;0;0;0;0;0;0;0;2;0;0;0
"03/01/2024";"10:11:00";"228";"Com vítima";"766,000";"BR-116/RJ";"Decrescente";"Colisão lateral no mesmo sentido";0;0;0;0;0;0;0;0;0;0;1;0;1;0;0
"03/01/2024";"10:11:00";"229";"Sem vítima";"21,000";"BR-493/RJ";"Crescente";"Colisão traseira";0;0;0;0;0;0;0;0;0;0;2;0;0;0;0
"03/01/2024";"10:46:00";"237";"Com vítima";"513,000";"BR-116/RJ";"Crescente";"Colisão traseira";0;0;0;0;0;0;0;0;0;0;1;1;0;0;0
"03/01/2024";"11:29:00";"247";"Com vítima";"6,000";"BR-493/RJ";"Decrescente";"Atropelamento de ciclista";0;0;0;0;0;0;0;0;0;0;1;0;0;0;0
"03/01/2024";"11:30:00";"248";"Sem vítima";"764,500";"BR-116/RJ";"Crescente";"Colisão traseira";0;0;0;0;0;0;0;0;0;0;2;0;0;0;0
"03/01/2024";"12:48:00";"265";"Com vítima";"685,072";"BR-116/RJ";"Decrescente";"Choque";0;0;0;0;0;0;0;0;0;0;0;0;1;0;0
"03/01/2024";"01:07:00";"270";"Com vítima";"702,500";"BR-116/RJ";"Decrescente";"Atropelamento de ciclista";0;0;0;0;0;0;0;0;0;0;0;1;0;0;0
"03/01/2024";"01:09:00";"272";"Com vítima";"660,000";"BR-116/RJ";"Decrescente";"Saída de pista";0;0;0;0;0;0;0;0;0;0;0;1;0;0;0
"03/01/2024";"01:43:00";"279";"Com vítima";"203,000";"BR-116/RJ";"Crescente";"Choque";0;0;0;0;0;0;0;0;0;0;0;2;0;0;0
"03/01/2024";"01:57:00";"284";"Com vítima";"777,215";"BR-116/RJ";"Decrescente";"Colisão transversal";0;0;0;0;0;0;0;0;0;0;0;1;0;0;3
"03/01/2024";"02:31:00";"292";"Sem vítima";"778,341";"BR-116/RJ";"Crescente";"Choque";0;0;0;0;0;0;0;0;0;0;1;0;0;0;0
"03/01/2024";"02:33:00";"295";"Com vítima";"734,000";"BR-116/RJ";"Decrescente";"Capotamento";0;0;0;0;0;0;0;0;0;0;3;3;0;0;0
"03/01/2024";"04:07:00";"317";"Com vítima";"500,100";"BR-116/RJ";"Crescente";"Colisão traseira";0;0;0;0;0;0;0;0;0;0;2;2;0;0;0
"03/01/2024";"04:39:00";"329";"Com vítima";"51,527";"BR-493/RJ";"Crescente";"Colisão lateral no mesmo sentido";0;0;0;0;0;0;0;0;0;0;0;3;0;0;0
"03/01/2024";"04:57:00";"333";"Com vítima";"96,043";"BR-493/RJ";"Crescente";"Saída de pista";0;0;0;0;0;0;0;0;0;0;0;2;0;0;0
"03/01/2024";"04:58:00";"334";"Com vítima";"172,000";"BR-116/RJ";"Crescente";"Queda de moto";0;0;0;0;0;0;0;0;0;0;0;2;0;0;0
"03/01/2024";"05:28:00";"339";"Com vítima";"517,423";"BR-116/RJ";"Decrescente";"Colisão lateral em sentido contrário";0;0;0;0;0;0;0;0;0;0;0;2;0;0;0
"03/01/2024";"06:33:00";"349";"Com vítima";"96,062";"BR-493/RJ";"Crescente";"Saída de pista";0;0;0;0;0;0;0;0;0;0;0;1;0;0;0
"03/01/2024";"06:36:00";"350";"Com vítima";"181,387";"BR-116/RJ";"Decrescente";"Colisão lateral no mesmo sentido";0;0;0;0;0;0;0;0;0;0;1;2;0;0;0
"03/01/2024";"06:41:00";"351";"Com vítima";"576,800";"BR-116/RJ";"Decrescente";"Capotamento";0;0;0;0;0;0;0;0;0;0;0;1;1;0;0
"03/01/2024";"07:32:00";"357";"Com vítima";"181,437";"BR-116/RJ";"Decrescente";"Choque";0;0;0;0;0;0;0;0;0;0;0;2;0;0;0
"03/01/2024";"07:42:00";"360";"Sem vítima";"104,000";"BR-116/RJ";"Decrescente";"Choque";0;0;0;0;0;0;0;0;0;0;1;0;0;0;0
"03/01/2024";"07:46:00";"362";"Sem vítima";"102,000";"BR-116/RJ";"Decrescente";"Choque";0;0;0;0;0;0;0;0;0;0;1;0;0;0;0
"03/01/2024";"09:41:00";"9";"Com vítima";"8,000";"BR-465/RJ";"Decrescente";"Colisão lateral em sentido contrário";0;0;0;0;0;0;0;0;0;0;0;2;0;0;0
"03/01/2024";"10:20:00";"20";"Com vítima";"129,543";"BR-116/RJ";"Decrescente";"Choque";0;0;0;0;0;0;0;0;0;0;0;2;0;0;0
"04/01/2024";"03:59:00";"105";"Com vítima";"25,000";"BR-116/RJ";"Decrescente";"Choque";0;0;0;0;0;0;0;0;0;0;0;4;0;0;0
"04/01/2024";"04:31:00";"115";"Com vítima";"103,000";"BR-116/RJ";"Decrescente";"Choque";0;0;0;0;0;0;0;0;0;0;0;1;0;0;0
"04/01/2024";"04:47:00";"119";"Com vítima";"601,300";"BR-116/RJ";"Crescente";"Tombamento";0;0;0;0;0;0;0;0;0;0;0;1;0;0;0
"04/01/2024";"05:05:00";"126";"Sem vítima";"213,000";"BR-116/RJ";"Crescente";"Colisão traseira";0;0;0;0;0;0;0;0;0;0;2;0;0;0;0
"04/01/2024";"05:59:00";"143";"Sem vítima";"102,000";"BR-116/RJ";"Crescente";"Choque";0;0;0;0;0;0;0;0;0;0;1;0;0;0;0
"04/01/2024";"06:10:00";"146";"Sem vítima";"516,000";"BR-116/RJ";"Crescente";"Saída de pista";0;0;0;0;0;0;0;0;0;0;1;0;0;0;0
"04/01/2024";"07:13:00";"163";"Sem vítima";"469,000";"BR-116/RJ";"Decrescente";"Saída de pista";0;0;0;0;0;0;0;0;0;0;2;0;0;0;0
"04/01/2024";"10:04:00";"213";"Com vítima";"182,000";"BR-116/RJ";"Crescente";"Colisão traseira";0;0;0;0;0;0;0;0;0;0;0;3;0;0;0
"04/01/2024";"11:04:00";"232";"Com vítima";"53,000";"BR-493/RJ";"Crescente";"Choque";0;0;0;0;0;0;0;0;0;0;0;2;0;0;0
"04/01/2024";"11:05:00";"233";"Com vítima";"182,000";"BR-116/RJ";"Decrescente";"Queda de moto";0;0;0;0;0;0;0;0;0;0;0;0;1;0;0
"04/01/2024";"12:20:00";"246";"Sem vítima";"213,000";"BR-116/RJ";"Crescente";"Colisão traseira";0;0;0;0;0;0;0;0;0;0;2;0;0;0;0
"04/01/2024";"12:43:00";"250";"Sem vítima";"663,000";"BR-116/RJ";"Crescente";"Saída de pista";0;0;0;0;0;0;0;0;0;0;1;0;0;0;0
"04/01/2024";"02:32:00";"275";"Sem vítima";"147,788";"BR-116/RJ";"Decrescente";"Colisão traseira";0;0;0;0;0;0;0;0;0;0;2;0;0;0;0
"04/01/2024";"04:12:00";"297";"Com vítima";"110,000";"BR-116/RJ";"Decrescente";"Atropelamento de animal";0;0;0;0;0;0;0;0;0;0;1;0;0;0;0
"04/01/2024";"05:36:00";"315";"Com vítima";"20,590";"BR-493/RJ";"Decrescente";"Queda de moto";0;0;0;0;0;0;0;0;0;0;0;0;1;0;0
"05/01/2024";"03:32:00";"113";"Com vítima";"177,300";"BR-116/RJ";"Decrescente";"Colisão traseira";0;0;0;0;0;0;0;0;0;0;1;1;0;0;0
"05/01/2024";"03:44:00";"117";"Com vítima";"194,300";"BR-116/RJ";"Decrescente";"Colisão traseira";0;0;0;0;0;0;0;0;0;0;0;2;0;0;0
"05/01/2024";"06:14:00";"160";"Com vítima";"116,000";"BR-116/RJ";"Decrescente";"Colisão traseira";0;0;0;0;0;0;0;0;0;0;1;1;0;0;0
"05/01/2024";"06:44:00";"174";"Com vítima";"54,000";"BR-493/RJ";"Decrescente";"Colisão traseira";0;0;0;0;0;0;0;0;0;0;0;3;0;0;0
"05/01/2024";"07:39:00";"200";"Com vítima";"203,101";"BR-116/RJ";"Crescente";"Choque";0;0;0;0;0;0;0;0;0;0;0;1;0;0;0
"05/01/2024";"10:19:00";"236";"Com vítima";"145,000";"BR-116/RJ";"Decrescente";"Colisão traseira";0;0;0;0;0;0;0;0;0;0;0;3;0;0;0
"05/01/2024";"10:44:00";"241";"Com vítima";"1,500";"BR-493/RJ";"Crescente";"Atropelamento de animal";0;0;0;0;0;0;0;0;0;0;1;0;0;0;0
"05/01/2024";"03:20:00";"317";"Com vítima";"72,420";"BR-493/RJ";"Decrescente";"Atropelamento de animal";0;0;0;0;0;0;0;0;0;0;1;0;0;0;0
"05/01/2024";"04:09:00";"333";"Com vítima";"12,586";"BR-493/RJ";"Decrescente";"Atropelamento de animal";0;0;0;0;0;0;0;0;0;0;1;0;0;0;0
"05/01/2024";"05:47:00";"350";"Com vítima";"184,948";"BR-116/RJ";"Decrescente";"Engavetamento";0;0;0;0;0;0;0;0;0;0;3;2;0;0;0
"05/01/2024";"06:17:00";"354";"Com vítima";"690,105";"BR-116/RJ";"Crescente";"Saída de pista";0;0;0;0;0;0;0;0;0;0;1;2;0;0;0
"06/01/2024";"12:58:00";"79";"Com vítima";"184,000";"BR-116/RJ";"Decrescente";"Colisão traseira";0;0;0;0;0;0;0;0;0;0;1;1;0;0;0
"06/01/2024";"07:29:00";"149";"Com vítima";"20,000";"BR-116/RJ";"Decrescente";"Colisão lateral no mesmo sentido";0;0;0;0;0;0;0;0;0;0;0;1;1;0;0
"06/01/2024";"09:31:00";"179";"Com vítima";"118,000";"BR-116/RJ";"Decrescente";"Colisão traseira";0;0;0;0;0;0;0;0;0;0;0;9;0;0;0
"06/01/2024";"10:25:00";"191";"Com vítima";"55,200";"BR-116/RJ";"Crescente";"Colisão lateral em sentido contrário";0;0;0;0;0;0;0;0;0;0;1;2;0;0;0
"06/01/2024";"04:17:00";"283";"Com vítima";"0,045";"BR-493/RJ";"Crescente";"Queda de bicicleta";0;0;0;0;0;0;0;0;0;0;0;0;0;0;0
"06/01/2024";"04:43:00";"291";"Com vítima";"21,036";"BR-465/RJ";"Decrescente";"Colisão traseira";0;0;0;0;0;0;0;0;0;0;0;4;0;0;0
"06/01/2024";"06:07:00";"299";"Com vítima";"4,299";"BR-465/RJ";"Crescente";"Choque";0;0;0;0;0;0;0;0;0;0;0;1;0;0;0
"06/01/2024";"09:05:00";"3";"Sem vítima";"142,140";"BR-116/RJ";"Decrescente";"Saída de pista";0;0;0;0;0;0;0;0;0;0;1;0;0;0;0
"06/01/2024";"11:13:00";"36";"Com vítima";"191,766";"BR-116/RJ";"Crescente";"Atropelamento de animal";0;0;0;0;0;0;0;0;0;0;2;0;0;0;0
"06/01/2024";"11:51:00";"39";"Com vítima";"582,500";"BR-116/RJ";"Decrescente";"Colisão frontal";0;0;0;0;0;0;0;0;0;0;0;3;0;0;0
"07/01/2024";"01:32:00";"46";"Com vítima";"173,000";"BR-116/RJ";"Decrescente";"Colisão traseira";0;0;0;0;0;0;0;0;0;0;0;3;0;0;0
"07/01/2024";"03:37:00";"57";"Sem vítima";"530,900";"BR-116/RJ";"Crescente";"Saída de pista";0;0;0;0;0;0;0;0;0;0;2;0;0;0;0
"07/01/2024";"04:16:00";"64";"Com vítima";"179,800";"BR-116/RJ";"Decrescente";"Choque";0;0;0;0;0;0;0;0;0;0;0;1;0;0;0
"07/01/2024";"04:22:00";"67";"Sem vítima";"514,000";"BR-116/RJ";"Decrescente";"Saída de pista";0;0;0;0;0;0;0;0;0;0;3;0;0;0;0
"07/01/2024";"08:39:00";"141";"Com vítima";"148,000";"BR-116/RJ";"Crescente";"Queda de moto";0;0;0;0;0;0;0;0;0;0;0;1;0;0;0
"07/01/2024";"09:52:00";"153";"Com vítima";"212,000";"BR-116/RJ";"Decrescente";"Queda de moto";0;0;0;0;0;0;0;0;0;0;0;1;0;0;0
"07/01/2024";"10:47:00";"169";"Com vítima";"129,000";"BR-116/RJ";"Crescente";"Queda de moto";0;0;0;0;0;0;0;0;0;0;0;2;0;0;0
"07/01/2024";"12:30:00";"196";"Com vítima";"0,381";"BR-493/RJ";"Crescente";"Colisão traseira";0;0;0;0;0;0;0;0;0;0;1;1;0;0;0
"07/01/2024";"12:47:00";"200";"Com vítima";"747,000";"BR-116/RJ";"Crescente";"Colisão lateral em sentido contrário";0;0;0;0;0;0;0;0;0;0;1;0;2;0;0
"07/01/2024";"01:11:00";"209";"Com vítima";"67,000";"BR-116/RJ";"Decrescente";"Choque";0;0;0;0;0;0;0;0;0;0;0;1;1;0;0
"07/01/2024";"02:41:00";"228";"Com vítima";"101,515";"BR-493/RJ";"Crescente";"Choque";0;0;0;0;0;0;0;0;0;0;0;1;0;0;0
"07/01/2024";"03:09:00";"235";"Com vítima";"173,000";"BR-116/RJ";"Decrescente";"Colisão traseira";0;0;0;0;0;0;0;0;0;0;0;2;0;0;0
"07/01/2024";"03:32:00";"240";"Sem vítima";"19,086";"BR-493/RJ";"Crescente";"Colisão lateral no mesmo sentido";0;0;0;0;0;0;0;0;0;0;4;0;0;0;0
"07/01/2024";"04:38:00";"259";"Com vítima";"185,000";"BR-116/RJ";"Decrescente";"Colisão traseira";0;0;0;0;0;0;0;0;0;0;1;1;0;0;0
"07/01/2024";"04:50:00";"264";"Com vítima";"145,668";"BR-116/RJ";"Decrescente";"Atropelamento de animal";0;0;0;0;0;0;0;0;0;0;3;0;0;0;0
"07/01/2024";"04:51:00";"265";"Com vítima";"40,418";"BR-116/RJ";"Crescente";"Colisão transversal";0;0;0;0;0;0;0;0;0;0;1;0;1;0;0
"07/01/2024";"05:57:00";"269";"Com vítima";"117,524";"BR-116/RJ";"Decrescente";"Colisão traseira";0;0;0;0;0;0;0;0;0;0;0;5;0;0;0
"07/01/2024";"06:44:00";"279";"Sem vítima";"49,216";"BR-116/RJ";"Decrescente";"Capotamento";0;0;0;0;0;0;0;0;0;0;1;0;0;0;0
"07/01/2024";"08:25:00";"297";"Sem vítima";"83,377";"BR-116/RJ";"Decrescente";"Colisão traseira";0;0;0;0;0;0;0;0;0;0;5;0;0;0;0
"08/01/2024";"01:24:00";"93";"Com vítima";"678,504";"BR-116/RJ";"Decrescente";"Colisão traseira";0;0;0;0;0;0;0;0;0;0;0;2;0;0;0
"08/01/2024";"02:41:00";"103";"Com vítima";"170,244";"BR-116/RJ";"Crescente";"Choque";0;0;0;0;0;0;0;0;0;0;0;1;0;0;0
"08/01/2024";"04:54:00";"123";"Com vítima";"705,000";"BR-116/RJ";"Crescente";"Queda de moto";0;0;0;0;0;0;0;0;0;0;0;0;1;0;0
"08/01/2024";"09:54:00";"219";"Com vítima";"764,000";"BR-116/RJ";"Crescente";"Colisão traseira";0;0;0;0;0;0;0;0;0;0;0;2;0;0;0
"08/01/2024";"10:50:00";"236";"Com vítima";"584,000";"BR-116/RJ";"Decrescente";"Colisão traseira";0;0;0;0;0;0;0;0;0;0;0;2;0;0;0
"08/01/2024";"11:20:00";"249";"Com vítima";"63,787";"BR-493/RJ";"Decrescente";"Saída de pista";0;0;0;0;0;0;0;0;0;0;0;2;0;0;0
"08/01/2024";"12:47:00";"267";"Com vítima";"192,652";"BR-116/RJ";"Decrescente";"Engavetamento";0;0;0;0;0;0;0;0;0;0;0;4;0;0;0
"08/01/2024";"01:02:00";"268";"Com vítima";"173,271";"BR-116/RJ";"Decrescente";"Queda de moto";0;0;0;0;0;0;0;0;0;0;1;2;0;1;0
"08/01/2024";"01:33:00";"274";"Com vítima";"52,238";"BR-493/RJ";"Crescente";"Tombamento";0;0;0;0;0;0;0;0;0;0;0;1;0;0;0
"08/01/2024";"06:09:00";"346";"Sem vítima";"516,000";"BR-116/RJ";"Crescente";"Choque";0;0;0;0;0;0;0;0;0;0;1;0;0;0;0
"08/01/2024";"06:50:00";"357";"Com vítima";"175,000";"BR-116/RJ";"Crescente";"Acidentes de outra natureza";0;0;0;0;0;0;0;0;0;0;1;1;0;0;0
"08/01/2024";"06:52:00";"359";"Sem vítima";"52,327";"BR-493/RJ";"Crescente";"Saída de pista";0;0;0;0;0;0;0;0;0;0;2;0;0;0;0
"09/01/2024";"05:28:00";"126";"Com vítima";"524,620";"BR-116/RJ";"Crescente";"Colisão lateral no mesmo sentido";0;0;0;0;0;0;0;0;0;0;0;1;1;0;0
"09/01/2024";"06:00:00";"130";"Sem vítima";"21,000";"BR-116/RJ";"Decrescente";"Colisão traseira";0;0;0;0;0;0;0;0;0;0;2;0;0;0;0
"09/01/2024";"07:21:00";"150";"Sem vítima";"118,000";"BR-116/RJ";"Decrescente";"Colisão traseira";0;0;0;0;0;0;0;0;0;0;2;0;0;0;0
"09/01/2024";"07:53:00";"159";"Sem vítima";"209,000";"BR-116/RJ";"Decrescente";"Colisão traseira";0;0;0;0;0;0;0;0;0;0;2;0;0;0;0
"09/01/2024";"08:17:00";"165";"Com vítima";"52,100";"BR-493/RJ";"Crescente";"Colisão traseira";0;0;0;0;0;0;0;0;0;0;0;3;1;0;0
"09/01/2024";"08:56:00";"178";"Com vítima";"809,000";"BR-116/RJ";"Crescente";"Colisão transversal";0;0;0;0;0;0;0;0;0;0;0;3;0;0;0
"09/01/2024";"12:15:00";"225";"Sem vítima";"191,000";"BR-116/RJ";"Crescente";"Colisão lateral no mesmo sentido";0;0;0;0;0;0;0;0;0;0;2;0;0;0;0
"09/01/2024";"12:47:00";"233";"Com vítima";"135,700";"BR-116/RJ";"Crescente";"Colisão traseira";0;0;0;0;0;0;0;0;0;0;0;2;0;0;0
"09/01/2024";"02:01:00";"246";"Com vítima";"135,200";"BR-116/RJ";"Crescente";"Colisão traseira";0;0;0;0;0;0;0;0;0;0;1;2;0;0;0
"09/01/2024";"02:15:00";"248";"Com vítima";"20,000";"BR-465/RJ";"Crescente";"Colisão transversal";0;0;0;0;0;0;0;0;0;0;2;1;0;0;0
"09/01/2024";"02:35:00";"252";"Com vítima";"548,000";"BR-116/RJ";"Crescente";"Colisão traseira";0;0;0;0;0;0;0;0;0;0;1;1;1;0;0