data;horario;n_da_ocorrencia;tipo_de_ocorrencia;km;trecho;sentido;tipo_de_acidente;automovel;bicicleta;caminhao;moto;onibus;outros;tracao_animal;transporte_de_cargas_especiais;trator_maquinas;utilitarios;ilesos;levemente_feridos;moderadamente_feridos;gravemente_feridos;mortos
"09/01/2024";"05:47:00";"289";"Com vítima";"185,000";"BR-116/RJ";"Crescente";"Choque";0;0;0;0;0;0;0;0;0;0;0;1;0;0;0
"09/01/2024";"11:26:00";"81";"Com vítima";"81,724";"BR-493/RJ";"Decrescente";"Saída de pista";0;0;0;0;0;0;0;0;0;0;0;1;0;0;0
"10/01/2024";"03:27:00";"93";"Com vítima";"172,900";"BR-116/RJ";"Decrescente";"Atropelamento de pedestre";0;0;0;0;0;0;0;0;0;0;0;1;1;0;0
"10/01/2024";"03:44:00";"95";"Com vítima";"78,000";"BR-493/RJ";"Decrescente";"Queda de moto";0;0;0;0;0;0;0;0;0;0;0;0;1;0;0
"10/01/2024";"03:57:00";"100";"Com vítima";"184,100";"BR-116/RJ";"Crescente";"Queda de moto";0;0;0;0;0;0;0;0;0;0;0;0;1;0;0
"10/01/2024";"05:06:00";"116";"Com vítima";"7,500";"BR-465/RJ";"Decrescente";"Queda de bicicleta";0;0;0;0;0;0;0;0;0;0;0;0;0;0;0
"10/01/2024";"05:42:00";"127";"Com vítima";"175,000";"BR-116/RJ";"Decrescente";"Engavetamento";0;0;0;0;0;0;0;0;0;0;0;3;0;0;0
"10/01/2024";"06:57:00";"160";"Com vítima";"93,440";"BR-493/RJ";"Decrescente";"Saída de pista";0;0;0;0;0;0;0;0;0;0;0;1;0;0;0
"10/01/2024";"07:11:00";"163";"Com vítima";"93,000";"BR-493/RJ";"Crescente";"Colisão lateral no mesmo sentido";0;0;0;0;0;0;0;0;0;0;1;1;0;0;0
"10/01/2024";"07:35:00";"177";"Com vítima";"177,850";"BR-116/RJ";"Decrescente";"Colisão lateral no mesmo sentido";0;0;0;0;0;0;0;0;0;0;0;6;0;0;0
"10/01/2024";"07:45:00";"182";"Com vítima";"703,000";"BR-116/RJ";"Decrescente";"Colisão transversal";0;0;0;0;0;0;0;0;0;0;0;2;0;0;0
"10/01/2024";"08:53:00";"203";"Com vítima";"180,000";"BR-116/RJ";"Decrescente";"Engavetamento";0;0;0;0;0;0;0;0;0;0;3;3;1;0;0
"10/01/2024";"11:16:00";"238";"Com vítima";"138,300";"BR-116/RJ";"Crescente";"Atropelamento de ciclista";0;0;0;0;0;0;0;0;0;0;1;0;0;0;0
"10/01/2024";"12:01:00";"249";"Com vítima";"184,000";"BR-116/RJ";"Decrescente";"Colisão traseira";0;0;0;0;0;0;0;0;0;0;0;3;1;0;0
"10/01/2024";"12:02:00";"250";"Com vítima";"178,000";"BR-116/RJ";"Crescente";"Colisão lateral no mesmo sentido";0;0;0;0;0;0;0;0;0;0;0;2;0;0;0
"10/01/2024";"03:14:00";"295";"Sem vítima";"190,437";"BR-116/RJ";"Decrescente";"Colisão traseira";0;0;0;0;0;0;0;0;0;0;2;0;0;0;0
"10/01/2024";"04:05:00";"308";"Com vítima";"110,251";"BR-116/RJ";"Crescente";"Queda de moto";0;0;0;0;0;0;0;0;0;0;0;1;1;0;0
"10/01/2024";"09:06:00";"1";"Com vítima";"507,209";"BR-116/RJ";"Decrescente";"Colisão traseira";0;0;0;0;0;0;0;0;0;0;2;1;0;0;0
"11/01/2024";"03:49:00";"122";"Com vítima";"148,000";"BR-116/RJ";"Decrescente";"Queda de moto";0;0;0;0;0;0;0;0;0;0;0;2;0;0;0
"11/01/2024";"04:52:00";"143";"Com vítima";"185,000";"BR-116/RJ";"Decrescente";"Colisão lateral no mesmo sentido";0;0;0;0;0;0;0;0;0;0;0;2;0;0;0
"11/01/2024";"04:58:00";"146";"Com vítima";"170,600";"BR-116/RJ";"Crescente";"Colisão lateral no mesmo sentido";0;0;0;0;0;0;0;0;0;0;0;2;0;0;0
"11/01/2024";"08:09:00";"211";"Com vítima";"142,000";"BR-116/RJ";"Crescente";"Engavetamento";0;0;0;0;0;0;0;0;0;0;0;4;0;0;0
"11/01/2024";"09:16:00";"231";"Com vítima";"196,000";"BR-116/RJ";"Decrescente";"Colisão lateral no mesmo sentido";0;0;0;0;0;0;0;0;0;0;0;1;1;0;0
"11/01/2024";"09:39:00";"236";"Sem vítima";"765,000";"BR-116/RJ";"Crescente";"Colisão transversal";0;0;0;0;0;0;0;0;0;0;2;0;0;0;0
"11/01/2024";"10:55:00";"266";"Com vítima";"184,000";"BR-116/RJ";"Crescente";"Colisão lateral no mesmo sentido";0;0;0;0;0;0;0;0;0;0;1;1;0;0;0
"11/01/2024";"12:51:00";"296";"Com vítima";"178,000";"BR-116/RJ";"Crescente";"Colisão lateral no mesmo sentido";0;0;0;0;0;0;0;0;0;0;1;1;0;0;0
"11/01/2024";"01:17:00";"307";"Com vítima";"27,000";"BR-116/RJ";"Decrescente";"Choque";0;0;0;0;0;0;0;0;0;0;0;1;0;0;0
"11/01/2024";"01:33:00";"311";"Com vítima";"5,000";"BR-465/RJ";"Decrescente";"Colisão transversal";0;0;0;0;0;0;0;0;0;0;1;1;1;0;0
"11/01/2024";"02:10:00";"324";"Com vítima";"137,744";"BR-116/RJ";"Decrescente";"Colisão lateral no mesmo sentido";0;0;0;0;0;0;0;0;0;0;1;0;2;0;0
"11/01/2024";"04:22:00";"353";"Sem vítima";"96,043";"BR-493/RJ";"Crescente";"Choque";0;0;0;0;0;0;0;0;0;0;3;0;0;0;0
"11/01/2024";"05:22:00";"369";"Sem vítima";"54,682";"BR-493/RJ";"Crescente";"Saída de pista";0;0;0;0;0;0;0;0;0;0;1;0;0;0;0
"11/01/2024";"05:59:00";"377";"Com vítima";"175,571";"BR-116/RJ";"Decrescente";"Colisão lateral no mesmo sentido";0;0;0;0;0;0;0;0;0;0;1;2;0;0;0
"11/01/2024";"07:34:00";"383";"Com vítima";"8,842";"BR-465/RJ";"Crescente";"Atropelamento de pedestre";0;0;0;0;0;0;0;0;0;0;1;0;0;0;0
"11/01/2024";"09:07:00";"3";"Com vítima";"11,345";"BR-116/RJ";"Decrescente";"Choque";0;0;0;0;0;0;0;0;0;0;1;2;0;0;0
"11/01/2024";"11:47:00";"64";"Com vítima";"58,109";"BR-493/RJ";"Crescente";"Atropelamento de animal";0;0;0;0;0;0;0;0;0;0;0;1;0;0;0
"12/01/2024";"04:12:00";"115";"Com vítima";"181,554";"BR-116/RJ";"Crescente";"Colisão traseira";0;0;0;0;0;0;0;0;0;0;1;1;1;0;0
"12/01/2024";"07:40:00";"184";"Sem vítima";"25,000";"BR-116/RJ";"Decrescente";"Choque";0;0;0;0;0;0;0;0;0;0;1;0;0;0;0
"12/01/2024";"07:42:00";"185";"Sem vítima";"26,000";"BR-116/RJ";"Decrescente";"Choque";0;0;0;0;0;0;0;0;0;0;1;0;0;0;0
"12/01/2024";"08:17:00";"194";"Com vítima";"95,182";"BR-493/RJ";"Decrescente";"Choque";0;0;0;0;0;0;0;0;0;0;0;2;0;0;0
"12/01/2024";"08:22:00";"197";"Com vítima";"189,000";"BR-116/RJ";"Crescente";"Colisão lateral no mesmo sentido";0;0;0;0;0;0;0;0;0;0;1;1;0;0;0
"12/01/2024";"10:47:00";"228";"Com vítima";"179,201";"BR-116/RJ";"Decrescente";"Colisão lateral no mesmo sentido";0;0;0;0;0;0;0;0;0;0;1;1;0;0;0
"12/01/2024";"11:19:00";"236";"Com vítima";"139,388";"BR-116/RJ";"Decrescente";"Atropelamento de ciclista";0;0;0;0;0;0;0;0;0;0;1;0;0;0;0
"12/01/2024";"11:37:00";"240";"Com vítima";"82,776";"BR-493/RJ";"Crescente";"Choque";0;0;0;0;0;0;0;0;0;0;0;0;1;1;0
"12/01/2024";"01:53:00";"274";"Com vítima";"144,000";"BR-116/RJ";"Crescente";"Colisão transversal";0;0;0;0;0;0;0;0;0;0;0;0;1;1;0
"12/01/2024";"04:02:00";"308";"Com vítima";"13,396";"BR-465/RJ";"Crescente";"Colisão lateral em sentido contrário";0;0;0;0;0;0;0;0;0;0;1;1;0;0;0
"12/01/2024";"04:55:00";"324";"Com vítima";"22,702";"BR-465/RJ";"Crescente";"Colisão lateral em sentido contrário";0;0;0;0;0;0;0;0;0;0;1;2;0;0;0
"12/01/2024";"05:34:00";"328";"Sem vítima";"102,000";"BR-116/RJ";"Decrescente";"Saída de pista";0;0;0;0;0;0;0;0;0;0;1;0;0;0;0
"12/01/2024";"05:57:00";"334";"Com vítima";"565,000";"BR-116/RJ";"Crescente";"Saída de pista";0;0;0;0;0;0;0;0;0;0;1;1;0;0;0
"12/01/2024";"06:15:00";"338";"Com vítima";"794,000";"BR-116/RJ";"Decrescente";"Saída de pista";0;0;0;0;0;0;0;0;0;0;0;1;0;0;0
"12/01/2024";"06:31:00";"342";"Com vítima";"183,497";"BR-116/RJ";"Crescente";"Colisão traseira";0;0;0;0;0;0;0;0;0;0;1;0;1;0;0
"12/01/2024";"07:30:00";"350";"Com vítima";"181,000";"BR-116/RJ";"Crescente";"Colisão traseira";0;0;0;0;0;0;0;0;0;0;0;6;0;0;0
"12/01/2024";"10:08:00";"37";"Com vítima";"694,800";"BR-116/RJ";"Crescente";"Choque";0;0;0;0;0;0;0;0;0;0;0;1;0;0;0
"13/01/2024";"12:26:00";"70";"Com vítima";"528,000";"BR-116/RJ";"Decrescente";"Choque";0;0;0;0;0;0;0;0;0;0;0;1;0;0;0
"13/01/2024";"04:11:00";"93";"Com vítima";"200,608";"BR-116/RJ";"Crescente";"Choque";0;0;0;0;0;0;0;0;0;0;0;0;0;1;0
"13/01/2024";"08:15:00";"162";"Com vítima";"94,910";"BR-493/RJ";"Crescente";"Choque";0;0;0;0;0;0;0;0;0;0;0;1;0;0;0
"13/01/2024";"08:27:00";"164";"Com vítima";"65,350";"BR-493/RJ";"Decrescente";"Capotamento";0;0;0;0;0;0;0;0;0;0;0;0;1;0;0
"13/01/2024";"08:35:00";"166";"Com vítima";"766,000";"BR-116/RJ";"Decrescente";"Colisão lateral no mesmo sentido";0;0;0;0;0;0;0;0;0;0;1;4;0;0;0
"13/01/2024";"09:02:00";"172";"Com vítima";"756,000";"BR-116/RJ";"Crescente";"Saída de pista";0;0;0;0;0;0;0;0;0;0;0;0;1;1;0
"13/01/2024";"09:27:00";"175";"Sem vítima";"40,000";"BR-116/RJ";"Decrescente";"Colisão transversal";0;0;0;0;0;0;0;0;0;0;2;0;0;0;0
"13/01/2024";"09:49:00";"185";"Sem vítima";"169,125";"BR-116/RJ";"Decrescente";"Colisão lateral no mesmo sentido";0;0;0;0;0;0;0;0;0;0;2;0;0;0;0
"13/01/2024";"09:56:00";"186";"Com vítima";"689,000";"BR-116/RJ";"Crescente";"Colisão lateral em sentido contrário";0;0;0;0;0;0;0;0;0;0;1;1;0;0;0
"13/01/2024";"11:03:00";"198";"Com vítima";"98,713";"BR-116/RJ";"Decrescente";"Colisão frontal";0;0;0;0;0;0;0;0;0;0;0;0;3;0;0
"13/01/2024";"01:39:00";"230";"Com vítima";"783,000";"BR-116/RJ";"Crescente";"Saída de pista";0;0;0;0;0;0;0;0;0;0;0;1;0;0;0
"13/01/2024";"02:09:00";"237";"Sem vítima";"109,266";"BR-493/RJ";"Crescente";"Saída de pista";0;0;0;0;0;0;0;0;0;0;1;0;0;0;0
"13/01/2024";"02:49:00";"247";"Com vítima";"97,000";"BR-116/RJ";"Decrescente";"Colisão lateral em sentido contrário";0;0;0;0;0;0;0;0;0;0;1;0;2;0;0
"13/01/2024";"03:34:00";"253";"Com vítima";"110,000";"BR-116/RJ";"Crescente";"Capotamento";0;0;0;0;0;0;0;0;0;0;0;2;0;0;0
"13/01/2024";"04:40:00";"273";"Sem vítima";"129,000";"BR-116/RJ";"Decrescente";"Colisão lateral no mesmo sentido";0;0;0;0;0;0;0;0;0;0;2;0;0;0;0
"13/01/2024";"08:35:00";"316";"Com vítima";"90,000";"BR-493/RJ";"Crescente";"Tombamento";0;0;0;0;0;0;0;0;0;0;0;1;0;0;0
"13/01/2024";"11:09:00";"37";"Com vítima";"174,461";"BR-116/RJ";"Crescente";"Choque";0;0;0;0;0;0;0;0;0;0;0;1;0;0;0
"14/01/2024";"01:05:00";"54";"Com vítima";"180,155";"BR-116/RJ";"Decrescente";"Choque";0;0;0;0;0;0;0;0;0;0;0;1;0;0;0
"14/01/2024";"01:13:00";"56";"Com vítima";"17,000";"BR-493/RJ";"Decrescente";"Saída de pista";0;0;0;0;0;0;0;0;0;0;0;2;0;0;0
"14/01/2024";"03:06:00";"68";"Com vítima";"172,950";"BR-116/RJ";"Decrescente";"Colisão traseira";0;0;0;0;0;0;0;0;0;0;0;3;0;0;0
"14/01/2024";"03:26:00";"70";"Com vítima";"59,000";"BR-116/RJ";"Crescente";"Queda de moto";0;0;0;0;0;0;0;0;0;0;0;1;0;0;0
"14/01/2024";"04:03:00";"81";"Com vítima";"59,100";"BR-493/RJ";"Crescente";"Capotamento";0;0;0;0;0;0;0;0;0;0;0;1;0;0;0
"14/01/2024";"04:12:00";"84";"Com vítima";"19,500";"BR-116/RJ";"Crescente";"Saída de pista";0;0;0;0;0;0;0;0;0;0;0;3;0;0;0
"14/01/2024";"05:04:00";"96";"Com vítima";"27,000";"BR-116/RJ";"Crescente";"Choque";0;0;0;0;0;0;0;0;0;0;0;2;0;0;0
"14/01/2024";"08:19:00";"144";"Com vítima";"573,690";"BR-116/RJ";"Crescente";"Colisão transversal";0;0;0;0;0;0;0;0;0;0;1;4;3;1;0
"14/01/2024";"09:04:00";"153";"Com vítima";"195,000";"BR-116/RJ";"Decrescente";"Colisão lateral no mesmo sentido";0;0;0;0;0;0;0;0;0;0;0;7;1;0;0
"14/01/2024";"11:45:00";"188";"Sem vítima";"88,156";"BR-493/RJ";"Crescente";"Choque";0;0;0;0;0;0;0;0;0;0;1;0;0;0;0
"14/01/2024";"11:52:00";"192";"Com vítima";"504,438";"BR-116/RJ";"Crescente";"Saída de pista";0;0;0;0;0;0;0;0;0;0;0;0;0;0;1
"14/01/2024";"11:56:00";"193";"Com vítima";"30,300";"BR-116/RJ";"Decrescente";"Choque";0;0;0;0;0;0;0;0;0;0;0;1;0;0;0
"14/01/2024";"12:00:00";"196";"Com vítima";"102,000";"BR-116/RJ";"Decrescente";"Choque";0;0;0;0;0;0;0;0;0;0;0;2;0;0;0
"14/01/2024";"02:42:00";"237";"Com vítima";"201,600";"BR-116/RJ";"Crescente";"Choque";0;0;0;0;0;0;0;0;0;0;0;2;0;0;0
"14/01/2024";"07:46:00";"283";"Com vítima";"180,300";"BR-116/RJ";"Decrescente";"Queda de moto";0;0;0;0;0;0;0;0;0;0;0;2;0;0;0
"14/01/2024";"08:35:00";"288";"Com vítima";"187,000";"BR-116/RJ";"Crescente";"Queda de moto";0;0;0;0;0;0;0;0;0;0;0;1;1;0;0
"15/01/2024";"03:47:00";"125";"Com vítima";"148,000";"BR-116/RJ";"Crescente";"Colisão lateral no mesmo sentido";0;0;0;0;0;0;0;0;0;0;1;0;1;0;0
"15/01/2024";"04:15:00";"136";"Com vítima";"507,490";"BR-116/RJ";"Crescente";"Colisão traseira";0;0;0;0;0;0;0;0;0;0;0;1;1;0;0
"15/01/2024";"04:17:00";"139";"Com vítima";"184,000";"BR-116/RJ";"Decrescente";"Choque";0;0;0;0;0;0;0;0;0;0;0;1;0;0;0
"15/01/2024";"07:17:00";"204";"Sem vítima";"99,000";"BR-116/RJ";"Decrescente";"Saída de pista";0;0;0;0;0;0;0;0;0;0;5;0;0;0;0
"15/01/2024";"02:39:00";"324";"Sem vítima";"173,679";"BR-116/RJ";"Decrescente";"Colisão lateral no mesmo sentido";0;0;0;0;0;0;0;0;0;0;3;0;0;0;0
"15/01/2024";"03:52:00";"340";"Sem vítima";"144,500";"BR-116/RJ";"Crescente";"Atropelamento de animal";0;0;0;0;0;0;0;0;0;0;1;0;0;0;0
"16/01/2024";"12:26:00";"62";"Sem vítima";"97,000";"BR-116/RJ";"Crescente";"Choque";0;0;0;0;0;0;0;0;0;0;1;0;0;0;0
"16/01/2024";"12:26:00";"63";"Sem vítima";"190,145";"BR-116/RJ";"Decrescente";"Colisão traseira";0;0;0;0;0;0;0;0;0;0;2;0;0;0;0
"16/01/2024";"02:56:00";"74";"Com vítima";"173,500";"BR-116/RJ";"Decrescente";"Colisão lateral no mesmo sentido";0;0;0;0;0;0;0;0;0;0;2;5;0;0;0
"16/01/2024";"03:20:00";"79";"Sem vítima";"548,000";"BR-116/RJ";"Crescente";"Choque";0;0;0;0;0;0;0;0;0;0;1;0;0;0;0
"16/01/2024";"03:44:00";"83";"Com vítima";"118,000";"BR-116/RJ";"Decrescente";"Queda de moto";0;0;0;0;0;0;0;0;0;0;0;1;0;0;0
"16/01/2024";"04:32:00";"91";"Com vítima";"183,000";"BR-116/RJ";"Decrescente";"Colisão lateral no mesmo sentido";0;0;0;0;0;0;0;0;0;0;1;1;0;1;0
"16/01/2024";"04:59:00";"98";"Sem vítima";"184,000";"BR-116/RJ";"Decrescente";"Colisão lateral no mesmo sentido";0;0;0;0;0;0;0;0;0;0;2;0;0;0;0
"16/01/2024";"05:31:00";"110";"Com vítima";"526,000";"BR-116/RJ";"Decrescente";"Colisão traseira";0;0;0;0;0;0;0;0;0;0;0;2;0;0;0
"16/01/2024";"07:37:00";"145";"Com vítima";"74,000";"BR-116/RJ";"Crescente";"Colisão traseira";0;0;0;0;0;0;0;0;0;0;1;1;1;0;0
"16/01/2024";"08:05:00";"157";"Com vítima";"176,000";"BR-116/RJ";"Crescente";"Queda de moto";0;0;0;0;0;0;0;0;0;0;1;0;1;0;0
"16/01/2024";"01:44:00";"246";"Com vítima";"128,000";"BR-116/RJ";"Decrescente";"Colisão lateral no mesmo sentido";0;0;0;0;0;0;0;0;0;0;1;3;0;0;0
"16/01/2024";"04:26:00";"284";"Sem vítima";"814,601";"BR-116/RJ";"Decrescente";"Choque";0;0;0;0;0;0;0;0;0;0;2;0;0;0;0
"16/01/2024";"04:33:00";"287";"Com vítima";"451,497";"BR-116/RJ";"Decrescente";"Colisão lateral em sentido contrário";0;0;0;0;0;0;0;0;0;0;0;5;1;1;0
"16/01/2024";"05:23:00";"294";"Com vítima";"60,000";"BR-493/RJ";"Decrescente";"Atropelamento de animal";0;0;0;0;0;0;0;0;0;0;1;0;0;0;0
"16/01/2024";"06:30:00";"311";"Com vítima";"142,000";"BR-116/RJ";"Decrescente";"Colisão traseira";0;0;0;0;0;0;0;0;0;0;0;2;0;0;0
"16/01/2024";"07:00:00";"312";"Com vítima";"41,375";"BR-116/RJ";"Decrescente";"Colisão frontal";0;0;0;0;0;0;0;0;0;0;0;1;0;1;0
"16/01/2024";"07:37:00";"318";"Com vítima";"41,375";"BR-116/RJ";"Decrescente";"Colisão traseira";0;0;0;0;0;0;0;0;0;0;0;2;0;0;0
"17/01/2024";"02:57:00";"106";"Com vítima";"13,800";"BR-465/RJ";"Crescente";"Colisão transversal";0;0;0;0;0;0;0;0;0;0;0;1;0;0;0
"17/01/2024";"03:48:00";"115";"Com vítima";"171,450";"BR-116/RJ";"Decrescente";"Colisão traseira";0;0;0;0;0;0;0;0;0;0;0;3;1;1;0
"17/01/2024";"03:53:00";"117";"Com vítima";"95,000";"BR-116/RJ";"Decrescente";"Colisão lateral em sentido contrário";0;0;0;0;0;0;0;0;0;0;1;2;0;0;0
"17/01/2024";"06:09:00";"146";"Com vítima";"174,125";"BR-116/RJ";"Decrescente";"Colisão traseira";0;0;0;0;0;0;0;0;0;0;0;2;0;0;0
"17/01/2024";"09:37:00";"204";"Com vítima";"100,000";"BR-116/RJ";"Decrescente";"Saída de pista";0;0;0;0;0;0;0;0;0;0;0;1;0;0;0
"17/01/2024";"10:05:00";"215";"Com vítima";"139,268";"BR-116/RJ";"Crescente";"Engavetamento";0;0;0;0;0;0;0;0;0;0;2;4;0;0;0
"17/01/2024";"10:43:00";"225";"Com vítima";"415,000";"BR-116/RJ";"Crescente";"Colisão lateral no mesmo sentido";0;0;0;0;0;0;0;0;0;0;0;2;0;0;0
"17/01/2024";"11:27:00";"235";"Com vítima";"178,598";"BR-116/RJ";"Decrescente";"Choque";0;0;0;0;0;0;0;0;0;0;0;1;1;0;0
"17/01/2024";"12:17:00";"249";"Com vítima";"2,200";"BR-116/RJ";"Crescente";"Colisão lateral no mesmo sentido";0;0;0;0;0;0;0;0;0;0;0;1;1;0;0
"17/01/2024";"01:05:00";"258";"Com vítima";"184,500";"BR-116/RJ";"Crescente";"Queda de moto";0;0;0;0;0;0;0;0;0;0;0;1;0;0;0
"17/01/2024";"01:25:00";"267";"Com vítima";"665,000";"BR-116/RJ";"Crescente";"Colisão lateral no mesmo sentido";0;0;0;0;0;0;0;0;0;0;1;1;0;0;0
"17/01/2024";"01:34:00";"270";"Com vítima";"410,000";"BR-116/RJ";"Crescente";"Colisão traseira";0;0;0;0;0;0;0;0;0;0;0;1;1;0;0
"17/01/2024";"02:15:00";"282";"Com vítima";"141,000";"BR-116/RJ";"Crescente";"Engavetamento";0;0;0;0;0;0;0;0;0;0;2;7;0;0;0
"17/01/2024";"06:42:00";"328";"Com vítima";"175,345";"BR-116/RJ";"Crescente";"Choque";0;0;0;0;0;0;0;0;0;0;0;1;0;0;0
"17/01/2024";"10:27:00";"54";"Com vítima";"61,000";"BR-116/RJ";"Crescente";"Queda de moto";0;0;0;0;0;0;0;0;0;0;0;1;0;0;0
"18/01/2024";"01:47:00";"125";"Com vítima";"202,872";"BR-116/RJ";"Decrescente";"Colisão lateral no mesmo sentido";0;0;0;0;0;0;0;0;0;0;1;0;1;0;0
"18/01/2024";"04:01:00";"143";"Com vítima";"707,800";"BR-116/RJ";"Decrescente";"Choque";0;0;0;0;0;0;0;0;0;0;0;1;0;0;0
"18/01/2024";"04:19:00";"149";"Com vítima";"88,000";"BR-493/RJ";"Crescente";"Choque";0;0;0;0;0;0;0;0;0;0;0;4;0;0;0
"18/01/2024";"04:33:00";"154";"Com vítima";"414,000";"BR-116/RJ";"Decrescente";"Colisão traseira";0;0;0;0;0;0;0;0;0;0;2;1;0;0;0
"18/01/2024";"06:54:00";"191";"Com vítima";"185,000";"BR-116/RJ";"Decrescente";"Colisão lateral no mesmo sentido";0;0;0;0;0;0;0;0;0;0;1;1;0;0;0
"18/01/2024";"09:31:00";"227";"Com vítima";"745,000";"BR-116/RJ";"Crescente";"Colisão traseira";0;0;0;0;0;0;0;0;0;0;0;1;1;0;0
"18/01/2024";"02:07:00";"298";"Com vítima";"744,600";"BR-116/RJ";"Decrescente";"Colisão lateral no mesmo sentido";0;0;0;0;0;0;0;0;0;0;0;0;3;2;0
"18/01/2024";"03:22:00";"312";"Sem vítima";"88,000";"BR-116/RJ";"Decrescente";"Choque";0;0;0;0;0;0;0;0;0;0;1;0;0;0;0
"18/01/2024";"04:10:00";"325";"Com vítima";"19,500";"BR-493/RJ";"Crescente";"Atropelamento de ciclista";0;0;0;0;0;0;0;0;0;0;1;0;0;0;0
"18/01/2024";"04:30:00";"328";"Com vítima";"112,797";"BR-493/RJ";"Crescente";"Atropelamento de animal";0;0;0;0;0;0;0;0;0;0;0;2;0;0;0
"18/01/2024";"04:51:00";"334";"Com vítima";"54,000";"BR-116/RJ";"Decrescente";"Colisão traseira";0;0;0;0;0;0;0;0;0;0;1;0;0;1;0
"19/01/2024";"02:46:00";"123";"Com vítima";"202,300";"BR-116/RJ";"Crescente";"Tombamento";0;0;0;0;0;0;0;0;0;0;0;1;0;0;0
"19/01/2024";"04:06:00";"140";"Com vítima";"438,000";"BR-116/RJ";"Crescente";"Capotamento";0;0;0;0;0;0;0;0;0;0;0;1;0;0;0
"19/01/2024";"04:50:00";"150";"Sem vítima";"29,000";"BR-116/RJ";"Crescente";"Colisão lateral em sentido contrário";0;0;0;0;0;0;0;0;0;0;2;0;0;0;0
"19/01/2024";"07:00:00";"179";"Com vítima";"171,800";"BR-116/RJ";"Crescente";"Colisão traseira";0;0;0;0;0;0;0;0;0;0;2;1;1;0;0
"19/01/2024";"10:51:00";"239";"Sem vítima";"170,600";"BR-116/RJ";"Decrescente";"Colisão lateral no mesmo sentido";0;0;0;0;0;0;0;0;0;0;2;0;0;0;0
"19/01/2024";"11:02:00";"243";"Sem vítima";"213,000";"BR-116/RJ";"Decrescente";"Colisão traseira";0;0;0;0;0;0;0;0;0;0;5;0;0;0;0
"19/01/2024";"02:39:00";"289";"Com vítima";"0,390";"BR-493/RJ";"Decrescente";"Colisão lateral no mesmo sentido";0;0;0;0;0;0;0;0;0;0;1;1;0;0;0
"19/01/2024";"04:48:00";"314";"Com vítima";"65,446";"BR-493/RJ";"Crescente";"Atropelamento de pedestre";0;0;0;0;0;0;0;0;0;0;1;0;0;0;0
"19/01/2024";"05:56:00";"328";"Sem vítima";"545,136";"BR-116/RJ";"Crescente";"Colisão lateral em sentido contrário";0;0;0;0;0;0;0;0;0;0;2;0;0;0;0
"20/01/2024";"12:31:00";"74";"Com vítima";"625,733";"BR-116/RJ";"Decrescente";"Capotamento";0;0;0;0;0;0;0;0;0;0;0;3;1;0;0
"20/01/2024";"01:21:00";"81";"Com vítima";"466,663";"BR-116/RJ";"Decrescente";"Choque";0;0;0;0;0;0;0;0;0;0;0;0;0;0;1
"20/01/2024";"02:45:00";"92";"Com vítima";"208,320";"BR-116/RJ";"Decrescente";"Choque";0;0;0;0;0;0;0;0;0;0;0;0;1;0;0
"20/01/2024";"06:14:00";"140";"Com vítima";"203,300";"BR-116/RJ";"Decrescente";"Queda de moto";0;0;0;0;0;0;0;0;0;0;0;2;0;0;0
"20/01/2024";"11:26:00";"231";"Com vítima";"17,000";"BR-465/RJ";"Crescente";"Colisão traseira";0;0;0;0;0;0;0;0;0;0;1;1;0;0;0
"20/01/2024";"11:59:00";"238";"Com vítima";"639,000";"BR-116/RJ";"Decrescente";"Colisão lateral em sentido contrário";0;0;0;0;0;0;0;0;0;0;0;1;4;0;0
"20/01/2024";"12:21:00";"245";"Sem vítima";"104,000";"BR-116/RJ";"Crescente";"Choque";0;0;0;0;0;0;0;0;0;0;1;0;0;0;0
"20/01/2024";"01:47:00";"265";"Com vítima";"98,723";"BR-116/RJ";"Crescente";"Queda de moto";0;0;0;0;0;0;0;0;0;0;0;0;2;0;0
"20/01/2024";"02:52:00";"284";"Sem vítima";"108,434";"BR-116/RJ";"Decrescente";"Choque";0;0;0;0;0;0;0;0;0;0;1;0;0;0;0
"20/01/2024";"03:55:00";"292";"Com vítima";"785,676";"BR-116/RJ";"Crescente";"Colisão frontal";0;0;0;0;0;0;0;0;0;0;1;0;1;2;0