data;horario;n_da_ocorrencia;tipo_de_ocorrencia;km;trecho;sentido;tipo_de_acidente;automovel;bicicleta;caminhao;moto;onibus;outros;tracao_animal;transporte_de_cargas_especiais;trator_maquinas;utilitarios;ilesos;levemente_feridos;moderadamente_feridos;gravemente_feridos;mortos
"20/01/2024";"05:36:00";"311";"Com vítima";"173,539";"BR-116/RJ";"Crescente";"Queda de moto";0;0;0;0;0;0;0;0;0;0;1;1;0;0;0
"20/01/2024";"05:56:00";"316";"Com vítima";"15,900";"BR-465/RJ";"Crescente";"Colisão lateral no mesmo sentido";0;0;0;0;0;0;0;0;0;0;1;1;0;0;0
"20/01/2024";"06:59:00";"326";"Com vítima";"3,624";"BR-493/RJ";"Crescente";"Queda de moto";0;0;0;0;0;0;0;0;0;0;0;0;1;0;0
"20/01/2024";"10:05:00";"11";"Com vítima";"116,337";"BR-116/RJ";"Crescente";"Choque";0;0;0;0;0;0;0;0;0;0;4;2;0;0;0
"21/01/2024";"12:13:00";"35";"Com vítima";"205,000";"BR-116/RJ";"Decrescente";"Queda de moto";0;0;0;0;0;0;0;0;0;0;0;4;0;0;0
"21/01/2024";"01:35:00";"49";"Com vítima";"15,000";"BR-465/RJ";"Crescente";"Queda de moto";0;0;0;0;0;0;0;0;0;0;1;0;0;1;0
"21/01/2024";"02:03:00";"51";"Sem vítima";"133,877";"BR-116/RJ";"Decrescente";"Colisão frontal";0;0;0;0;0;0;0;0;0;0;3;0;0;0;0
"21/01/2024";"08:51:00";"170";"Com vítima";"141,000";"BR-116/RJ";"Decrescente";"Colisão lateral no mesmo sentido";0;0;0;0;0;0;0;0;0;0;1;0;1;0;0
"21/01/2024";"09:08:00";"174";"Com vítima";"57,000";"BR-116/RJ";"Crescente";"Colisão traseira";0;0;0;0;0;0;0;0;0;0;1;0;1;0;0
"21/01/2024";"10:29:00";"190";"Com vítima";"181,200";"BR-116/RJ";"Crescente";"Choque";0;0;0;0;0;0;0;0;0;0;0;2;0;0;0
"21/01/2024";"11:23:00";"206";"Com vítima";"103,000";"BR-116/RJ";"Crescente";"Choque";0;0;0;0;0;0;0;0;0;0;0;3;0;0;0
"21/01/2024";"01:17:00";"237";"Com vítima";"666,100";"BR-116/RJ";"Decrescente";"Colisão traseira";0;0;0;0;0;0;0;0;0;0;0;2;0;0;0
"21/01/2024";"01:49:00";"255";"Com vítima";"210,200";"BR-116/RJ";"Decrescente";"Colisão traseira";0;0;0;0;0;0;0;0;0;0;1;2;0;0;0
"21/01/2024";"01:52:00";"256";"Sem vítima";"108,000";"BR-116/RJ";"Decrescente";"Colisão transversal";0;0;0;0;0;0;0;0;0;0;4;0;0;0;0
"21/01/2024";"01:59:00";"259";"Com vítima";"499,000";"BR-116/RJ";"Decrescente";"Colisão frontal";0;0;0;0;0;0;0;0;0;0;0;5;0;0;0
"21/01/2024";"03:50:00";"284";"Com vítima";"634,956";"BR-116/RJ";"Decrescente";"Queda de moto";0;0;0;0;0;0;0;0;0;0;0;0;1;0;0
"21/01/2024";"05:34:00";"304";"Sem vítima";"117,786";"BR-116/RJ";"Decrescente";"Choque";0;0;0;0;0;0;0;0;0;0;4;0;0;0;0
"21/01/2024";"05:49:00";"305";"Sem vítima";"10,357";"BR-493/RJ";"Crescente";"Choque";0;0;0;0;0;0;0;0;0;0;4;0;0;0;0
"21/01/2024";"06:36:00";"308";"Com vítima";"17,000";"BR-465/RJ";"Crescente";"Colisão frontal";0;0;0;0;0;0;0;0;0;0;1;1;0;0;0
"22/01/2024";"03:14:00";"114";"Sem vítima";"172,000";"BR-116/RJ";"Decrescente";"Colisão lateral no mesmo sentido";0;0;0;0;0;0;0;0;0;0;2;0;0;0;0
"22/01/2024";"04:02:00";"123";"Sem vítima";"204,000";"BR-116/RJ";"Decrescente";"Choque";0;0;0;0;0;0;0;0;0;0;1;0;0;0;0
"22/01/2024";"04:06:00";"125";"Com vítima";"78,850";"BR-116/RJ";"Decrescente";"Choque";0;0;0;0;0;0;0;0;0;0;0;1;0;0;0
"22/01/2024";"04:21:00";"129";"Com vítima";"198,000";"BR-116/RJ";"Crescente";"Colisão transversal";0;0;0;0;0;0;0;0;0;0;1;1;0;0;0
"22/01/2024";"04:34:00";"134";"Com vítima";"584,000";"BR-116/RJ";"Crescente";"Atropelamento de animal";0;0;0;0;0;0;0;0;0;0;0;1;0;0;0
"22/01/2024";"05:03:00";"145";"Com vítima";"174,000";"BR-116/RJ";"Decrescente";"Colisão lateral no mesmo sentido";0;0;0;0;0;0;0;0;0;0;1;0;2;0;0
"22/01/2024";"07:23:00";"176";"Com vítima";"410,000";"BR-116/RJ";"Decrescente";"Queda de moto";0;0;0;0;0;0;0;0;0;0;0;0;1;0;0
"22/01/2024";"07:29:00";"177";"Sem vítima";"135,000";"BR-116/RJ";"Decrescente";"Colisão lateral no mesmo sentido";0;0;0;0;0;0;0;0;0;0;2;0;0;0;0
"22/01/2024";"07:43:00";"190";"Com vítima";"135,000";"BR-116/RJ";"Decrescente";"Colisão traseira";0;0;0;0;0;0;0;0;0;0;2;1;0;0;0
"22/01/2024";"08:05:00";"191";"Com vítima";"184,000";"BR-116/RJ";"Crescente";"Queda de moto";0;0;0;0;0;0;0;0;0;0;0;1;0;0;0
"22/01/2024";"09:54:00";"219";"Com vítima";"207,135";"BR-116/RJ";"Decrescente";"Colisão lateral no mesmo sentido";0;0;0;0;0;0;0;0;0;0;1;0;1;0;0
"22/01/2024";"09:55:00";"220";"Com vítima";"782,000";"BR-116/RJ";"Decrescente";"Choque";0;0;0;0;0;0;0;0;0;0;0;1;0;0;0
"22/01/2024";"12:38:00";"251";"Com vítima";"98,718";"BR-116/RJ";"Decrescente";"Colisão lateral em sentido contrário";0;0;0;0;0;0;0;0;0;0;0;1;0;1;0
"22/01/2024";"02:09:00";"266";"Com vítima";"97,284";"BR-493/RJ";"Crescente";"Colisão traseira";0;0;0;0;0;0;0;0;0;0;1;1;2;0;0
"22/01/2024";"02:28:00";"269";"Com vítima";"71,600";"BR-116/RJ";"Crescente";"Queda de moto";0;0;0;0;0;0;0;0;0;0;0;2;0;0;0
"22/01/2024";"03:02:00";"278";"Sem vítima";"145,800";"BR-116/RJ";"Crescente";"Choque";0;0;0;0;0;0;0;0;0;0;1;0;0;0;0
"22/01/2024";"03:32:00";"289";"Com vítima";"104,000";"BR-116/RJ";"Decrescente";"Choque";0;0;0;0;0;0;0;0;0;0;0;3;0;0;0
"22/01/2024";"08:21:00";"330";"Com vítima";"483,400";"BR-116/RJ";"Crescente";"Choque";0;0;0;0;0;0;0;0;0;0;0;2;0;0;0
"22/01/2024";"11:20:00";"38";"Sem vítima";"458,000";"BR-116/RJ";"Decrescente";"Choque";0;0;0;0;0;0;0;0;0;0;1;0;0;0;0
"23/01/2024";"06:37:00";"163";"Com vítima";"137,000";"BR-116/RJ";"Decrescente";"Colisão lateral no mesmo sentido";0;0;0;0;0;0;0;0;0;0;1;3;0;0;0
"23/01/2024";"07:06:00";"172";"Com vítima";"180,000";"BR-116/RJ";"Decrescente";"Colisão traseira";0;0;0;0;0;0;0;0;0;0;1;1;0;0;0
"23/01/2024";"07:48:00";"184";"Com vítima";"148,000";"BR-116/RJ";"Crescente";"Queda de moto";0;0;0;0;0;0;0;0;0;0;0;1;1;0;0
"23/01/2024";"08:25:00";"191";"Sem vítima";"186,000";"BR-116/RJ";"Crescente";"Colisão traseira";0;0;0;0;0;0;0;0;0;0;3;0;0;0;0
"23/01/2024";"08:33:00";"193";"Com vítima";"449,000";"BR-116/RJ";"Crescente";"Choque";0;0;0;0;0;0;0;0;0;0;0;1;0;0;0
"23/01/2024";"08:45:00";"200";"Com vítima";"21,700";"BR-465/RJ";"Decrescente";"Colisão transversal";0;0;0;0;0;0;0;0;0;0;0;1;1;0;0
"23/01/2024";"10:27:00";"214";"Sem vítima";"178,000";"BR-116/RJ";"Crescente";"Colisão lateral no mesmo sentido";0;0;0;0;0;0;0;0;0;0;3;0;0;0;0
"23/01/2024";"11:20:00";"224";"Sem vítima";"182,000";"BR-116/RJ";"Decrescente";"Colisão lateral no mesmo sentido";0;0;0;0;0;0;0;0;0;0;2;0;0;0;0
"23/01/2024";"01:09:00";"252";"Com vítima";"412,889";"BR-116/RJ";"Decrescente";"Colisão traseira";0;0;0;0;0;0;0;0;0;0;0;2;0;0;0
"23/01/2024";"01:43:00";"261";"Sem vítima";"97,000";"BR-493/RJ";"Decrescente";"Saída de pista";0;0;0;0;0;0;0;0;0;0;1;0;0;0;0
"23/01/2024";"02:32:00";"272";"Com vítima";"51,652";"BR-493/RJ";"Crescente";"Choque";0;0;0;0;0;0;0;0;0;0;0;1;0;0;0
"23/01/2024";"03:35:00";"281";"Com vítima";"667,599";"BR-116/RJ";"Decrescente";"Saída de pista";0;0;0;0;0;0;0;0;0;0;0;2;0;0;0
"23/01/2024";"04:20:00";"291";"Com vítima";"180,640";"BR-116/RJ";"Decrescente";"Queda de moto";0;0;0;0;0;0;0;0;0;0;0;1;0;0;0
"23/01/2024";"04:32:00";"296";"Com vítima";"480,130";"BR-116/RJ";"Decrescente";"Colisão traseira";0;0;0;0;0;0;0;0;0;0;0;3;0;0;0
"23/01/2024";"05:00:00";"304";"Com vítima";"68,816";"BR-116/RJ";"Decrescente";"Colisão transversal";0;0;0;0;0;0;0;0;0;0;0;2;2;0;0
"23/01/2024";"06:25:00";"314";"Com vítima";"17,314";"BR-493/RJ";"Decrescente";"Capotamento";0;0;0;0;0;0;0;0;0;0;0;3;0;0;0
"23/01/2024";"09:00:00";"5";"Sem vítima";"185,000";"BR-116/RJ";"Crescente";"Choque";0;0;0;0;0;0;0;0;0;0;1;0;0;0;0
"23/01/2024";"09:00:00";"7";"Com vítima";"507,640";"BR-116/RJ";"Crescente";"Colisão lateral em sentido contrário";0;0;0;0;0;0;0;0;0;0;0;2;0;0;0
"23/01/2024";"09:00:00";"9";"Com vítima";"41,400";"BR-116/RJ";"Decrescente";"Queda de moto";0;0;0;0;0;0;0;0;0;0;0;1;1;0;0
"23/01/2024";"09:00:00";"10";"Sem vítima";"97,799";"BR-116/RJ";"Crescente";"Choque";0;0;0;0;0;0;0;0;0;0;2;0;0;0;0
"24/01/2024";"04:53:00";"132";"Com vítima";"416,000";"BR-116/RJ";"Decrescente";"Colisão transversal";0;0;0;0;0;0;0;0;0;0;1;0;1;0;0
"24/01/2024";"07:01:00";"182";"Com vítima";"194,000";"BR-116/RJ";"Decrescente";"Colisão traseira";0;0;0;0;0;0;0;0;0;0;0;1;1;0;0
"24/01/2024";"08:16:00";"208";"Com vítima";"141,000";"BR-116/RJ";"Decrescente";"Colisão traseira";0;0;0;0;0;0;0;0;0;0;1;2;0;0;0
"24/01/2024";"01:58:00";"279";"Com vítima";"628,000";"BR-116/RJ";"Decrescente";"Queda de moto";0;0;0;0;0;0;0;0;0;0;0;2;0;0;0
"24/01/2024";"02:18:00";"283";"Com vítima";"412,000";"BR-116/RJ";"Crescente";"Colisão traseira";0;0;0;0;0;0;0;0;0;0;0;2;0;0;0
"24/01/2024";"02:32:00";"285";"Com vítima";"175,000";"BR-116/RJ";"Crescente";"Colisão lateral no mesmo sentido";0;0;0;0;0;0;0;0;0;0;2;1;0;0;0
"24/01/2024";"03:12:00";"290";"Com vítima";"3,621";"BR-493/RJ";"Decrescente";"Choque";0;0;0;0;0;0;0;0;0;0;1;1;0;0;0
"24/01/2024";"04:18:00";"304";"Com vítima";"77,951";"BR-116/RJ";"Crescente";"Queda de moto";0;0;0;0;0;0;0;0;0;0;0;1;0;0;0
"25/01/2024";"05:36:00";"147";"Com vítima";"186,000";"BR-116/RJ";"Decrescente";"Colisão lateral no mesmo sentido";0;0;0;0;0;0;0;0;0;0;1;1;0;0;0
"25/01/2024";"06:04:00";"156";"Com vítima";"186,000";"BR-116/RJ";"Decrescente";"Queda de moto";0;0;0;0;0;0;0;0;0;0;0;1;0;0;0
"25/01/2024";"06:16:00";"162";"Com vítima";"606,000";"BR-116/RJ";"Decrescente";"Colisão traseira";0;0;0;0;0;0;0;0;0;0;0;2;0;0;0
"25/01/2024";"06:26:00";"169";"Com vítima";"22,000";"BR-493/RJ";"Decrescente";"Engavetamento";0;0;0;0;0;0;0;0;0;0;1;3;0;0;0
"25/01/2024";"07:59:00";"188";"Sem vítima";"86,000";"BR-493/RJ";"Crescente";"Colisão lateral no mesmo sentido";0;0;0;0;0;0;0;0;0;0;2;0;0;0;0
"25/01/2024";"11:03:00";"229";"Com vítima";"118,000";"BR-116/RJ";"Decrescente";"Colisão traseira";0;0;0;0;0;0;0;0;0;0;0;2;0;0;0
"25/01/2024";"12:04:00";"240";"Com vítima";"786,000";"BR-116/RJ";"Crescente";"Choque";0;0;0;0;0;0;0;0;0;0;0;1;0;0;0
"25/01/2024";"05:16:00";"301";"Sem vítima";"181,633";"BR-116/RJ";"Crescente";"Colisão traseira";0;0;0;0;0;0;0;0;0;0;2;0;0;0;0
"25/01/2024";"07:09:00";"320";"Com vítima";"5,291";"BR-465/RJ";"Decrescente";"Colisão lateral em sentido contrário";0;0;0;0;0;0;0;0;0;0;1;0;1;0;0
"25/01/2024";"09:58:00";"43";"Com vítima";"17,408";"BR-493/RJ";"Decrescente";"Capotamento";0;0;0;0;0;0;0;0;0;0;0;3;0;0;0
"25/01/2024";"10:29:00";"50";"Com vítima";"172,455";"BR-116/RJ";"Crescente";"Colisão lateral no mesmo sentido";0;0;0;0;0;0;0;0;0;0;1;0;0;1;0
"25/01/2024";"10:42:00";"52";"Com vítima";"172,452";"BR-116/RJ";"Crescente";"Colisão traseira";0;0;0;0;0;0;0;0;0;0;2;0;1;0;0
"25/01/2024";"11:13:00";"60";"Com vítima";"731,814";"BR-116/RJ";"Decrescente";"Atropelamento de animal";0;0;0;0;0;0;0;0;0;0;2;0;0;0;0
"26/01/2024";"12:03:00";"79";"Com vítima";"412,420";"BR-116/RJ";"Decrescente";"Colisão lateral no mesmo sentido";0;0;0;0;0;0;0;0;0;0;0;2;0;0;0
"26/01/2024";"02:02:00";"123";"Sem vítima";"181,005";"BR-116/RJ";"Decrescente";"Colisão lateral no mesmo sentido";0;0;0;0;0;0;0;0;0;0;3;0;0;0;0
"26/01/2024";"05:02:00";"158";"Com vítima";"132,000";"BR-116/RJ";"Crescente";"Choque";0;0;0;0;0;0;0;0;0;0;0;1;0;0;0
"26/01/2024";"08:08:00";"203";"Com vítima";"765,000";"BR-116/RJ";"Crescente";"Colisão transversal";0;0;0;0;0;0;0;0;0;0;0;1;1;0;0
"26/01/2024";"09:23:00";"217";"Com vítima";"532,000";"BR-116/RJ";"Decrescente";"Colisão traseira";0;0;0;0;0;0;0;0;0;0;1;1;0;0;0
"26/01/2024";"10:52:00";"232";"Sem vítima";"179,000";"BR-116/RJ";"Crescente";"Choque";0;0;0;0;0;0;0;0;0;0;1;0;0;0;0
"26/01/2024";"12:07:00";"247";"Sem vítima";"528,000";"BR-116/RJ";"Crescente";"Colisão traseira";0;0;0;0;0;0;0;0;0;0;2;0;0;0;0
"26/01/2024";"01:36:00";"269";"Com vítima";"525,895";"BR-116/RJ";"Decrescente";"Colisão lateral no mesmo sentido";0;0;0;0;0;0;0;0;0;0;1;1;0;0;0
"26/01/2024";"03:21:00";"296";"Com vítima";"14,000";"BR-465/RJ";"Crescente";"Colisão lateral em sentido contrário";0;0;0;0;0;0;0;0;0;0;1;1;1;0;0
"26/01/2024";"04:02:00";"307";"Com vítima";"108,000";"BR-116/RJ";"Decrescente";"Queda de moto";0;0;0;0;0;0;0;0;0;0;0;0;1;0;0
"26/01/2024";"05:11:00";"317";"Sem vítima";"174,000";"BR-116/RJ";"Crescente";"Colisão traseira";0;0;0;0;0;0;0;0;0;0;2;0;0;0;0
"26/01/2024";"06:05:00";"326";"Sem vítima";"179,000";"BR-116/RJ";"Crescente";"Colisão traseira";0;0;0;0;0;0;0;0;0;0;2;0;0;0;0
"26/01/2024";"06:29:00";"332";"Com vítima";"69,000";"BR-116/RJ";"Decrescente";"Choque";0;0;0;0;0;0;0;0;0;0;0;1;0;0;0
"26/01/2024";"07:07:00";"343";"Com vítima";"442,950";"BR-116/RJ";"Crescente";"Atropelamento de animal";0;0;0;0;0;0;0;0;0;0;1;0;0;0;0
"26/01/2024";"08:19:00";"354";"Com vítima";"213,000";"BR-116/RJ";"Decrescente";"Atropelamento de ciclista";0;0;0;0;0;0;0;0;0;0;2;0;0;0;0
"26/01/2024";"11:37:00";"53";"Com vítima";"577,108";"BR-116/RJ";"Decrescente";"Choque";0;0;0;0;0;0;0;0;0;0;0;1;0;0;0
"27/01/2024";"12:30:00";"56";"Com vítima";"102,500";"BR-116/RJ";"Decrescente";"Choque";0;0;0;0;0;0;0;0;0;0;0;1;0;0;0
"27/01/2024";"02:43:00";"68";"Com vítima";"410,415";"BR-116/RJ";"Crescente";"Queda de moto";0;0;0;0;0;0;0;0;0;0;0;1;0;0;0
"27/01/2024";"08:17:00";"116";"Com vítima";"174,000";"BR-116/RJ";"Decrescente";"Colisão traseira";0;0;0;0;0;0;0;0;0;0;0;2;0;0;0
"27/01/2024";"09:28:00";"132";"Com vítima";"199,000";"BR-116/RJ";"Crescente";"Queda de moto";0;0;0;0;0;0;0;0;0;0;0;1;0;0;0
"27/01/2024";"09:47:00";"137";"Com vítima";"779,000";"BR-116/RJ";"Decrescente";"Colisão lateral no mesmo sentido";0;0;0;0;0;0;0;0;0;0;0;3;0;0;0
"27/01/2024";"12:21:00";"161";"Com vítima";"645,000";"BR-116/RJ";"Decrescente";"Colisão traseira";0;0;0;0;0;0;0;0;0;0;0;1;1;0;0
"27/01/2024";"12:53:00";"165";"Com vítima";"174,648";"BR-116/RJ";"Decrescente";"Choque";0;0;0;0;0;0;0;0;0;0;0;1;0;0;0
"27/01/2024";"04:18:00";"192";"Sem vítima";"175,800";"BR-116/RJ";"Crescente";"Queda de moto";0;0;0;0;0;0;0;0;0;0;1;0;0;0;0
"27/01/2024";"04:57:00";"202";"Com vítima";"804,320";"BR-116/RJ";"Crescente";"Queda de moto";0;0;0;0;0;0;0;0;0;0;0;0;1;0;0
"27/01/2024";"08:09:00";"227";"Com vítima";"4,147";"BR-465/RJ";"Decrescente";"Choque";0;0;0;0;0;0;0;0;0;0;1;7;0;0;0
"27/01/2024";"08:38:00";"229";"Sem vítima";"20,601";"BR-116/RJ";"Crescente";"Capotamento";0;0;0;0;0;0;0;0;0;0;3;0;0;0;0
"27/01/2024";"08:50:00";"232";"Com vítima";"143,045";"BR-116/RJ";"Crescente";"Queda de moto";0;0;0;0;0;0;0;0;0;0;0;0;1;0;0
"27/01/2024";"09:46:00";"12";"Com vítima";"534,932";"BR-116/RJ";"Crescente";"Colisão lateral em sentido contrário";0;0;0;0;0;0;0;0;0;0;0;5;0;0;0
"27/01/2024";"09:47:00";"13";"Com vítima";"117,195";"BR-116/RJ";"Crescente";"Capotamento";0;0;0;0;0;0;0;0;0;0;0;0;0;1;0
"28/01/2024";"12:26:00";"27";"Com vítima";"0,038";"BR-493/RJ";"Crescente";"Colisão lateral em sentido contrário";0;0;0;0;0;0;0;0;0;0;1;0;1;0;0
"28/01/2024";"02:01:00";"52";"Sem vítima";"136,594";"BR-116/RJ";"Decrescente";"Choque";0;0;0;0;0;0;0;0;0;0;1;0;0;0;0
"28/01/2024";"03:22:00";"60";"Com vítima";"70,000";"BR-116/RJ";"Crescente";"Colisão lateral em sentido contrário";0;0;0;0;0;0;0;0;0;0;0;7;0;0;0
"28/01/2024";"04:43:00";"69";"Com vítima";"108,000";"BR-116/RJ";"Decrescente";"Colisão traseira";0;0;0;0;0;0;0;0;0;0;0;4;0;0;0
"28/01/2024";"08:06:00";"99";"Com vítima";"83,000";"BR-493/RJ";"Crescente";"Queda de moto";0;0;0;0;0;0;0;0;0;0;0;1;1;0;0
"28/01/2024";"11:12:00";"134";"Com vítima";"634,524";"BR-116/RJ";"Crescente";"Colisão transversal";0;0;0;0;0;0;0;0;0;0;0;3;1;0;0
"28/01/2024";"12:44:00";"151";"Com vítima";"514,940";"BR-116/RJ";"Decrescente";"Tombamento";0;0;0;0;0;0;0;0;0;0;0;0;1;0;0
"28/01/2024";"01:53:00";"165";"Com vítima";"212,000";"BR-116/RJ";"Decrescente";"Saída de pista";0;0;0;0;0;0;0;0;0;0;0;1;0;0;0
"28/01/2024";"03:31:00";"186";"Sem vítima";"192,000";"BR-116/RJ";"Decrescente";"Choque";0;0;0;0;0;0;0;0;0;0;1;0;0;0;0
"28/01/2024";"04:32:00";"203";"Com vítima";"627,498";"BR-116/RJ";"Decrescente";"Atropelamento de pedestre";0;0;0;0;0;0;0;0;0;0;1;0;0;0;0
"28/01/2024";"05:19:00";"211";"Com vítima";"0,346";"BR-493/RJ";"Crescente";"Colisão frontal";0;0;0;0;0;0;0;0;0;0;1;2;0;0;0
"28/01/2024";"05:21:00";"212";"Sem vítima";"96,000";"BR-493/RJ";"Decrescente";"Choque";0;0;0;0;0;0;0;0;0;0;4;0;0;0;0
"28/01/2024";"05:27:00";"216";"Sem vítima";"15,100";"BR-465/RJ";"Decrescente";"Colisão lateral em sentido contrário";0;0;0;0;0;0;0;0;0;0;2;0;0;0;0
"28/01/2024";"06:23:00";"227";"Com vítima";"21,192";"BR-465/RJ";"Crescente";"Colisão traseira";0;0;0;0;0;0;0;0;0;0;3;0;1;0;0
"29/01/2024";"04:55:00";"160";"Com vítima";"505,000";"BR-116/RJ";"Crescente";"Queda de moto";0;0;0;0;0;0;0;0;0;0;0;2;0;0;0
"29/01/2024";"05:19:00";"175";"Com vítima";"57,400";"BR-116/RJ";"Decrescente";"Colisão lateral no mesmo sentido";0;0;0;0;0;0;0;0;0;0;0;2;0;0;0
"29/01/2024";"07:00:00";"200";"Com vítima";"199,000";"BR-116/RJ";"Crescente";"Atropelamento de animal";0;0;0;0;0;0;0;0;0;0;0;2;0;0;0
"29/01/2024";"09:51:00";"266";"Com vítima";"592,500";"BR-116/RJ";"Crescente";"Choque";0;0;0;0;0;0;0;0;0;0;0;2;0;0;0
"29/01/2024";"01:19:00";"316";"Com vítima";"772,000";"BR-116/RJ";"Decrescente";"Colisão lateral no mesmo sentido";0;0;0;0;0;0;0;0;0;0;0;2;1;0;0
"29/01/2024";"02:03:00";"330";"Com vítima";"468,410";"BR-116/RJ";"Decrescente";"Choque";0;0;0;0;0;0;0;0;0;0;0;5;0;0;0
"29/01/2024";"06:42:00";"390";"Sem vítima";"30,200";"BR-116/RJ";"Crescente";"Choque";0;0;0;0;0;0;0;0;0;0;1;0;0;0;0
"29/01/2024";"08:34:00";"405";"Sem vítima";"424,903";"BR-116/RJ";"Decrescente";"Choque";0;0;0;0;0;0;0;0;0;0;3;0;0;0;0
"30/01/2024";"03:47:00";"103";"Com vítima";"1,000";"BR-493/RJ";"Crescente";"Colisão traseira";0;0;0;0;0;0;0;0;0;0;0;2;0;0;0
"30/01/2024";"04:09:00";"112";"Com vítima";"170,000";"BR-116/RJ";"Decrescente";"Queda de moto";0;0;0;0;0;0;0;0;0;0;1;0;0;1;0
"30/01/2024";"04:16:00";"115";"Com vítima";"1,700";"BR-465/RJ";"Crescente";"Atropelamento de pedestre";0;0;0;0;0;0;0;0;0;0;2;0;1;0;0
"30/01/2024";"04:23:00";"117";"Com vítima";"810,000";"BR-116/RJ";"Decrescente";"Queda de moto";0;0;0;0;0;0;0;0;0;0;1;1;0;0;0
"30/01/2024";"05:21:00";"141";"Com vítima";"103,000";"BR-116/RJ";"Decrescente";"Queda de moto";0;0;0;0;0;0;0;0;0;0;0;1;0;0;0
"30/01/2024";"06:45:00";"166";"Com vítima";"171,000";"BR-116/RJ";"Decrescente";"Queda de moto";0;0;0;0;0;0;0;0;0;0;0;2;0;0;0
"30/01/2024";"10:30:00";"224";"Com vítima";"146,000";"BR-116/RJ";"Crescente";"Queda de moto";0;0;0;0;0;0;0;0;0;0;0;2;0;0;0
"30/01/2024";"11:36:00";"241";"Com vítima";"536,070";"BR-116/RJ";"Crescente";"Colisão traseira";0;0;0;0;0;0;0;0;0;0;4;0;4;0;0
"30/01/2024";"11:41:00";"243";"Sem vítima";"71,000";"BR-493/RJ";"Decrescente";"Saída de pista";0;0;0;0;0;0;0;0;0;0;1;0;0;0;0
"30/01/2024";"03:28:00";"292";"Com vítima";"91,781";"BR-493/RJ";"Decrescente";"Queda de moto";0;0;0;0;0;0;0;0;0;0;0;2;0;0;0
"30/01/2024";"04:47:00";"308";"Com vítima";"182,050";"BR-116/RJ";"Decrescente";"Colisão traseira";0;0;0;0;0;0;0;0;0;0;1;2;1;0;0
"30/01/2024";"06:54:00";"330";"Com vítima";"665,227";"BR-116/RJ";"Decrescente";"Choque";0;0;0;0;0;0;0;0;0;0;0;0;1;0;0
"30/01/2024";"07:35:00";"332";"Sem vítima";"411,192";"BR-116/RJ";"Crescente";"Choque";0;0;0;0;0;0;0;0;0;0;1;0;0;0;0
"30/01/2024";"08:03:00";"336";"Sem vítima";"109,925";"BR-493/RJ";"Crescente";"Atropelamento de animal";0;0;0;0;0;0;0;0;0;0;3;0;0;0;0
"30/01/2024";"09:47:00";"9";"Sem vítima";"115,000";"BR-116/RJ";"Decrescente";"Choque";0;0;0;0;0;0;0;0;0;0;1;0;0;0;0
"31/01/2024";"04:41:00";"140";"Com vítima";"191,000";"BR-116/RJ";"Decrescente";"Engavetamento";0;0;0;0;0;0;0;0;0;0;2;2;0;0;0
"31/01/2024";"08:27:00";"196";"Com vítima";"694,000";"BR-116/RJ";"Crescente";"Atropelamento de animal";0;0;0;0;0;0;0;0;0;0;2;0;0;0;0
"31/01/2024";"01:57:00";"269";"Com vítima";"100,000";"BR-116/RJ";"Crescente";"Choque";0;0;0;0;0;0;0;0;0;0;0;1;0;0;0
"31/01/2024";"02:02:00";"271";"Sem vítima";"712,061";"BR-116/RJ";"Decrescente";"Colisão traseira";0;0;0;0;0;0;0;0;0;0;2;0;0;0;0
"31/01/2024";"03:41:00";"285";"Com vítima";"55,000";"BR-116/RJ";"Decrescente";"Choque";0;0;0;0;0;0;0;0;0;0;0;2;0;0;0
"31/01/2024";"03:53:00";"287";"Com vítima";"135,000";"BR-116/RJ";"Crescente";"Choque";0;0;0;0;0;0;0;0;0;0;1;3;0;0;0
"31/01/2024";"04:28:00";"298";"Sem vítima";"42,200";"BR-116/RJ";"Crescente";"Choque";0;0;0;0;0;0;0;0;0;0;1;0;0;0;0
"31/01/2024";"05:33:00";"316";"Com vítima";"181,635";"BR-116/RJ";"Crescente";"Queda de moto";0;0;0;0;0;0;0;0;0;0;0;1;0;0;0
"31/01/2024";"07:32:00";"333";"Com vítima";"181,262";"BR-116/RJ";"Crescente";"Colisão traseira";0;0;0;0;0;0;0;0;0;0;0;3;0;0;0
"01/02/2024";"03:57:00";"125";"Com vítima";"144,000";"BR-116/RJ";"Crescente";"Choque";0;0;0;0;0;0;0;0;0;0;0;1;0;0;0