data;horario;n_da_ocorrencia;tipo_de_ocorrencia;km;trecho;sentido;tipo_de_acidente;automovel;bicicleta;caminhao;moto;onibus;outros;tracao_animal;transporte_de_cargas_especiais;trator_maquinas;utilitarios;ilesos;levemente_feridos;moderadamente_feridos;gravemente_feridos;mortos
"01/02/2024";"04:01:00";"127";"Com vítima";"531,380";"BR-116/RJ";"Decrescente";"Atropelamento de animal";0;0;0;0;0;0;0;0;0;0;0;0;1;0;0
"01/02/2024";"04:16:00";"129";"Com vítima";"614,000";"BR-116/RJ";"Decrescente";"Queda de moto";0;0;0;0;0;0;0;0;0;0;0;0;0;1;0
"01/02/2024";"07:13:00";"182";"Sem vítima";"765,000";"BR-116/RJ";"Crescente";"Colisão transversal";0;0;0;0;0;0;0;0;0;0;2;0;0;0;0
"01/02/2024";"07:21:00";"184";"Com vítima";"750,910";"BR-116/RJ";"Crescente";"Colisão transversal";0;0;0;0;0;0;0;0;0;0;1;1;0;1;0
"01/02/2024";"09:53:00";"221";"Com vítima";"109,000";"BR-116/RJ";"Crescente";"Choque";0;0;0;0;0;0;0;0;0;0;0;2;0;0;0
"01/02/2024";"11:16:00";"235";"Com vítima";"2,000";"BR-493/RJ";"Decrescente";"Colisão traseira";0;0;0;0;0;0;0;0;0;0;0;2;0;0;0
"01/02/2024";"12:03:00";"244";"Com vítima";"23,000";"BR-116/RJ";"Crescente";"Choque";0;0;0;0;0;0;0;0;0;0;1;1;0;0;0
"01/02/2024";"12:20:00";"250";"Sem vítima";"176,000";"BR-116/RJ";"Decrescente";"Colisão traseira";0;0;0;0;0;0;0;0;0;0;2;0;0;0;0
"01/02/2024";"01:21:00";"271";"Sem vítima";"8,000";"BR-465/RJ";"Crescente";"Colisão traseira";0;0;0;0;0;0;0;0;0;0;2;0;0;0;0
"01/02/2024";"04:04:00";"304";"Com vítima";"103,661";"BR-116/RJ";"Decrescente";"Choque";0;0;0;0;0;0;0;0;0;0;0;2;0;0;0
"01/02/2024";"04:15:00";"309";"Sem vítima";"502,700";"BR-116/RJ";"Crescente";"Choque";0;0;0;0;0;0;0;0;0;0;1;0;0;0;0
"01/02/2024";"05:10:00";"319";"Sem vítima";"179,800";"BR-116/RJ";"Crescente";"Colisão traseira";0;0;0;0;0;0;0;0;0;0;2;0;0;0;0
"01/02/2024";"05:12:00";"320";"Sem vítima";"527,000";"BR-116/RJ";"Decrescente";"Choque";0;0;0;0;0;0;0;0;0;0;1;0;0;0;0
"01/02/2024";"05:59:00";"327";"Sem vítima";"654,000";"BR-116/RJ";"Decrescente";"Colisão traseira";0;0;0;0;0;0;0;0;0;0;2;0;0;0;0
"01/02/2024";"10:09:00";"27";"Com vítima";"186,000";"BR-116/RJ";"Decrescente";"Queda de moto";0;0;0;0;0;0;0;0;0;0;0;1;0;0;0
"02/02/2024";"03:13:00";"103";"Sem vítima";"176,000";"BR-116/RJ";"Decrescente";"Colisão lateral no mesmo sentido";0;0;0;0;0;0;0;0;0;0;2;0;0;0;0
"02/02/2024";"04:38:00";"131";"Com vítima";"143,000";"BR-116/RJ";"Crescente";"Colisão lateral no mesmo sentido";0;0;0;0;0;0;0;0;0;0;0;2;0;0;0
"02/02/2024";"04:50:00";"128";"Com vítima";"13,900";"BR-116/RJ";"Decrescente";"Choque";0;0;0;0;0;0;0;0;0;0;0;1;0;0;0
"02/02/2024";"05:53:00";"150";"Com vítima";"131,650";"BR-116/RJ";"Decrescente";"Choque";0;0;0;0;0;0;0;0;0;0;0;2;0;0;0
"02/02/2024";"07:16:00";"179";"Sem vítima";"5,000";"BR-465/RJ";"Decrescente";"Colisão lateral em sentido contrário";0;0;0;0;0;0;0;0;0;0;2;0;0;0;0
"02/02/2024";"08:07:00";"194";"Com vítima";"21,800";"BR-465/RJ";"Crescente";"Colisão lateral no mesmo sentido";0;0;0;0;0;0;0;0;0;0;1;1;0;0;0
"02/02/2024";"08:29:00";"202";"Sem vítima";"173,000";"BR-116/RJ";"Crescente";"Colisão lateral no mesmo sentido";0;0;0;0;0;0;0;0;0;0;2;0;0;0;0
"02/02/2024";"08:44:00";"206";"Com vítima";"649,000";"BR-116/RJ";"Decrescente";"Colisão lateral em sentido contrário";0;0;0;0;0;0;0;0;0;0;0;1;3;0;0
"02/02/2024";"09:49:00";"214";"Com vítima";"102,200";"BR-116/RJ";"Crescente";"Tombamento";0;0;0;0;0;0;0;0;0;0;0;1;0;0;0
"02/02/2024";"10:14:00";"221";"Com vítima";"771,000";"BR-116/RJ";"Decrescente";"Queda de moto";0;0;0;0;0;0;0;0;0;0;0;0;0;1;0
"02/02/2024";"10:34:00";"227";"Sem vítima";"171,700";"BR-116/RJ";"Crescente";"Colisão traseira";0;0;0;0;0;0;0;0;0;0;2;0;0;0;0
"02/02/2024";"11:21:00";"236";"Com vítima";"137,000";"BR-116/RJ";"Decrescente";"Colisão lateral no mesmo sentido";0;0;0;0;0;0;0;0;0;0;0;2;0;0;0
"02/02/2024";"12:34:00";"255";"Com vítima";"20,000";"BR-465/RJ";"Crescente";"Colisão lateral em sentido contrário";0;0;0;0;0;0;0;0;0;0;1;1;0;0;0
"02/02/2024";"01:29:00";"275";"Com vítima";"807,241";"BR-116/RJ";"Decrescente";"Capotamento";0;0;0;0;0;0;0;0;0;0;0;1;0;2;0
"02/02/2024";"02:10:00";"286";"Sem vítima";"20,500";"BR-465/RJ";"Decrescente";"Colisão lateral em sentido contrário";0;0;0;0;0;0;0;0;0;0;2;0;0;0;0
"02/02/2024";"03:47:00";"299";"Com vítima";"181,146";"BR-116/RJ";"Crescente";"Colisão lateral no mesmo sentido";0;0;0;0;0;0;0;0;0;0;0;1;2;0;0
"02/02/2024";"04:13:00";"304";"Sem vítima";"213,025";"BR-116/RJ";"Crescente";"Colisão lateral no mesmo sentido";0;0;0;0;0;0;0;0;0;0;2;0;0;0;0
"02/02/2024";"04:46:00";"312";"Com vítima";"110,366";"BR-493/RJ";"Crescente";"Atropelamento de animal";0;0;0;0;0;0;0;0;0;0;6;0;0;0;0
"02/02/2024";"07:41:00";"335";"Com vítima";"783,132";"BR-116/RJ";"Decrescente";"Tombamento";0;0;0;0;0;0;0;0;0;0;0;1;0;0;0
"02/02/2024";"07:46:00";"338";"Com vítima";"191,290";"BR-116/RJ";"Decrescente";"Choque";0;0;0;0;0;0;0;0;0;0;0;1;0;0;0
"02/02/2024";"10:12:00";"18";"Com vítima";"725,533";"BR-116/RJ";"Crescente";"Atropelamento de animal";0;0;0;0;0;0;0;0;0;0;1;0;0;0;0
"03/02/2024";"01:38:00";"78";"Sem vítima";"99,000";"BR-493/RJ";"Crescente";"Saída de pista";0;0;0;0;0;0;0;0;0;0;1;0;0;0;0
"03/02/2024";"01:44:00";"81";"Com vítima";"192,009";"BR-116/RJ";"Decrescente";"Atropelamento de pedestre";0;0;0;0;0;0;0;0;0;0;1;0;0;0;0
"03/02/2024";"06:38:00";"130";"Com vítima";"138,000";"BR-116/RJ";"Crescente";"Choque";0;0;0;0;0;0;0;0;0;0;0;1;0;0;0
"03/02/2024";"09:18:00";"179";"Com vítima";"433,000";"BR-116/RJ";"Crescente";"Colisão traseira";0;0;0;0;0;0;0;0;0;0;0;2;0;0;0
"03/02/2024";"09:46:00";"187";"Com vítima";"499,000";"BR-116/RJ";"Decrescente";"Queda de moto";0;0;0;0;0;0;0;0;0;0;1;0;2;0;0
"03/02/2024";"12:10:00";"227";"Com vítima";"203,000";"BR-116/RJ";"Decrescente";"Colisão traseira";0;0;0;0;0;0;0;0;0;0;4;1;0;0;0
"03/02/2024";"03:29:00";"265";"Sem vítima";"665,935";"BR-116/RJ";"Crescente";"Colisão traseira";0;0;0;0;0;0;0;0;0;0;2;0;0;0;0
"03/02/2024";"04:55:00";"284";"Sem vítima";"90,956";"BR-116/RJ";"Crescente";"Choque";0;0;0;0;0;0;0;0;0;0;2;0;0;0;0
"03/02/2024";"05:00:00";"286";"Com vítima";"649,904";"BR-116/RJ";"Decrescente";"Colisão frontal";0;0;0;0;0;0;0;0;0;0;1;0;1;0;0
"03/02/2024";"05:55:00";"297";"Com vítima";"83,495";"BR-493/RJ";"Crescente";"Choque";0;0;0;0;0;0;0;0;0;0;0;1;0;1;0
"03/02/2024";"08:24:00";"315";"Com vítima";"83,966";"BR-493/RJ";"Crescente";"Choque";0;0;0;0;0;0;0;0;0;0;0;0;0;1;0
"04/02/2024";"01:36:00";"47";"Com vítima";"179,616";"BR-116/RJ";"Decrescente";"Colisão lateral no mesmo sentido";0;0;0;0;0;0;0;0;0;0;0;2;0;0;0
"04/02/2024";"02:21:00";"49";"Com vítima";"418,751";"BR-116/RJ";"Crescente";"Capotamento";0;0;0;0;0;0;0;0;0;0;0;0;1;0;0
"04/02/2024";"04:30:00";"72";"Sem vítima";"182,000";"BR-116/RJ";"Decrescente";"Choque";0;0;0;0;0;0;0;0;0;0;1;0;0;0;0
"04/02/2024";"05:32:00";"83";"Com vítima";"129,800";"BR-116/RJ";"Decrescente";"Queda de moto";0;0;0;0;0;0;0;0;0;0;0;0;0;1;0
"04/02/2024";"08:17:00";"133";"Com vítima";"19,900";"BR-465/RJ";"Crescente";"Colisão lateral no mesmo sentido";0;0;0;0;0;0;0;0;0;0;2;0;1;0;0
"04/02/2024";"09:24:00";"144";"Sem vítima";"20,800";"BR-465/RJ";"Decrescente";"Queda de moto";0;0;0;0;0;0;0;0;0;0;2;0;0;0;0
"04/02/2024";"11:17:00";"172";"Com vítima";"690,000";"BR-116/RJ";"Crescente";"Colisão lateral em sentido contrário";0;0;0;0;0;0;0;0;0;0;0;3;1;0;0
"04/02/2024";"11:52:00";"177";"Com vítima";"103,200";"BR-116/RJ";"Decrescente";"Choque";0;0;0;0;0;0;0;0;0;0;0;1;0;0;0
"04/02/2024";"01:17:00";"201";"Com vítima";"467,070";"BR-116/RJ";"Crescente";"Queda de moto";0;0;0;0;0;0;0;0;0;0;0;0;0;0;1
"04/02/2024";"01:48:00";"214";"Com vítima";"119,271";"BR-116/RJ";"Crescente";"Colisão traseira";0;0;0;0;0;0;0;0;0;0;0;2;0;1;0
"04/02/2024";"02:16:00";"218";"Sem vítima";"51,648";"BR-493/RJ";"Crescente";"Saída de pista";0;0;0;0;0;0;0;0;0;0;1;0;0;0;0
"04/02/2024";"03:29:00";"239";"Com vítima";"190,125";"BR-116/RJ";"Decrescente";"Engavetamento";0;0;0;0;0;0;0;0;0;0;2;3;0;0;0
"04/02/2024";"03:51:00";"241";"Com vítima";"135,485";"BR-116/RJ";"Crescente";"Colisão traseira";0;0;0;0;0;0;0;0;0;0;1;0;1;0;0
"04/02/2024";"04:16:00";"246";"Com vítima";"62,449";"BR-116/RJ";"Decrescente";"Queda de moto";0;0;0;0;0;0;0;0;0;0;0;1;1;0;0
"04/02/2024";"04:49:00";"252";"Com vítima";"107,000";"BR-493/RJ";"Decrescente";"Atropelamento de animal";0;0;0;0;0;0;0;0;0;0;5;2;0;0;0
"04/02/2024";"04:50:00";"255";"Com vítima";"107,000";"BR-493/RJ";"Crescente";"Atropelamento de animal";0;0;0;0;0;0;0;0;0;0;1;0;0;0;0
"04/02/2024";"04:59:00";"253";"Com vítima";"530,699";"BR-116/RJ";"Crescente";"Colisão traseira";0;0;0;0;0;0;0;0;0;0;1;4;0;0;0
"04/02/2024";"05:40:00";"265";"Com vítima";"110,995";"BR-116/RJ";"Crescente";"Atropelamento de pedestre";0;0;0;0;0;0;0;0;0;0;1;0;0;1;0
"04/02/2024";"07:08:00";"273";"Com vítima";"41,720";"BR-116/RJ";"Crescente";"Atropelamento de pedestre";0;0;0;0;0;0;0;0;0;0;0;1;0;0;0
"04/02/2024";"07:09:00";"274";"Com vítima";"121,469";"BR-116/RJ";"Decrescente";"Queda de moto";0;0;0;0;0;0;0;0;0;0;0;1;1;0;0
"04/02/2024";"09:04:00";"4";"Com vítima";"803,538";"BR-116/RJ";"Crescente";"Colisão lateral em sentido contrário";0;0;0;0;0;0;0;0;0;0;1;0;0;0;1
"04/02/2024";"09:56:00";"15";"Sem vítima";"95,948";"BR-493/RJ";"Crescente";"Tombamento";0;0;0;0;0;0;0;0;0;0;1;0;0;0;0
"04/02/2024";"10:23:00";"16";"Sem vítima";"25,073";"BR-116/RJ";"Decrescente";"Choque";0;0;0;0;0;0;0;0;0;0;1;0;0;0;0
"05/02/2024";"02:55:00";"111";"Com vítima";"665,000";"BR-116/RJ";"Crescente";"Colisão frontal";0;0;0;0;0;0;0;0;0;0;1;1;0;0;0
"05/02/2024";"06:00:00";"159";"Com vítima";"175,000";"BR-116/RJ";"Crescente";"Queda de moto";0;0;0;0;0;0;0;0;0;0;0;0;1;0;0
"05/02/2024";"06:03:00";"160";"Com vítima";"192,200";"BR-116/RJ";"Decrescente";"Colisão traseira";0;0;0;0;0;0;0;0;0;0;1;2;0;0;0
"05/02/2024";"09:06:00";"207";"Com vítima";"203,325";"BR-116/RJ";"Decrescente";"Choque";0;0;0;0;0;0;0;0;0;0;0;2;0;0;0
"05/02/2024";"09:43:00";"216";"Com vítima";"28,000";"BR-116/RJ";"Decrescente";"Choque";0;0;0;0;0;0;0;0;0;0;0;3;0;0;0
"05/02/2024";"09:58:00";"220";"Sem vítima";"173,000";"BR-116/RJ";"Decrescente";"Choque";0;0;0;0;0;0;0;0;0;0;2;0;0;0;0
"05/02/2024";"03:13:00";"289";"Com vítima";"629,000";"BR-116/RJ";"Decrescente";"Queda de moto";0;0;0;0;0;0;0;0;0;0;0;0;0;1;0
"06/02/2024";"12:14:00";"127";"Com vítima";"64,949";"BR-116/RJ";"Decrescente";"Choque";0;0;0;0;0;0;0;0;0;0;0;1;1;0;0
"06/02/2024";"01:05:00";"136";"Com vítima";"12,231";"BR-465/RJ";"Decrescente";"Colisão traseira";0;0;0;0;0;0;0;0;0;0;0;2;0;0;0
"06/02/2024";"04:18:00";"166";"Com vítima";"147,000";"BR-116/RJ";"Crescente";"Colisão traseira";0;0;0;0;0;0;0;0;0;0;1;1;0;0;0
"06/02/2024";"04:51:00";"175";"Sem vítima";"20,000";"BR-465/RJ";"Decrescente";"Colisão transversal";0;0;0;0;0;0;0;0;0;0;2;0;0;0;0
"06/02/2024";"05:12:00";"184";"Com vítima";"492,321";"BR-116/RJ";"Crescente";"Choque";0;0;0;0;0;0;0;0;0;0;0;1;0;0;0
"06/02/2024";"06:52:00";"207";"Com vítima";"555,383";"BR-116/RJ";"Decrescente";"Choque";0;0;0;0;0;0;0;0;0;0;0;1;0;0;0
"06/02/2024";"07:01:00";"210";"Com vítima";"21,000";"BR-493/RJ";"Decrescente";"Colisão frontal";0;0;0;0;0;0;0;0;0;0;0;2;0;0;0
"06/02/2024";"08:51:00";"235";"Com vítima";"14,000";"BR-465/RJ";"Crescente";"Colisão transversal";0;0;0;0;0;0;0;0;0;0;1;1;0;0;0
"06/02/2024";"10:17:00";"264";"Com vítima";"131,559";"BR-116/RJ";"Crescente";"Colisão traseira";0;0;0;0;0;0;0;0;0;0;1;0;2;0;0
"06/02/2024";"12:22:00";"297";"Com vítima";"184,000";"BR-116/RJ";"Decrescente";"Colisão traseira";0;0;0;0;0;0;0;0;0;0;1;1;0;0;0
"06/02/2024";"12:41:00";"302";"Com vítima";"195,000";"BR-116/RJ";"Decrescente";"Queda de moto";0;0;0;0;0;0;0;0;0;0;0;0;2;0;0
"06/02/2024";"02:48:00";"331";"Com vítima";"69,000";"BR-116/RJ";"Decrescente";"Tombamento";0;0;0;0;0;0;0;0;0;0;0;0;1;0;0
"06/02/2024";"02:49:00";"332";"Com vítima";"18,836";"BR-493/RJ";"Decrescente";"Colisão lateral no mesmo sentido";0;0;0;0;0;0;0;0;0;0;0;1;1;0;0
"06/02/2024";"05:30:00";"367";"Sem vítima";"574,300";"BR-116/RJ";"Decrescente";"Choque";0;0;0;0;0;0;0;0;0;0;1;0;0;0;0
"07/02/2024";"01:30:00";"137";"Com vítima";"455,000";"BR-116/RJ";"Crescente";"Queda de moto";0;0;0;0;0;0;0;0;0;0;0;1;0;0;0
"07/02/2024";"04:45:00";"169";"Com vítima";"648,000";"BR-116/RJ";"Decrescente";"Colisão traseira";0;0;0;0;0;0;0;0;0;0;1;1;0;0;0
"07/02/2024";"08:51:00";"234";"Com vítima";"83,000";"BR-116/RJ";"Crescente";"Colisão traseira";0;0;0;0;0;0;0;0;0;0;1;3;0;0;0
"07/02/2024";"10:46:00";"259";"Com vítima";"411,000";"BR-116/RJ";"Crescente";"Colisão traseira";0;0;0;0;0;0;0;0;0;0;1;1;0;0;0
"07/02/2024";"11:33:00";"280";"Com vítima";"13,670";"BR-493/RJ";"Decrescente";"Colisão traseira";0;0;0;0;0;0;0;0;0;0;0;2;0;0;0
"07/02/2024";"11:37:00";"281";"Com vítima";"180,600";"BR-116/RJ";"Crescente";"Colisão traseira";0;0;0;0;0;0;0;0;0;0;0;3;0;0;0
"07/02/2024";"02:15:00";"322";"Com vítima";"181,376";"BR-116/RJ";"Decrescente";"Choque";0;0;0;0;0;0;0;0;0;0;0;0;1;0;0
"07/02/2024";"02:20:00";"323";"Com vítima";"542,900";"BR-116/RJ";"Crescente";"Saída de pista";0;0;0;0;0;0;0;0;0;0;0;2;1;0;0
"07/02/2024";"02:40:00";"328";"Com vítima";"90,279";"BR-116/RJ";"Crescente";"Choque";0;0;0;0;0;0;0;0;0;0;0;0;1;0;0
"07/02/2024";"03:01:00";"333";"Com vítima";"668,596";"BR-116/RJ";"Decrescente";"Saída de pista";0;0;0;0;0;0;0;0;0;0;0;2;0;0;0
"07/02/2024";"03:02:00";"334";"Com vítima";"45,277";"BR-116/RJ";"Crescente";"Colisão frontal";0;0;0;0;0;0;0;0;0;0;0;1;2;0;0
"07/02/2024";"04:43:00";"347";"Com vítima";"211,627";"BR-116/RJ";"Decrescente";"Choque";0;0;0;0;0;0;0;0;0;0;0;0;1;0;0
"07/02/2024";"05:05:00";"353";"Com vítima";"104,538";"BR-493/RJ";"Decrescente";"Queda de moto";0;0;0;0;0;0;0;0;0;0;0;1;1;0;0
"07/02/2024";"07:57:00";"377";"Com vítima";"803,540";"BR-116/RJ";"Crescente";"Tombamento";0;0;0;0;0;0;0;0;0;0;0;0;2;0;0
"08/02/2024";"12:39:00";"103";"Sem vítima";"96,212";"BR-493/RJ";"Crescente";"Choque";0;0;0;0;0;0;0;0;0;0;2;0;0;0;0
"08/02/2024";"03:12:00";"119";"Com vítima";"0,500";"BR-493/RJ";"Decrescente";"Colisão lateral em sentido contrário";0;0;0;0;0;0;0;0;0;0;1;1;0;0;0
"08/02/2024";"03:36:00";"123";"Com vítima";"142,000";"BR-116/RJ";"Decrescente";"Colisão lateral no mesmo sentido";0;0;0;0;0;0;0;0;0;0;0;6;0;0;0
"08/02/2024";"04:17:00";"131";"Com vítima";"136,000";"BR-116/RJ";"Decrescente";"Colisão transversal";0;0;0;0;0;0;0;0;0;0;0;3;1;0;0
"08/02/2024";"04:22:00";"135";"Com vítima";"0,400";"BR-493/RJ";"Crescente";"Colisão transversal";0;0;0;0;0;0;0;0;0;0;0;0;1;0;0
"08/02/2024";"04:25:00";"136";"Com vítima";"477,000";"BR-116/RJ";"Crescente";"Queda de moto";0;0;0;0;0;0;0;0;0;0;1;1;0;0;0
"08/02/2024";"06:48:00";"163";"Com vítima";"58,800";"BR-493/RJ";"Crescente";"Capotamento";0;0;0;0;0;0;0;0;0;0;0;1;0;0;0
"08/02/2024";"08:11:00";"188";"Com vítima";"591,000";"BR-116/RJ";"Decrescente";"Choque";0;0;0;0;0;0;0;0;0;0;0;2;0;0;0
"08/02/2024";"01:18:00";"268";"Sem vítima";"75,050";"BR-116/RJ";"Decrescente";"Choque";0;0;0;0;0;0;0;0;0;0;1;0;0;0;0
"08/02/2024";"01:43:00";"279";"Sem vítima";"76,879";"BR-493/RJ";"Crescente";"Choque";0;0;0;0;0;0;0;0;0;0;1;0;0;0;0
"08/02/2024";"02:36:00";"294";"Sem vítima";"214,600";"BR-116/RJ";"Crescente";"Colisão traseira";0;0;0;0;0;0;0;0;0;0;3;0;0;0;0
"08/02/2024";"02:37:00";"296";"Com vítima";"188,867";"BR-116/RJ";"Crescente";"Queda de moto";0;0;0;0;0;0;0;0;0;0;0;0;1;0;0
"08/02/2024";"03:35:00";"306";"Com vítima";"48,675";"BR-493/RJ";"Crescente";"Colisão traseira";0;0;0;0;0;0;0;0;0;0;1;1;0;0;0
"08/02/2024";"08:25:00";"363";"Com vítima";"177,692";"BR-116/RJ";"Decrescente";"Queda de moto";0;0;0;0;0;0;0;0;0;0;0;1;0;1;0
"09/02/2024";"04:10:00";"129";"Com vítima";"537,501";"BR-116/RJ";"Decrescente";"Colisão frontal";0;0;0;0;0;0;0;0;0;0;0;2;0;0;0
"09/02/2024";"05:56:00";"177";"Com vítima";"1,000";"BR-493/RJ";"Decrescente";"Colisão traseira";0;0;0;0;0;0;0;0;0;0;1;1;0;0;0
"09/02/2024";"09:37:00";"255";"Sem vítima";"23,000";"BR-493/RJ";"Decrescente";"Colisão frontal";0;0;0;0;0;0;0;0;0;0;2;0;0;0;0
"09/02/2024";"10:59:00";"279";"Com vítima";"705,540";"BR-116/RJ";"Decrescente";"Colisão lateral no mesmo sentido";0;0;0;0;0;0;0;0;0;0;0;2;0;0;0
"09/02/2024";"11:08:00";"284";"Com vítima";"522,247";"BR-116/RJ";"Decrescente";"Colisão traseira";0;0;0;0;0;0;0;0;0;0;0;2;0;0;0
"09/02/2024";"12:28:00";"307";"Com vítima";"52,000";"BR-116/RJ";"Crescente";"Queda de moto";0;0;0;0;0;0;0;0;0;0;0;2;0;0;0
"09/02/2024";"12:53:00";"315";"Com vítima";"186,000";"BR-116/RJ";"Crescente";"Colisão lateral no mesmo sentido";0;0;0;0;0;0;0;0;0;0;1;1;0;1;0
"09/02/2024";"01:30:00";"325";"Sem vítima";"97,800";"BR-116/RJ";"Crescente";"Colisão lateral em sentido contrário";0;0;0;0;0;0;0;0;0;0;2;0;0;0;0
"09/02/2024";"01:51:00";"330";"Com vítima";"180,000";"BR-116/RJ";"Crescente";"Colisão lateral no mesmo sentido";0;0;0;0;0;0;0;0;0;0;1;1;0;0;0
"09/02/2024";"01:59:00";"332";"Com vítima";"147,500";"BR-116/RJ";"Decrescente";"Engavetamento";0;0;0;0;0;0;0;0;0;0;0;5;0;0;0
"09/02/2024";"02:40:00";"342";"Com vítima";"99,000";"BR-116/RJ";"Crescente";"Saída de pista";0;0;0;0;0;0;0;0;0;0;0;4;0;0;0
"09/02/2024";"03:22:00";"356";"Com vítima";"417,000";"BR-116/RJ";"Decrescente";"Queda de moto";0;0;0;0;0;0;0;0;0;0;0;1;0;0;0
"09/02/2024";"08:36:00";"423";"Sem vítima";"442,812";"BR-116/RJ";"Decrescente";"Atropelamento de animal";0;0;0;0;0;0;0;0;0;0;1;0;0;0;0
"09/02/2024";"10:12:00";"20";"Com vítima";"176,000";"BR-116/RJ";"Decrescente";"Colisão traseira";0;0;0;0;0;0;0;0;0;0;1;1;0;0;0
"10/02/2024";"12:39:00";"35";"Com vítima";"84,646";"BR-116/RJ";"Decrescente";"Queda de moto";0;0;0;0;0;0;0;0;0;0;1;1;0;0;0
"10/02/2024";"01:13:00";"41";"Com vítima";"17,900";"BR-493/RJ";"Decrescente";"Atropelamento de animal";0;0;0;0;0;0;0;0;0;0;0;3;0;0;0
"10/02/2024";"01:40:00";"56";"Com vítima";"190,416";"BR-116/RJ";"Decrescente";"Engavetamento";0;0;0;0;0;0;0;0;0;0;0;3;0;0;0
"10/02/2024";"02:55:00";"92";"Com vítima";"136,000";"BR-116/RJ";"Decrescente";"Colisão traseira";0;0;0;0;0;0;0;0;0;0;0;2;0;0;0
"10/02/2024";"04:11:00";"110";"Com vítima";"140,679";"BR-116/RJ";"Decrescente";"Engavetamento";0;0;0;0;0;0;0;0;0;0;0;4;0;0;0
"10/02/2024";"04:43:00";"125";"Sem vítima";"192,000";"BR-116/RJ";"Decrescente";"Colisão traseira";0;0;0;0;0;0;0;0;0;0;2;0;0;0;0
"10/02/2024";"06:37:00";"167";"Com vítima";"106,000";"BR-493/RJ";"Crescente";"Colisão traseira";0;0;0;0;0;0;0;0;0;0;0;6;0;0;0
"10/02/2024";"06:57:00";"174";"Com vítima";"22,000";"BR-465/RJ";"Crescente";"Colisão transversal";0;0;0;0;0;0;0;0;0;0;0;2;0;0;0
"10/02/2024";"06:58:00";"175";"Com vítima";"180,500";"BR-116/RJ";"Crescente";"Colisão traseira";0;0;0;0;0;0;0;0;0;0;0;3;0;0;0
"10/02/2024";"07:12:00";"179";"Com vítima";"15,000";"BR-465/RJ";"Crescente";"Atropelamento de pedestre";0;0;0;0;0;0;0;0;0;0;1;0;0;0;0
"10/02/2024";"08:01:00";"192";"Com vítima";"125,000";"BR-116/RJ";"Decrescente";"Colisão traseira";0;0;0;0;0;0;0;0;0;0;0;6;0;0;0
"10/02/2024";"08:31:00";"201";"Sem vítima";"616,000";"BR-116/RJ";"Decrescente";"Colisão traseira";0;0;0;0;0;0;0;0;0;0;2;0;0;0;0
"10/02/2024";"08:36:00";"204";"Com vítima";"5,099";"BR-493/RJ";"Decrescente";"Atropelamento de pedestre";0;0;0;0;0;0;0;0;0;0;1;0;0;0;0
"10/02/2024";"08:54:00";"211";"Com vítima";"111,000";"BR-116/RJ";"Decrescente";"Queda de moto";0;0;0;0;0;0;0;0;0;0;0;2;0;0;0
"10/02/2024";"09:12:00";"220";"Com vítima";"176,100";"BR-116/RJ";"Crescente";"Colisão traseira";0;0;0;0;0;0;0;0;0;0;0;2;0;0;0
"10/02/2024";"09:42:00";"229";"Com vítima";"634,157";"BR-116/RJ";"Decrescente";"Colisão traseira";0;0;0;0;0;0;0;0;0;0;0;2;0;0;0
"10/02/2024";"09:46:00";"230";"Com vítima";"178,200";"BR-116/RJ";"Crescente";"Engavetamento";0;0;0;0;0;0;0;0;0;0;2;3;0;0;0
"10/02/2024";"09:55:00";"233";"Com vítima";"537,478";"BR-116/RJ";"Decrescente";"Colisão frontal";0;0;0;0;0;0;0;0;0;0;0;1;1;0;0
"10/02/2024";"10:04:00";"235";"Com vítima";"103,410";"BR-116/RJ";"Crescente";"Colisão traseira";0;0;0;0;0;0;0;0;0;0;0;4;0;0;0
"10/02/2024";"10:53:00";"248";"Com vítima";"624,179";"BR-116/RJ";"Decrescente";"Choque";0;0;0;0;0;0;0;0;0;0;0;3;0;0;0
"10/02/2024";"11:44:00";"260";"Com vítima";"84,500";"BR-116/RJ";"Crescente";"Saída de pista";0;0;0;0;0;0;0;0;0;0;0;1;0;0;0
"10/02/2024";"11:57:00";"263";"Com vítima";"609,000";"BR-116/RJ";"Decrescente";"Colisão transversal";0;0;0;0;0;0;0;0;0;0;0;2;0;0;0