data;horario;n_da_ocorrencia;tipo_de_ocorrencia;km;trecho;sentido;tipo_de_acidente;automovel;bicicleta;caminhao;moto;onibus;outros;tracao_animal;transporte_de_cargas_especiais;trator_maquinas;utilitarios;ilesos;levemente_feridos;moderadamente_feridos;gravemente_feridos;mortos
"10/02/2024";"01:20:00";"287";"Com vítima";"494,206";"BR-116/RJ";"Decrescente";"Choque";0;0;0;0;0;0;0;0;0;0;0;3;0;0;0
"10/02/2024";"04:16:00";"328";"Com vítima";"478,000";"BR-116/RJ";"Decrescente";"Colisão lateral no mesmo sentido";0;0;0;0;0;0;0;0;0;0;1;2;0;0;0
"10/02/2024";"04:40:00";"340";"Sem vítima";"118,200";"BR-116/RJ";"Decrescente";"Queda de moto";0;0;0;0;0;0;0;0;0;0;1;0;0;0;0
"10/02/2024";"09:59:00";"6";"Com vítima";"548,000";"BR-116/RJ";"Decrescente";"Queda de moto";0;0;0;0;0;0;0;0;0;0;0;0;1;0;0
"10/02/2024";"11:32:00";"12";"Com vítima";"495,000";"BR-116/RJ";"Decrescente";"Queda de moto";0;0;0;0;0;0;0;0;0;0;0;1;0;0;0
"11/02/2024";"12:57:00";"31";"Com vítima";"11,509";"BR-465/RJ";"Crescente";"Colisão lateral em sentido contrário";0;0;0;0;0;0;0;0;0;0;0;4;0;0;0
"11/02/2024";"01:34:00";"41";"Com vítima";"40,934";"BR-116/RJ";"Crescente";"Saída de pista";0;0;0;0;0;0;0;0;0;0;1;0;1;0;0
"11/02/2024";"01:54:00";"48";"Com vítima";"103,000";"BR-116/RJ";"Crescente";"Choque";0;0;0;0;0;0;0;0;0;0;0;1;0;0;0
"11/02/2024";"04:47:00";"93";"Com vítima";"496,965";"BR-116/RJ";"Decrescente";"Queda de moto";0;0;0;0;0;0;0;0;0;0;0;0;1;0;0
"11/02/2024";"06:15:00";"124";"Com vítima";"147,000";"BR-116/RJ";"Decrescente";"Colisão frontal";0;0;0;0;0;0;0;0;0;0;0;2;1;0;0
"11/02/2024";"07:27:00";"139";"Sem vítima";"146,000";"BR-116/RJ";"Crescente";"Colisão traseira";0;0;0;0;0;0;0;0;0;0;2;0;0;0;0
"11/02/2024";"09:11:00";"163";"Com vítima";"555,358";"BR-116/RJ";"Crescente";"Choque";0;0;0;0;0;0;0;0;0;0;0;1;0;0;0
"11/02/2024";"09:55:00";"179";"Com vítima";"780,000";"BR-116/RJ";"Decrescente";"Saída de pista";0;0;0;0;0;0;0;0;0;0;0;2;0;0;0
"11/02/2024";"11:01:00";"191";"Com vítima";"181,000";"BR-116/RJ";"Decrescente";"Choque";0;0;0;0;0;0;0;0;0;0;0;2;0;1;0
"11/02/2024";"11:11:00";"197";"Com vítima";"83,393";"BR-493/RJ";"Decrescente";"Choque";0;0;0;0;0;0;0;0;0;0;0;2;0;0;0
"11/02/2024";"11:28:00";"204";"Sem vítima";"112,000";"BR-493/RJ";"Crescente";"Queda de moto";0;0;0;0;0;0;0;0;0;0;1;0;0;0;0
"11/02/2024";"11:49:00";"209";"Com vítima";"148,000";"BR-116/RJ";"Crescente";"Colisão lateral no mesmo sentido";0;0;0;0;0;0;0;0;0;0;1;1;0;0;0
"11/02/2024";"12:46:00";"222";"Sem vítima";"5,000";"BR-465/RJ";"Crescente";"Colisão traseira";0;0;0;0;0;0;0;0;0;0;2;0;0;0;0
"11/02/2024";"01:58:00";"233";"Com vítima";"509,102";"BR-116/RJ";"Decrescente";"Colisão traseira";0;0;0;0;0;0;0;0;0;0;0;2;0;0;0
"11/02/2024";"03:04:00";"248";"Com vítima";"18,857";"BR-493/RJ";"Decrescente";"Queda de moto";0;0;0;0;0;0;0;0;0;0;0;0;2;0;0
"11/02/2024";"06:32:00";"288";"Com vítima";"4,700";"BR-465/RJ";"Crescente";"Colisão traseira";0;0;0;0;0;0;0;0;0;0;0;2;1;0;0
"11/02/2024";"07:15:00";"298";"Com vítima";"147,980";"BR-116/RJ";"Crescente";"Colisão traseira";0;0;0;0;0;0;0;0;0;0;1;0;1;0;0
"11/02/2024";"07:57:00";"303";"Com vítima";"606,260";"BR-116/RJ";"Crescente";"Saída de pista";0;0;0;0;0;0;0;0;0;0;0;2;0;0;0
"11/02/2024";"09:03:00";"1";"Com vítima";"815,500";"BR-116/RJ";"Decrescente";"Saída de pista";0;0;0;0;0;0;0;0;0;0;0;1;0;0;0
"11/02/2024";"09:36:00";"10";"Com vítima";"105,100";"BR-493/RJ";"Decrescente";"Atropelamento de animal";0;0;0;0;0;0;0;0;0;0;0;2;0;0;0
"11/02/2024";"11:35:00";"40";"Com vítima";"0,346";"BR-493/RJ";"Crescente";"Queda de moto";0;0;0;0;0;0;0;0;0;0;1;0;0;2;0
"11/02/2024";"11:55:00";"47";"Com vítima";"108,189";"BR-116/RJ";"Decrescente";"Colisão transversal";0;0;0;0;0;0;0;0;0;0;0;5;0;0;0
"12/02/2024";"12:00:00";"50";"Com vítima";"136,750";"BR-116/RJ";"Crescente";"Colisão lateral no mesmo sentido";0;0;0;0;0;0;0;0;0;0;1;0;2;0;0
"12/02/2024";"12:00:00";"51";"Com vítima";"34,089";"BR-116/RJ";"Crescente";"Queda de moto";0;0;0;0;0;0;0;0;0;0;0;1;0;0;0
"12/02/2024";"04:14:00";"97";"Com vítima";"180,000";"BR-116/RJ";"Crescente";"Choque";0;0;0;0;0;0;0;0;0;0;0;0;2;0;0
"12/02/2024";"05:06:00";"109";"Com vítima";"143,049";"BR-116/RJ";"Crescente";"Atropelamento de animal";0;0;0;0;0;0;0;0;0;0;1;0;0;0;0
"12/02/2024";"06:01:00";"127";"Sem vítima";"514,000";"BR-116/RJ";"Decrescente";"Colisão traseira";0;0;0;0;0;0;0;0;0;0;2;0;0;0;0
"12/02/2024";"06:51:00";"133";"Com vítima";"772,000";"BR-116/RJ";"Crescente";"Colisão traseira";0;0;0;0;0;0;0;0;0;0;0;4;0;0;0
"12/02/2024";"07:08:00";"137";"Sem vítima";"2,300";"BR-116/RJ";"Decrescente";"Atropelamento de pedestre";0;0;0;0;0;0;0;0;0;0;1;0;0;0;0
"12/02/2024";"07:50:00";"148";"Com vítima";"744,000";"BR-116/RJ";"Decrescente";"Colisão traseira";0;0;0;0;0;0;0;0;0;0;1;1;0;0;0
"12/02/2024";"03:23:00";"249";"Com vítima";"193,496";"BR-116/RJ";"Decrescente";"Queda de moto";0;0;0;0;0;0;0;0;0;0;0;1;1;0;0
"12/02/2024";"05:01:00";"277";"Com vítima";"529,984";"BR-116/RJ";"Decrescente";"Colisão transversal";0;0;0;0;0;0;0;0;0;0;1;1;0;0;0
"12/02/2024";"05:29:00";"282";"Com vítima";"108,998";"BR-116/RJ";"Decrescente";"Colisão lateral em sentido contrário";0;0;0;0;0;0;0;0;0;0;2;2;0;0;0
"12/02/2024";"10:05:00";"40";"Com vítima";"426,468";"BR-116/RJ";"Crescente";"Tombamento";0;0;0;0;0;0;0;0;0;0;0;0;1;0;0
"12/02/2024";"10:13:00";"41";"Com vítima";"132,751";"BR-116/RJ";"Crescente";"Choque";0;0;0;0;0;0;0;0;0;0;0;2;0;0;0
"13/02/2024";"01:23:00";"57";"Sem vítima";"687,808";"BR-116/RJ";"Decrescente";"Colisão lateral em sentido contrário";0;0;0;0;0;0;0;0;0;0;2;0;0;0;0
"13/02/2024";"01:43:00";"58";"Com vítima";"18,743";"BR-493/RJ";"Crescente";"Atropelamento de animal";0;0;0;0;0;0;0;0;0;0;1;0;0;0;0
"13/02/2024";"04:23:00";"85";"Com vítima";"183,700";"BR-116/RJ";"Crescente";"Colisão lateral no mesmo sentido";0;0;0;0;0;0;0;0;0;0;0;2;1;0;0
"13/02/2024";"11:29:00";"184";"Com vítima";"105,000";"BR-116/RJ";"Crescente";"Colisão traseira";0;0;0;0;0;0;0;0;0;0;1;1;0;0;0
"13/02/2024";"12:10:00";"192";"Com vítima";"688,620";"BR-116/RJ";"Crescente";"Tombamento";0;0;0;0;0;0;0;0;0;0;1;0;1;0;0
"13/02/2024";"02:23:00";"232";"Com vítima";"3,055";"BR-465/RJ";"Crescente";"Colisão transversal";0;0;0;0;0;0;0;0;0;0;1;0;2;0;0
"13/02/2024";"03:15:00";"247";"Com vítima";"141,469";"BR-116/RJ";"Crescente";"Colisão traseira";0;0;0;0;0;0;0;0;0;0;2;2;0;0;0
"13/02/2024";"04:03:00";"258";"Com vítima";"141,300";"BR-116/RJ";"Crescente";"Colisão traseira";0;0;0;0;0;0;0;0;0;0;3;4;0;0;0
"14/02/2024";"03:06:00";"110";"Com vítima";"520,261";"BR-116/RJ";"Decrescente";"Colisão traseira";0;0;0;0;0;0;0;0;0;0;0;1;0;0;0
"14/02/2024";"04:56:00";"135";"Com vítima";"75,950";"BR-116/RJ";"Crescente";"Queda de moto";0;0;0;0;0;0;0;0;0;0;0;1;0;0;0
"14/02/2024";"05:13:00";"138";"Com vítima";"185,521";"BR-116/RJ";"Crescente";"Colisão traseira";0;0;0;0;0;0;0;0;0;0;1;0;1;0;0
"14/02/2024";"05:27:00";"141";"Com vítima";"131,492";"BR-116/RJ";"Crescente";"Choque";0;0;0;0;0;0;0;0;0;0;0;2;0;0;1
"14/02/2024";"06:41:00";"156";"Com vítima";"130,125";"BR-116/RJ";"Crescente";"Colisão traseira";0;0;0;0;0;0;0;0;0;0;1;2;0;0;0
"14/02/2024";"07:30:00";"169";"Com vítima";"171,000";"BR-116/RJ";"Decrescente";"Choque";0;0;0;0;0;0;0;0;0;0;0;3;0;0;0
"14/02/2024";"12:10:00";"245";"Com vítima";"86,000";"BR-493/RJ";"Decrescente";"Colisão traseira";0;0;0;0;0;0;0;0;0;0;0;6;0;0;0
"14/02/2024";"02:18:00";"284";"Com vítima";"127,268";"BR-116/RJ";"Decrescente";"Engavetamento";0;0;0;0;0;0;0;0;0;0;0;7;0;0;0
"14/02/2024";"02:31:00";"288";"Com vítima";"776,000";"BR-116/RJ";"Decrescente";"Saída de pista";0;0;0;0;0;0;0;0;0;0;0;2;0;0;0
"14/02/2024";"02:55:00";"297";"Sem vítima";"715,882";"BR-116/RJ";"Crescente";"Choque";0;0;0;0;0;0;0;0;0;0;1;0;0;0;0
"14/02/2024";"03:57:00";"311";"Com vítima";"0,467";"BR-493/RJ";"Decrescente";"Choque";0;0;0;0;0;0;0;0;0;0;1;1;0;0;0
"14/02/2024";"04:50:00";"320";"Com vítima";"530,000";"BR-116/RJ";"Crescente";"Colisão frontal";0;0;0;0;0;0;0;0;0;0;1;1;0;0;0
"14/02/2024";"05:26:00";"327";"Com vítima";"516,900";"BR-116/RJ";"Crescente";"Colisão lateral no mesmo sentido";0;0;0;0;0;0;0;0;0;0;1;1;0;0;0
"14/02/2024";"10:40:00";"37";"Com vítima";"93,094";"BR-116/RJ";"Crescente";"Choque";0;0;0;0;0;0;0;0;0;0;0;3;0;0;0
"14/02/2024";"10:43:00";"38";"Com vítima";"130,119";"BR-116/RJ";"Decrescente";"Choque";0;0;0;0;0;0;0;0;0;0;0;1;0;1;0
"15/02/2024";"01:49:00";"124";"Com vítima";"15,648";"BR-493/RJ";"Crescente";"Atropelamento de pedestre";0;0;0;0;0;0;0;0;0;0;1;0;0;0;0
"15/02/2024";"03:23:00";"127";"Com vítima";"696,752";"BR-116/RJ";"Crescente";"Choque";0;0;0;0;0;0;0;0;0;0;0;3;0;0;0
"15/02/2024";"04:20:00";"140";"Com vítima";"170,000";"BR-116/RJ";"Decrescente";"Colisão traseira";0;0;0;0;0;0;0;0;0;0;0;2;0;0;0
"15/02/2024";"04:21:00";"141";"Sem vítima";"170,000";"BR-116/RJ";"Decrescente";"Colisão traseira";0;0;0;0;0;0;0;0;0;0;2;0;0;0;0
"15/02/2024";"04:22:00";"142";"Com vítima";"760,974";"BR-116/RJ";"Crescente";"Colisão lateral no mesmo sentido";0;0;0;0;0;0;0;0;0;0;0;2;0;0;0
"15/02/2024";"04:32:00";"143";"Sem vítima";"147,000";"BR-116/RJ";"Crescente";"Colisão traseira";0;0;0;0;0;0;0;0;0;0;2;0;0;0;0
"15/02/2024";"06:27:00";"172";"Com vítima";"84,000";"BR-116/RJ";"Crescente";"Saída de pista";0;0;0;0;0;0;0;0;0;0;0;1;0;0;0
"15/02/2024";"06:53:00";"176";"Com vítima";"27,923";"BR-116/RJ";"Crescente";"Choque";0;0;0;0;0;0;0;0;0;0;0;1;0;0;0
"15/02/2024";"08:41:00";"198";"Com vítima";"101,707";"BR-493/RJ";"Decrescente";"Colisão traseira";0;0;0;0;0;0;0;0;0;0;1;2;0;0;0
"15/02/2024";"10:22:00";"215";"Com vítima";"205,000";"BR-116/RJ";"Decrescente";"Choque";0;0;0;0;0;0;0;0;0;0;0;2;0;0;0
"15/02/2024";"12:24:00";"239";"Sem vítima";"70,000";"BR-116/RJ";"Decrescente";"Choque";0;0;0;0;0;0;0;0;0;0;1;0;0;0;0
"15/02/2024";"01:12:00";"246";"Com vítima";"665,635";"BR-116/RJ";"Decrescente";"Colisão traseira";0;0;0;0;0;0;0;0;0;0;0;2;1;0;0
"15/02/2024";"03:33:00";"270";"Sem vítima";"71,712";"BR-493/RJ";"Crescente";"Choque";0;0;0;0;0;0;0;0;0;0;1;0;0;0;0
"15/02/2024";"03:37:00";"272";"Sem vítima";"204,000";"BR-116/RJ";"Decrescente";"Colisão traseira";0;0;0;0;0;0;0;0;0;0;2;0;0;0;0
"15/02/2024";"05:07:00";"283";"Com vítima";"411,000";"BR-116/RJ";"Decrescente";"Colisão traseira";0;0;0;0;0;0;0;0;0;0;1;1;0;0;0
"16/02/2024";"02:14:00";"120";"Com vítima";"42,990";"BR-116/RJ";"Crescente";"Colisão traseira";0;0;0;0;0;0;0;0;0;0;1;0;1;0;0
"16/02/2024";"03:51:00";"134";"Com vítima";"173,000";"BR-116/RJ";"Decrescente";"Queda de moto";0;0;0;0;0;0;0;0;0;0;0;1;0;0;0
"16/02/2024";"04:51:00";"156";"Sem vítima";"518,000";"BR-116/RJ";"Decrescente";"Saída de pista";0;0;0;0;0;0;0;0;0;0;3;0;0;0;0
"16/02/2024";"06:12:00";"186";"Com vítima";"531,000";"BR-116/RJ";"Decrescente";"Colisão lateral em sentido contrário";0;0;0;0;0;0;0;0;0;0;3;0;1;0;0
"16/02/2024";"10:57:00";"266";"Sem vítima";"107,000";"BR-493/RJ";"Decrescente";"Tombamento";0;0;0;0;0;0;0;0;0;0;1;0;0;0;0
"16/02/2024";"11:01:00";"265";"Com vítima";"136,580";"BR-116/RJ";"Crescente";"Atropelamento de ciclista";0;0;0;0;0;0;0;0;0;0;1;0;0;0;0
"16/02/2024";"12:44:00";"294";"Com vítima";"20,400";"BR-465/RJ";"Decrescente";"Engavetamento";0;0;0;0;0;0;0;0;0;0;1;2;0;0;0
"16/02/2024";"12:48:00";"297";"Com vítima";"181,000";"BR-116/RJ";"Crescente";"Queda de moto";0;0;0;0;0;0;0;0;0;0;0;1;1;0;0
"16/02/2024";"01:32:00";"305";"Com vítima";"79,000";"BR-116/RJ";"Crescente";"Colisão transversal";0;0;0;0;0;0;0;0;0;0;0;1;1;0;0
"16/02/2024";"03:14:00";"329";"Com vítima";"76,000";"BR-116/RJ";"Decrescente";"Colisão lateral no mesmo sentido";0;0;0;0;0;0;0;0;0;0;0;2;0;0;0
"16/02/2024";"04:51:00";"349";"Com vítima";"102,300";"BR-493/RJ";"Decrescente";"Saída de pista";0;0;0;0;0;0;0;0;0;0;0;2;0;0;0
"16/02/2024";"08:33:00";"385";"Com vítima";"174,411";"BR-116/RJ";"Decrescente";"Capotamento";0;0;0;0;0;0;0;0;0;0;0;1;0;0;0
"16/02/2024";"09:37:00";"12";"Sem vítima";"412,401";"BR-116/RJ";"Decrescente";"Choque";0;0;0;0;0;0;0;0;0;0;2;0;0;0;0
"16/02/2024";"10:16:00";"29";"Com vítima";"206,000";"BR-116/RJ";"Crescente";"Saída de pista";0;0;0;0;0;0;0;0;0;0;0;2;0;0;0
"16/02/2024";"10:53:00";"35";"Com vítima";"188,677";"BR-116/RJ";"Crescente";"Atropelamento de ciclista";0;0;0;0;0;0;0;0;0;0;1;0;0;0;0
"16/02/2024";"11:44:00";"40";"Com vítima";"182,000";"BR-116/RJ";"Decrescente";"Choque";0;0;0;0;0;0;0;0;0;0;0;1;0;0;0
"17/02/2024";"03:07:00";"72";"Sem vítima";"446,000";"BR-116/RJ";"Crescente";"Colisão lateral em sentido contrário";0;0;0;0;0;0;0;0;0;0;3;0;0;0;0
"17/02/2024";"05:11:00";"93";"Com vítima";"187,000";"BR-116/RJ";"Decrescente";"Queda de moto";0;0;0;0;0;0;0;0;0;0;0;1;1;0;0
"17/02/2024";"09:30:00";"159";"Com vítima";"205,000";"BR-116/RJ";"Decrescente";"Engavetamento";0;0;0;0;0;0;0;0;0;0;0;12;0;0;0
"17/02/2024";"11:33:00";"187";"Sem vítima";"653,000";"BR-116/RJ";"Decrescente";"Choque";0;0;0;0;0;0;0;0;0;0;1;0;0;0;0
"17/02/2024";"03:08:00";"232";"Com vítima";"459,702";"BR-116/RJ";"Decrescente";"Capotamento";0;0;0;0;0;0;0;0;0;0;0;0;0;0;1
"17/02/2024";"03:58:00";"242";"Com vítima";"704,269";"BR-116/RJ";"Decrescente";"Engavetamento";0;0;0;0;0;0;0;0;0;0;9;0;1;0;0
"17/02/2024";"05:28:00";"257";"Com vítima";"188,942";"BR-116/RJ";"Crescente";"Engavetamento";0;0;0;0;0;0;0;0;0;0;1;6;0;0;0
"17/02/2024";"09:10:00";"11";"Com vítima";"5,000";"BR-465/RJ";"Crescente";"Colisão lateral no mesmo sentido";0;0;0;0;0;0;0;0;0;0;1;0;2;0;0
"17/02/2024";"10:26:00";"41";"Com vítima";"6,000";"BR-493/RJ";"Decrescente";"Queda de moto";0;0;0;0;0;0;0;0;0;0;0;1;0;0;0
"17/02/2024";"10:48:00";"42";"Com vítima";"108,598";"BR-116/RJ";"Decrescente";"Choque";0;0;0;0;0;0;0;0;0;0;0;1;0;0;0
"18/02/2024";"12:19:00";"47";"Com vítima";"3,274";"BR-493/RJ";"Decrescente";"Atropelamento de animal";0;0;0;0;0;0;0;0;0;0;0;0;0;0;1
"18/02/2024";"12:47:00";"49";"Sem vítima";"592,246";"BR-116/RJ";"Crescente";"Saída de pista";0;0;0;0;0;0;0;0;0;0;1;0;0;0;0
"18/02/2024";"02:55:00";"54";"Com vítima";"85,000";"BR-493/RJ";"Crescente";"Acidentes de outra natureza";0;0;0;0;0;0;0;0;0;0;0;0;1;0;0
"18/02/2024";"09:22:00";"136";"Com vítima";"614,500";"BR-116/RJ";"Decrescente";"Colisão traseira";0;0;0;0;0;0;0;0;0;0;1;0;0;2;0
"18/02/2024";"10:49:00";"154";"Com vítima";"2,800";"BR-465/RJ";"Decrescente";"Colisão transversal";0;0;0;0;0;0;0;0;0;0;0;3;0;0;0
"18/02/2024";"11:10:00";"160";"Com vítima";"71,000";"BR-116/RJ";"Decrescente";"Queda de moto";0;0;0;0;0;0;0;0;0;0;0;1;0;0;0
"18/02/2024";"12:14:00";"174";"Com vítima";"720,000";"BR-116/RJ";"Crescente";"Saída de pista";0;0;0;0;0;0;0;0;0;0;0;4;0;0;0
"18/02/2024";"12:25:00";"176";"Com vítima";"547,000";"BR-116/RJ";"Decrescente";"Choque";0;0;0;0;0;0;0;0;0;0;0;1;0;0;0
"18/02/2024";"12:40:00";"181";"Com vítima";"18,000";"BR-493/RJ";"Crescente";"Colisão traseira";0;0;0;0;0;0;0;0;0;0;0;2;0;0;0
"18/02/2024";"04:29:00";"228";"Com vítima";"717,547";"BR-116/RJ";"Crescente";"Capotamento";0;0;0;0;0;0;0;0;0;0;0;1;0;0;0
"19/02/2024";"03:44:00";"122";"Com vítima";"68,868";"BR-493/RJ";"Crescente";"Saída de pista";0;0;0;0;0;0;0;0;0;0;0;1;0;0;0
"19/02/2024";"05:01:00";"147";"Com vítima";"6,200";"BR-493/RJ";"Crescente";"Colisão lateral no mesmo sentido";0;0;0;0;0;0;0;0;0;0;2;1;0;0;0
"19/02/2024";"08:00:00";"186";"Com vítima";"90,000";"BR-493/RJ";"Crescente";"Colisão traseira";0;0;0;0;0;0;0;0;0;0;1;3;0;0;0
"19/02/2024";"08:01:00";"187";"Com vítima";"763,000";"BR-116/RJ";"Crescente";"Colisão traseira";0;0;0;0;0;0;0;0;0;0;1;1;0;0;0
"19/02/2024";"10:01:00";"217";"Com vítima";"137,992";"BR-116/RJ";"Crescente";"Colisão lateral no mesmo sentido";0;0;0;0;0;0;0;0;0;0;0;4;0;0;0
"19/02/2024";"11:27:00";"232";"Com vítima";"30,262";"BR-116/RJ";"Decrescente";"Choque";0;0;0;0;0;0;0;0;0;0;0;2;0;0;0
"19/02/2024";"12:30:00";"246";"Com vítima";"126,136";"BR-116/RJ";"Crescente";"Choque";0;0;0;0;0;0;0;0;0;0;0;2;0;0;0
"19/02/2024";"01:42:00";"266";"Com vítima";"181,000";"BR-116/RJ";"Decrescente";"Choque";0;0;0;0;0;0;0;0;0;0;0;2;0;0;0
"19/02/2024";"02:20:00";"284";"Sem vítima";"24,000";"BR-493/RJ";"Decrescente";"Colisão lateral em sentido contrário";0;0;0;0;0;0;0;0;0;0;2;0;0;0;0
"19/02/2024";"03:38:00";"304";"Com vítima";"10,445";"BR-465/RJ";"Decrescente";"Colisão lateral em sentido contrário";0;0;0;0;0;0;0;0;0;0;0;2;0;0;0
"19/02/2024";"03:46:00";"306";"Com vítima";"41,100";"BR-116/RJ";"Crescente";"Colisão transversal";0;0;0;0;0;0;0;0;0;0;0;4;1;0;0
"19/02/2024";"04:22:00";"311";"Com vítima";"450,458";"BR-116/RJ";"Crescente";"Saída de pista";0;0;0;0;0;0;0;0;0;0;0;1;0;0;0
"19/02/2024";"06:58:00";"341";"Com vítima";"147,708";"BR-116/RJ";"Crescente";"Colisão traseira";0;0;0;0;0;0;0;0;0;0;0;4;10;0;0
"19/02/2024";"07:33:00";"342";"Sem vítima";"22,320";"BR-493/RJ";"Crescente";"Tombamento";0;0;0;0;0;0;0;0;0;0;1;0;0;0;0
"19/02/2024";"09:34:00";"7";"Sem vítima";"527,759";"BR-116/RJ";"Decrescente";"Choque";0;0;0;0;0;0;0;0;0;0;3;0;0;0;0
"19/02/2024";"11:19:00";"45";"Sem vítima";"410,357";"BR-116/RJ";"Decrescente";"Saída de pista";0;0;0;0;0;0;0;0;0;0;1;0;0;0;0
"20/02/2024";"02:29:00";"141";"Com vítima";"139,000";"BR-116/RJ";"Crescente";"Choque";0;0;0;0;0;0;0;0;0;0;0;1;0;0;0
"20/02/2024";"03:45:00";"162";"Com vítima";"146,700";"BR-116/RJ";"Crescente";"Colisão lateral no mesmo sentido";0;0;0;0;0;0;0;0;0;0;0;2;0;0;0
"20/02/2024";"06:45:00";"203";"Com vítima";"187,000";"BR-116/RJ";"Decrescente";"Colisão traseira";0;0;0;0;0;0;0;0;0;0;0;3;0;0;0
"20/02/2024";"07:23:00";"214";"Com vítima";"174,376";"BR-116/RJ";"Decrescente";"Engavetamento";0;0;0;0;0;0;0;0;0;0;0;4;0;0;0
"20/02/2024";"09:09:00";"247";"Com vítima";"422,476";"BR-116/RJ";"Decrescente";"Capotamento";0;0;0;0;0;0;0;0;0;0;0;1;0;0;0
"20/02/2024";"09:50:00";"258";"Com vítima";"600,443";"BR-116/RJ";"Crescente";"Choque";0;0;0;0;0;0;0;0;0;0;0;1;0;0;0
"20/02/2024";"10:55:00";"271";"Com vítima";"175,000";"BR-116/RJ";"Crescente";"Queda de moto";0;0;0;0;0;0;0;0;0;0;0;1;0;0;0
"20/02/2024";"05:57:00";"359";"Sem vítima";"19,000";"BR-493/RJ";"Decrescente";"Colisão lateral no mesmo sentido";0;0;0;0;0;0;0;0;0;0;2;0;0;0;0
"20/02/2024";"06:15:00";"363";"Sem vítima";"13,900";"BR-116/RJ";"Decrescente";"Saída de pista";0;0;0;0;0;0;0;0;0;0;1;0;0;0;0
"20/02/2024";"07:13:00";"368";"Com vítima";"178,000";"BR-116/RJ";"Crescente";"Colisão traseira";0;0;0;0;0;0;0;0;0;0;0;2;0;0;0
"21/02/2024";"03:07:00";"161";"Com vítima";"185,000";"BR-116/RJ";"Decrescente";"Queda de moto";0;0;0;0;0;0;0;0;0;0;0;1;0;0;0
"21/02/2024";"03:09:00";"162";"Com vítima";"555,000";"BR-116/RJ";"Decrescente";"Capotamento";0;0;0;0;0;0;0;0;0;0;0;1;0;0;0
"21/02/2024";"03:51:00";"169";"Com vítima";"102,000";"BR-116/RJ";"Crescente";"Colisão traseira";0;0;0;0;0;0;0;0;0;0;1;4;0;0;0
"21/02/2024";"04:00:00";"171";"Com vítima";"688,000";"BR-116/RJ";"Crescente";"Tombamento";0;0;0;0;0;0;0;0;0;0;0;0;1;0;0
"21/02/2024";"04:19:00";"175";"Com vítima";"126,800";"BR-116/RJ";"Decrescente";"Colisão traseira";0;0;0;0;0;0;0;0;0;0;2;1;1;0;0
"21/02/2024";"04:20:00";"176";"Com vítima";"501,000";"BR-116/RJ";"Decrescente";"Colisão frontal";0;0;0;0;0;0;0;0;0;0;1;0;1;0;0
"21/02/2024";"05:06:00";"184";"Com vítima";"190,000";"BR-116/RJ";"Decrescente";"Colisão lateral no mesmo sentido";0;0;0;0;0;0;0;0;0;0;0;2;1;0;0
"21/02/2024";"05:59:00";"195";"Com vítima";"177,000";"BR-116/RJ";"Decrescente";"Queda de moto";0;0;0;0;0;0;0;0;0;0;0;0;1;0;0
"21/02/2024";"07:17:00";"216";"Com vítima";"6,000";"BR-493/RJ";"Decrescente";"Queda de moto";0;0;0;0;0;0;0;0;0;0;0;2;0;0;0
"21/02/2024";"11:20:00";"274";"Com vítima";"184,000";"BR-116/RJ";"Crescente";"Queda de moto";0;0;0;0;0;0;0;0;0;0;0;0;0;1;0
"21/02/2024";"11:31:00";"276";"Sem vítima";"130,000";"BR-116/RJ";"Crescente";"Choque";0;0;0;0;0;0;0;0;0;0;1;0;0;0;0
"21/02/2024";"12:33:00";"290";"Sem vítima";"147,383";"BR-116/RJ";"Crescente";"Choque";0;0;0;0;0;0;0;0;0;0;1;0;0;0;0
"21/02/2024";"01:12:00";"298";"Sem vítima";"25,500";"BR-116/RJ";"Decrescente";"Choque";0;0;0;0;0;0;0;0;0;0;1;0;0;0;0
"21/02/2024";"03:04:00";"318";"Com vítima";"113,059";"BR-116/RJ";"Crescente";"Choque";0;0;0;0;0;0;0;0;0;0;3;0;1;0;0
"21/02/2024";"03:28:00";"325";"Com vítima";"173,000";"BR-116/RJ";"Decrescente";"Colisão traseira";0;0;0;0;0;0;0;0;0;0;0;2;0;0;0
"21/02/2024";"04:16:00";"336";"Com vítima";"1,211";"BR-493/RJ";"Decrescente";"Choque";0;0;0;0;0;0;0;0;0;0;0;0;1;0;0