data;horario;n_da_ocorrencia;tipo_de_ocorrencia;km;trecho;sentido;tipo_de_acidente;automovel;bicicleta;caminhao;moto;onibus;outros;tracao_animal;transporte_de_cargas_especiais;trator_maquinas;utilitarios;ilesos;levemente_feridos;moderadamente_feridos;gravemente_feridos;mortos
"21/02/2024";"05:51:00";"368";"Com vítima";"554,642";"BR-116/RJ";"Crescente";"Choque";0;0;0;0;0;0;0;0;0;0;1;1;0;0;0
"21/02/2024";"05:52:00";"369";"Com vítima";"30,228";"BR-116/RJ";"Decrescente";"Choque";0;0;0;0;0;0;0;0;0;0;0;1;2;0;0
"21/02/2024";"06:51:00";"372";"Com vítima";"110,467";"BR-116/RJ";"Decrescente";"Atropelamento de ciclista";0;0;0;0;0;0;0;0;0;0;1;0;0;0;0
"21/02/2024";"07:04:00";"375";"Com vítima";"794,000";"BR-116/RJ";"Crescente";"Choque";0;0;0;0;0;0;0;0;0;0;1;4;0;0;0
"21/02/2024";"08:24:00";"385";"Com vítima";"96,000";"BR-493/RJ";"Decrescente";"Saída de pista";0;0;0;0;0;0;0;0;0;0;0;1;0;0;0
"21/02/2024";"09:09:00";"5";"Sem vítima";"415,718";"BR-116/RJ";"Crescente";"Colisão lateral no mesmo sentido";0;0;0;0;0;0;0;0;0;0;2;0;0;0;0
"21/02/2024";"10:19:00";"17";"Sem vítima";"200,000";"BR-116/RJ";"Decrescente";"Choque";0;0;0;0;0;0;0;0;0;0;1;0;0;0;0
"21/02/2024";"10:29:00";"23";"Com vítima";"16,916";"BR-493/RJ";"Crescente";"Atropelamento de animal";0;0;0;0;0;0;0;0;0;0;1;0;0;0;0
"22/02/2024";"12:57:00";"83";"Com vítima";"63,534";"BR-116/RJ";"Crescente";"Choque";0;0;0;0;0;0;0;0;0;0;0;2;0;0;0
"22/02/2024";"04:49:00";"118";"Sem vítima";"100,000";"BR-116/RJ";"Decrescente";"Saída de pista";0;0;0;0;0;0;0;0;0;0;1;0;0;0;0
"22/02/2024";"11:51:00";"214";"Com vítima";"21,000";"BR-493/RJ";"Decrescente";"Colisão traseira";0;0;0;0;0;0;0;0;0;0;1;1;0;0;0
"22/02/2024";"01:14:00";"231";"Com vítima";"753,500";"BR-116/RJ";"Crescente";"Saída de pista";0;0;0;0;0;0;0;0;0;0;0;1;0;0;0
"22/02/2024";"01:22:00";"232";"Com vítima";"178,700";"BR-116/RJ";"Decrescente";"Colisão traseira";0;0;0;0;0;0;0;0;0;0;0;3;0;0;0
"23/02/2024";"02:31:00";"128";"Com vítima";"707,000";"BR-116/RJ";"Crescente";"Queda de bicicleta";0;0;0;0;0;0;0;0;0;0;0;0;0;0;0
"23/02/2024";"04:50:00";"162";"Sem vítima";"51,400";"BR-116/RJ";"Crescente";"Choque";0;0;0;0;0;0;0;0;0;0;1;0;0;0;0
"23/02/2024";"05:29:00";"172";"Com vítima";"102,000";"BR-116/RJ";"Decrescente";"Colisão lateral no mesmo sentido";0;0;0;0;0;0;0;0;0;0;0;4;0;0;0
"23/02/2024";"05:45:00";"180";"Com vítima";"98,727";"BR-116/RJ";"Decrescente";"Colisão lateral em sentido contrário";0;0;0;0;0;0;0;0;0;0;1;6;0;0;0
"23/02/2024";"06:34:00";"198";"Com vítima";"97,000";"BR-116/RJ";"Decrescente";"Choque";0;0;0;0;0;0;0;0;0;0;0;1;0;0;0
"23/02/2024";"07:08:00";"213";"Sem vítima";"23,000";"BR-493/RJ";"Crescente";"Colisão traseira";0;0;0;0;0;0;0;0;0;0;2;0;0;0;0
"23/02/2024";"07:59:00";"223";"Com vítima";"170,000";"BR-116/RJ";"Decrescente";"Colisão lateral no mesmo sentido";0;0;0;0;0;0;0;0;0;0;1;1;0;0;0
"23/02/2024";"08:25:00";"232";"Com vítima";"780,000";"BR-116/RJ";"Crescente";"Capotamento";0;0;0;0;0;0;0;0;0;0;0;1;0;0;0
"23/02/2024";"10:32:00";"264";"Com vítima";"780,200";"BR-116/RJ";"Crescente";"Queda de moto";0;0;0;0;0;0;0;0;0;0;0;1;0;0;0
"23/02/2024";"11:40:00";"287";"Com vítima";"207,959";"BR-116/RJ";"Decrescente";"Colisão transversal";0;0;0;0;0;0;0;0;0;0;1;0;1;0;0
"23/02/2024";"11:59:00";"290";"Com vítima";"201,145";"BR-116/RJ";"Decrescente";"Choque";0;0;0;0;0;0;0;0;0;0;0;0;1;0;0
"23/02/2024";"02:55:00";"329";"Sem vítima";"175,800";"BR-116/RJ";"Crescente";"Colisão lateral no mesmo sentido";0;0;0;0;0;0;0;0;0;0;2;0;0;0;0
"23/02/2024";"03:42:00";"338";"Com vítima";"699,127";"BR-116/RJ";"Crescente";"Colisão lateral em sentido contrário";0;0;0;0;0;0;0;0;0;0;0;3;0;0;0
"23/02/2024";"04:22:00";"354";"Com vítima";"196,325";"BR-116/RJ";"Decrescente";"Choque";0;0;0;0;0;0;0;0;0;0;0;1;0;0;0
"23/02/2024";"04:22:00";"355";"Com vítima";"214,100";"BR-116/RJ";"Decrescente";"Atropelamento de pedestre";0;0;0;0;0;0;0;0;0;0;1;0;0;0;0
"23/02/2024";"04:36:00";"360";"Com vítima";"16,000";"BR-465/RJ";"Decrescente";"Queda de moto";0;0;0;0;0;0;0;0;0;0;0;0;1;0;0
"23/02/2024";"04:42:00";"363";"Sem vítima";"65,900";"BR-493/RJ";"Decrescente";"Saída de pista";0;0;0;0;0;0;0;0;0;0;1;0;0;0;0
"23/02/2024";"05:50:00";"374";"Com vítima";"469,139";"BR-116/RJ";"Decrescente";"Choque";0;0;0;0;0;0;0;0;0;0;0;1;0;0;0
"23/02/2024";"07:54:00";"387";"Sem vítima";"139,950";"BR-116/RJ";"Decrescente";"Atropelamento de animal";0;0;0;0;0;0;0;0;0;0;1;0;0;0;0
"24/02/2024";"02:34:00";"111";"Com vítima";"213,000";"BR-116/RJ";"Decrescente";"Atropelamento de animal";0;0;0;0;0;0;0;0;0;0;1;0;0;0;0
"24/02/2024";"05:06:00";"146";"Com vítima";"507,269";"BR-116/RJ";"Crescente";"Colisão transversal";0;0;0;0;0;0;0;0;0;0;1;0;1;0;0
"24/02/2024";"06:01:00";"160";"Com vítima";"21,000";"BR-465/RJ";"Decrescente";"Atropelamento de pedestre";0;0;0;0;0;0;0;0;0;0;0;1;0;0;0
"24/02/2024";"09:13:00";"206";"Com vítima";"21,000";"BR-465/RJ";"Crescente";"Atropelamento de pedestre";0;0;0;0;0;0;0;0;0;0;1;0;0;0;0
"24/02/2024";"09:25:00";"209";"Com vítima";"21,000";"BR-465/RJ";"Decrescente";"Atropelamento de pedestre";0;0;0;0;0;0;0;0;0;0;1;0;0;0;0
"24/02/2024";"10:05:00";"216";"Com vítima";"97,000";"BR-493/RJ";"Decrescente";"Saída de pista";0;0;0;0;0;0;0;0;0;0;0;1;0;0;0
"24/02/2024";"12:18:00";"247";"Com vítima";"13,670";"BR-493/RJ";"Decrescente";"Colisão traseira";0;0;0;0;0;0;0;0;0;0;0;2;0;0;0
"24/02/2024";"01:38:00";"274";"Com vítima";"208,850";"BR-116/RJ";"Crescente";"Choque";0;0;0;0;0;0;0;0;0;0;0;1;0;0;0
"24/02/2024";"02:07:00";"281";"Com vítima";"15,000";"BR-465/RJ";"Decrescente";"Colisão traseira";0;0;0;0;0;0;0;0;0;0;0;2;0;0;0
"24/02/2024";"02:24:00";"289";"Sem vítima";"18,000";"BR-465/RJ";"Crescente";"Saída de pista";0;0;0;0;0;0;0;0;0;0;1;0;0;0;0
"24/02/2024";"03:43:00";"301";"Sem vítima";"146,600";"BR-116/RJ";"Crescente";"Colisão traseira";0;0;0;0;0;0;0;0;0;0;2;0;0;0;0
"24/02/2024";"04:50:00";"308";"Com vítima";"178,890";"BR-116/RJ";"Decrescente";"Queda de moto";0;0;0;0;0;0;0;0;0;0;0;1;0;0;0
"24/02/2024";"06:44:00";"332";"Com vítima";"137,100";"BR-116/RJ";"Decrescente";"Queda de moto";0;0;0;0;0;0;0;0;0;0;0;0;1;0;0
"24/02/2024";"07:26:00";"341";"Com vítima";"192,610";"BR-116/RJ";"Crescente";"Queda de moto";0;0;0;0;0;0;0;0;0;0;1;1;0;1;0
"25/02/2024";"04:55:00";"110";"Com vítima";"187,000";"BR-116/RJ";"Crescente";"Queda de moto";0;0;0;0;0;0;0;0;0;0;0;1;0;0;0
"25/02/2024";"05:05:00";"112";"Com vítima";"186,520";"BR-116/RJ";"Crescente";"Colisão traseira";0;0;0;0;0;0;0;0;0;0;0;7;0;0;0
"25/02/2024";"07:13:00";"139";"Com vítima";"141,470";"BR-116/RJ";"Crescente";"Choque";0;0;0;0;0;0;0;0;0;0;0;1;0;0;0
"25/02/2024";"07:30:00";"141";"Com vítima";"515,000";"BR-116/RJ";"Decrescente";"Colisão lateral em sentido contrário";0;0;0;0;0;0;0;0;0;0;1;1;0;0;0
"25/02/2024";"08:56:00";"160";"Com vítima";"129,381";"BR-116/RJ";"Crescente";"Choque";0;0;0;0;0;0;0;0;0;0;0;0;2;0;0
"25/02/2024";"09:39:00";"167";"Sem vítima";"213,000";"BR-116/RJ";"Decrescente";"Colisão traseira";0;0;0;0;0;0;0;0;0;0;2;0;0;0;0
"25/02/2024";"09:57:00";"171";"Com vítima";"572,000";"BR-116/RJ";"Decrescente";"Capotamento";0;0;0;0;0;0;0;0;0;0;0;2;0;0;0
"25/02/2024";"01:19:00";"213";"Com vítima";"778,337";"BR-116/RJ";"Decrescente";"Choque";0;0;0;0;0;0;0;0;0;0;0;2;0;0;0
"25/02/2024";"02:09:00";"225";"Sem vítima";"87,500";"BR-493/RJ";"Decrescente";"Saída de pista";0;0;0;0;0;0;0;0;0;0;1;0;0;0;0
"25/02/2024";"02:38:00";"234";"Com vítima";"633,291";"BR-116/RJ";"Crescente";"Queda de moto";0;0;0;0;0;0;0;0;0;0;0;0;1;0;0
"25/02/2024";"05:06:00";"262";"Sem vítima";"3,253";"BR-493/RJ";"Crescente";"Saída de pista";0;0;0;0;0;0;0;0;0;0;1;0;0;0;0
"25/02/2024";"09:45:00";"18";"Com vítima";"780,379";"BR-116/RJ";"Crescente";"Choque";0;0;0;0;0;0;0;0;0;0;0;1;0;0;0
"26/02/2024";"02:59:00";"150";"Com vítima";"8,874";"BR-465/RJ";"Crescente";"Colisão lateral no mesmo sentido";0;0;0;0;0;0;0;0;0;0;1;1;0;0;0
"26/02/2024";"03:45:00";"156";"Com vítima";"170,000";"BR-116/RJ";"Decrescente";"Engavetamento";0;0;0;0;0;0;0;0;0;0;0;6;0;0;0
"26/02/2024";"05:04:00";"177";"Com vítima";"55,500";"BR-493/RJ";"Crescente";"Saída de pista";0;0;0;0;0;0;0;0;0;0;0;1;0;0;0
"26/02/2024";"06:24:00";"195";"Com vítima";"127,950";"BR-116/RJ";"Crescente";"Choque";0;0;0;0;0;0;0;0;0;0;0;1;0;0;0
"26/02/2024";"07:19:00";"210";"Com vítima";"22,000";"BR-493/RJ";"Crescente";"Colisão lateral no mesmo sentido";0;0;0;0;0;0;0;0;0;0;1;0;1;0;0
"26/02/2024";"07:26:00";"212";"Sem vítima";"15,000";"BR-465/RJ";"Crescente";"Colisão lateral no mesmo sentido";0;0;0;0;0;0;0;0;0;0;2;0;0;0;0
"26/02/2024";"09:55:00";"252";"Com vítima";"772,000";"BR-116/RJ";"Decrescente";"Colisão lateral em sentido contrário";0;0;0;0;0;0;0;0;0;0;0;3;0;0;0
"26/02/2024";"11:54:00";"276";"Sem vítima";"181,000";"BR-116/RJ";"Crescente";"Colisão lateral no mesmo sentido";0;0;0;0;0;0;0;0;0;0;2;0;0;0;0
"26/02/2024";"01:24:00";"294";"Sem vítima";"13,000";"BR-493/RJ";"Crescente";"Colisão lateral no mesmo sentido";0;0;0;0;0;0;0;0;0;0;2;0;0;0;0
"26/02/2024";"07:22:00";"359";"Com vítima";"524,688";"BR-116/RJ";"Crescente";"Colisão frontal";0;0;0;0;0;0;0;0;0;0;1;1;1;0;0
"27/02/2024";"01:49:00";"125";"Com vítima";"209,435";"BR-116/RJ";"Crescente";"Queda de moto";0;0;0;0;0;0;0;0;0;0;0;0;1;0;0
"27/02/2024";"02:32:00";"130";"Com vítima";"590,112";"BR-116/RJ";"Crescente";"Saída de pista";0;0;0;0;0;0;0;0;0;0;0;0;1;0;0
"27/02/2024";"02:59:00";"135";"Com vítima";"185,047";"BR-116/RJ";"Decrescente";"Engavetamento";0;0;0;0;0;0;0;0;0;0;6;1;0;0;0
"27/02/2024";"04:58:00";"159";"Com vítima";"20,000";"BR-493/RJ";"Decrescente";"Colisão lateral no mesmo sentido";0;0;0;0;0;0;0;0;0;0;0;3;0;0;0
"27/02/2024";"05:05:00";"160";"Com vítima";"691,000";"BR-116/RJ";"Decrescente";"Atropelamento de animal";0;0;0;0;0;0;0;0;0;0;0;1;0;0;0
"27/02/2024";"05:07:00";"161";"Com vítima";"180,000";"BR-116/RJ";"Crescente";"Colisão traseira";0;0;0;0;0;0;0;0;0;0;1;0;0;1;0
"27/02/2024";"10:13:00";"225";"Com vítima";"580,554";"BR-116/RJ";"Decrescente";"Tombamento";0;0;0;0;0;0;0;0;0;0;0;0;0;0;2
"27/02/2024";"11:33:00";"241";"Com vítima";"2,000";"BR-465/RJ";"Crescente";"Colisão transversal";0;0;0;0;0;0;0;0;0;0;1;0;1;0;0
"27/02/2024";"12:54:00";"256";"Com vítima";"98,000";"BR-116/RJ";"Decrescente";"Choque";0;0;0;0;0;0;0;0;0;0;0;1;0;0;0
"27/02/2024";"01:45:00";"273";"Com vítima";"196,000";"BR-116/RJ";"Decrescente";"Atropelamento de pedestre";0;0;0;0;0;0;0;0;0;0;2;0;0;0;0
"27/02/2024";"01:58:00";"280";"Com vítima";"171,000";"BR-116/RJ";"Crescente";"Colisão traseira";0;0;0;0;0;0;0;0;0;0;1;1;0;0;0
"27/02/2024";"10:31:00";"56";"Sem vítima";"212,926";"BR-116/RJ";"Crescente";"Colisão traseira";0;0;0;0;0;0;0;0;0;0;2;0;0;0;0
"28/02/2024";"03:56:00";"122";"Com vítima";"7,104";"BR-493/RJ";"Decrescente";"Colisão traseira";0;0;0;0;0;0;0;0;0;0;0;2;0;0;0
"28/02/2024";"03:57:00";"123";"Com vítima";"174,563";"BR-116/RJ";"Decrescente";"Colisão traseira";0;0;0;0;0;0;0;0;0;0;0;4;0;0;0
"28/02/2024";"06:07:00";"148";"Com vítima";"678,000";"BR-116/RJ";"Decrescente";"Colisão traseira";0;0;0;0;0;0;0;0;0;0;1;1;0;0;0
"28/02/2024";"06:24:00";"154";"Com vítima";"530,000";"BR-116/RJ";"Crescente";"Colisão lateral no mesmo sentido";0;0;0;0;0;0;0;0;0;0;0;2;0;0;0
"28/02/2024";"08:36:00";"189";"Com vítima";"23,000";"BR-493/RJ";"Crescente";"Colisão traseira";0;0;0;0;0;0;0;0;0;0;0;2;0;0;0
"28/02/2024";"10:37:00";"222";"Com vítima";"132,911";"BR-116/RJ";"Crescente";"Colisão traseira";0;0;0;0;0;0;0;0;0;0;0;2;2;1;0
"28/02/2024";"12:01:00";"241";"Com vítima";"0,035";"BR-493/RJ";"Decrescente";"Colisão traseira";0;0;0;0;0;0;0;0;0;0;1;1;0;0;0
"28/02/2024";"01:02:00";"254";"Sem vítima";"212,900";"BR-116/RJ";"Crescente";"Colisão traseira";0;0;0;0;0;0;0;0;0;0;2;0;0;0;0
"28/02/2024";"03:51:00";"285";"Com vítima";"190,903";"BR-116/RJ";"Crescente";"Colisão traseira";0;0;0;0;0;0;0;0;0;0;0;1;1;0;0
"28/02/2024";"04:47:00";"295";"Com vítima";"533,083";"BR-116/RJ";"Crescente";"Colisão traseira";0;0;0;0;0;0;0;0;0;0;1;1;0;0;0
"28/02/2024";"08:54:00";"325";"Com vítima";"503,000";"BR-116/RJ";"Crescente";"Queda de moto";0;0;0;0;0;0;0;0;0;0;0;1;0;0;0
"29/02/2024";"05:33:00";"150";"Com vítima";"192,000";"BR-116/RJ";"Crescente";"Queda de moto";0;0;0;0;0;0;0;0;0;0;0;2;0;0;0
"29/02/2024";"05:49:00";"157";"Com vítima";"127,000";"BR-116/RJ";"Crescente";"Colisão lateral no mesmo sentido";0;0;0;0;0;0;0;0;0;0;0;2;0;0;0
"29/02/2024";"06:01:00";"160";"Com vítima";"178,000";"BR-116/RJ";"Decrescente";"Colisão traseira";0;0;0;0;0;0;0;0;0;0;1;0;1;0;0
"29/02/2024";"08:16:00";"193";"Com vítima";"17,908";"BR-465/RJ";"Crescente";"Colisão traseira";0;0;0;0;0;0;0;0;0;0;1;0;1;0;0
"29/02/2024";"09:06:00";"207";"Sem vítima";"182,000";"BR-116/RJ";"Crescente";"Colisão lateral no mesmo sentido";0;0;0;0;0;0;0;0;0;0;2;0;0;0;0
"29/02/2024";"10:28:00";"233";"Com vítima";"58,000";"BR-116/RJ";"Decrescente";"Colisão transversal";0;0;0;0;0;0;0;0;0;0;0;5;0;0;0
"29/02/2024";"01:17:00";"272";"Com vítima";"142,328";"BR-116/RJ";"Decrescente";"Colisão lateral no mesmo sentido";0;0;0;0;0;0;0;0;0;0;0;2;0;0;0
"29/02/2024";"02:24:00";"289";"Sem vítima";"186,000";"BR-116/RJ";"Decrescente";"Colisão traseira";0;0;0;0;0;0;0;0;0;0;4;0;0;0;0
"29/02/2024";"02:50:00";"292";"Sem vítima";"116,979";"BR-493/RJ";"Decrescente";"Queda de moto";0;0;0;0;0;0;0;0;0;0;1;0;0;0;0
"29/02/2024";"06:38:00";"341";"Com vítima";"646,840";"BR-116/RJ";"Decrescente";"Colisão frontal";0;0;0;0;0;0;0;0;0;0;0;2;1;0;0
"29/02/2024";"07:13:00";"344";"Sem vítima";"179,000";"BR-116/RJ";"Decrescente";"Colisão traseira";0;0;0;0;0;0;0;0;0;0;2;0;0;0;0
"29/02/2024";"10:55:00";"83";"Com vítima";"448,466";"BR-116/RJ";"Decrescente";"Choque";0;0;0;0;0;0;0;0;0;0;0;2;0;0;0
"01/03/2024";"02:53:00";"119";"Sem vítima";"188,000";"BR-116/RJ";"Crescente";"Choque";0;0;0;0;0;0;0;0;0;0;1;0;0;0;0
"01/03/2024";"03:56:00";"130";"Com vítima";"640,800";"BR-116/RJ";"Decrescente";"Colisão traseira";0;0;0;0;0;0;0;0;0;0;1;2;0;0;0
"01/03/2024";"04:03:00";"133";"Sem vítima";"22,000";"BR-465/RJ";"Decrescente";"Colisão traseira";0;0;0;0;0;0;0;0;0;0;2;0;0;0;0
"01/03/2024";"04:37:00";"137";"Com vítima";"411,000";"BR-116/RJ";"Crescente";"Colisão traseira";0;0;0;0;0;0;0;0;0;0;0;3;0;0;0
"01/03/2024";"09:20:00";"210";"Com vítima";"98,223";"BR-493/RJ";"Crescente";"Atropelamento de ciclista";0;0;0;0;0;0;0;0;0;0;0;2;0;0;0
"01/03/2024";"11:09:00";"234";"Com vítima";"635,000";"BR-116/RJ";"Decrescente";"Colisão transversal";0;0;0;0;0;0;0;0;0;0;1;4;0;1;0
"01/03/2024";"01:33:00";"283";"Com vítima";"509,000";"BR-116/RJ";"Decrescente";"Colisão transversal";0;0;0;0;0;0;0;0;0;0;1;0;0;0;0
"01/03/2024";"01:52:00";"289";"Com vítima";"51,000";"BR-493/RJ";"Crescente";"Colisão traseira";0;0;0;0;0;0;0;0;0;0;0;2;0;0;0
"01/03/2024";"02:47:00";"307";"Com vítima";"413,192";"BR-116/RJ";"Decrescente";"Colisão traseira";0;0;0;0;0;0;0;0;0;0;1;1;0;0;1
"01/03/2024";"03:34:00";"313";"Com vítima";"490,910";"BR-116/RJ";"Crescente";"Colisão frontal";0;0;0;0;0;0;0;0;0;0;1;0;1;1;0
"01/03/2024";"04:06:00";"326";"Com vítima";"716,761";"BR-116/RJ";"Decrescente";"Capotamento";0;0;0;0;0;0;0;0;0;0;0;1;0;0;0
"01/03/2024";"04:35:00";"331";"Com vítima";"63,688";"BR-493/RJ";"Crescente";"Saída de pista";0;0;0;0;0;0;0;0;0;0;0;1;0;0;0
"01/03/2024";"05:49:00";"349";"Sem vítima";"571,066";"BR-116/RJ";"Crescente";"Choque";0;0;0;0;0;0;0;0;0;0;1;0;0;0;0
"01/03/2024";"07:17:00";"371";"Com vítima";"424,908";"BR-116/RJ";"Decrescente";"Atropelamento de pedestre";0;0;0;0;0;0;0;0;0;0;2;0;0;0;0
"02/03/2024";"02:28:00";"77";"Com vítima";"174,000";"BR-116/RJ";"Crescente";"Choque";0;0;0;0;0;0;0;0;0;0;0;3;0;0;0
"02/03/2024";"03:48:00";"91";"Com vítima";"758,000";"BR-116/RJ";"Decrescente";"Saída de pista";0;0;0;0;0;0;0;0;0;0;0;1;0;0;0
"02/03/2024";"04:43:00";"100";"Com vítima";"13,000";"BR-116/RJ";"Crescente";"Colisão traseira";0;0;0;0;0;0;0;0;0;0;0;2;0;0;0
"02/03/2024";"05:40:00";"118";"Com vítima";"31,000";"BR-116/RJ";"Decrescente";"Colisão traseira";0;0;0;0;0;0;0;0;0;0;0;4;0;0;0
"02/03/2024";"06:22:00";"130";"Com vítima";"147,808";"BR-116/RJ";"Decrescente";"Colisão lateral no mesmo sentido";0;0;0;0;0;0;0;0;0;0;0;8;0;0;0
"02/03/2024";"06:40:00";"135";"Com vítima";"147,990";"BR-116/RJ";"Decrescente";"Colisão lateral no mesmo sentido";0;0;0;0;0;0;0;0;0;0;0;2;0;0;0
"02/03/2024";"07:23:00";"137";"Com vítima";"496,000";"BR-116/RJ";"Decrescente";"Colisão transversal";0;0;0;0;0;0;0;0;0;0;0;1;0;1;0
"02/03/2024";"07:39:00";"140";"Com vítima";"750,000";"BR-116/RJ";"Crescente";"Saída de pista";0;0;0;0;0;0;0;0;0;0;0;2;0;0;0
"02/03/2024";"08:54:00";"159";"Com vítima";"26,000";"BR-116/RJ";"Crescente";"Choque";0;0;0;0;0;0;0;0;0;0;0;1;0;0;0
"02/03/2024";"09:14:00";"164";"Com vítima";"414,000";"BR-116/RJ";"Crescente";"Queda de bicicleta";0;0;0;0;0;0;0;0;0;0;0;0;0;0;0
"02/03/2024";"11:12:00";"192";"Com vítima";"555,000";"BR-116/RJ";"Crescente";"Capotamento";0;0;0;0;0;0;0;0;0;0;0;0;1;0;0
"02/03/2024";"12:41:00";"212";"Com vítima";"181,000";"BR-116/RJ";"Crescente";"Colisão lateral em sentido contrário";0;0;0;0;0;0;0;0;0;0;0;1;1;0;0
"02/03/2024";"01:32:00";"221";"Sem vítima";"20,000";"BR-465/RJ";"Crescente";"Colisão lateral no mesmo sentido";0;0;0;0;0;0;0;0;0;0;2;0;0;0;0
"02/03/2024";"02:57:00";"234";"Sem vítima";"190,434";"BR-116/RJ";"Crescente";"Choque";0;0;0;0;0;0;0;0;0;0;1;0;0;0;0
"02/03/2024";"03:02:00";"235";"Com vítima";"68,619";"BR-116/RJ";"Crescente";"Choque";0;0;0;0;0;0;0;0;0;0;0;0;1;0;0
"02/03/2024";"03:52:00";"243";"Com vítima";"96,226";"BR-493/RJ";"Decrescente";"Capotamento";0;0;0;0;0;0;0;0;0;0;0;3;0;0;0
"02/03/2024";"04:02:00";"246";"Com vítima";"170,976";"BR-116/RJ";"Decrescente";"Colisão traseira";0;0;0;0;0;0;0;0;0;0;1;3;0;1;0
"02/03/2024";"04:59:00";"256";"Com vítima";"17,908";"BR-465/RJ";"Decrescente";"Colisão transversal";0;0;0;0;0;0;0;0;0;0;1;1;0;0;0
"02/03/2024";"05:29:00";"259";"Com vítima";"752,266";"BR-116/RJ";"Decrescente";"Colisão transversal";0;0;0;0;0;0;0;0;0;0;2;0;0;1;0
"02/03/2024";"06:06:00";"265";"Com vítima";"76,023";"BR-116/RJ";"Decrescente";"Choque";0;0;0;0;0;0;0;0;0;0;0;1;0;0;0
"02/03/2024";"07:43:00";"276";"Sem vítima";"673,159";"BR-116/RJ";"Decrescente";"Capotamento";0;0;0;0;0;0;0;0;0;0;1;0;0;0;0
"02/03/2024";"08:15:00";"280";"Com vítima";"592,448";"BR-116/RJ";"Crescente";"Capotamento";0;0;0;0;0;0;0;0;0;0;0;0;1;0;0
"02/03/2024";"11:41:00";"21";"Com vítima";"63,000";"BR-493/RJ";"Decrescente";"Acidentes de outra natureza";0;0;0;0;0;0;0;0;0;0;0;1;0;0;0
"03/03/2024";"01:04:00";"27";"Com vítima";"3,207";"BR-493/RJ";"Crescente";"Choque";0;0;0;0;0;0;0;0;0;0;0;1;0;0;0
"03/03/2024";"03:27:00";"38";"Sem vítima";"663,000";"BR-116/RJ";"Decrescente";"Choque";0;0;0;0;0;0;0;0;0;0;1;0;0;0;0
"03/03/2024";"04:46:00";"49";"Sem vítima";"1,000";"BR-465/RJ";"Crescente";"Queda de moto";0;0;0;0;0;0;0;0;0;0;1;0;0;0;0
"03/03/2024";"05:33:00";"60";"Com vítima";"173,800";"BR-116/RJ";"Crescente";"Queda de moto";0;0;0;0;0;0;0;0;0;0;0;1;0;0;0
"03/03/2024";"12:56:00";"137";"Sem vítima";"9,400";"BR-465/RJ";"Decrescente";"Saída de pista";0;0;0;0;0;0;0;0;0;0;1;0;0;0;0
"03/03/2024";"01:43:00";"154";"Com vítima";"616,000";"BR-116/RJ";"Decrescente";"Colisão traseira";0;0;0;0;0;0;0;0;0;0;1;1;0;0;0
"03/03/2024";"01:48:00";"156";"Sem vítima";"112,000";"BR-493/RJ";"Crescente";"Colisão traseira";0;0;0;0;0;0;0;0;0;0;1;0;0;0;0
"03/03/2024";"02:08:00";"159";"Com vítima";"418,000";"BR-116/RJ";"Decrescente";"Colisão traseira";0;0;0;0;0;0;0;0;0;0;0;2;0;0;0
"03/03/2024";"03:35:00";"188";"Com vítima";"713,554";"BR-116/RJ";"Crescente";"Choque";0;0;0;0;0;0;0;0;0;0;0;1;0;0;0
"03/03/2024";"05:19:00";"203";"Com vítima";"82,710";"BR-116/RJ";"Decrescente";"Colisão transversal";0;0;0;0;0;0;0;0;0;0;2;1;1;0;0
"03/03/2024";"06:03:00";"207";"Com vítima";"190,951";"BR-116/RJ";"Decrescente";"Colisão traseira";0;0;0;0;0;0;0;0;0;0;1;3;0;0;0
"03/03/2024";"06:50:00";"216";"Com vítima";"415,667";"BR-116/RJ";"Crescente";"Choque";0;0;0;0;0;0;0;0;0;0;1;0;0;1;0
"03/03/2024";"07:01:00";"217";"Com vítima";"189,238";"BR-116/RJ";"Decrescente";"Colisão traseira";0;0;0;0;0;0;0;0;0;0;6;2;0;0;0
"04/03/2024";"02:34:00";"22";"Com vítima";"95,415";"BR-493/RJ";"Decrescente";"Queda de moto";0;0;0;0;0;0;0;0;0;0;0;1;0;0;0
"04/03/2024";"03:31:00";"30";"Com vítima";"509,000";"BR-116/RJ";"Crescente";"Atropelamento de ciclista";0;0;0;0;0;0;0;0;0;0;0;1;0;0;0