data;horario;n_da_ocorrencia;tipo_de_ocorrencia;km;trecho;sentido;tipo_de_acidente;automovel;bicicleta;caminhao;moto;onibus;outros;tracao_animal;transporte_de_cargas_especiais;trator_maquinas;utilitarios;ilesos;levemente_feridos;moderadamente_feridos;gravemente_feridos;mortos
"04/03/2024";"06:19:00";"78";"Com vítima";"186,193";"BR-116/RJ";"Decrescente";"Queda de moto";0;0;0;0;0;0;0;0;0;0;0;4;0;0;0
"04/03/2024";"06:30:00";"85";"Sem vítima";"142,000";"BR-116/RJ";"Crescente";"Colisão traseira";0;0;0;0;0;0;0;0;0;0;2;0;0;0;0
"04/03/2024";"07:13:00";"100";"Com vítima";"202,533";"BR-116/RJ";"Crescente";"Queda de moto";0;0;0;0;0;0;0;0;0;0;0;1;1;0;0
"04/03/2024";"08:24:00";"121";"Com vítima";"454,000";"BR-116/RJ";"Decrescente";"Colisão lateral no mesmo sentido";0;0;0;0;0;0;0;0;0;0;0;1;1;0;0
"04/03/2024";"08:32:00";"127";"Com vítima";"42,000";"BR-116/RJ";"Crescente";"Colisão traseira";0;0;0;0;0;0;0;0;0;0;0;1;2;0;0
"04/03/2024";"01:55:00";"203";"Com vítima";"131,000";"BR-116/RJ";"Decrescente";"Choque";0;0;0;0;0;0;0;0;0;0;0;1;0;0;0
"04/03/2024";"04:00:00";"227";"Sem vítima";"200,000";"BR-116/RJ";"Decrescente";"Colisão lateral no mesmo sentido";0;0;0;0;0;0;0;0;0;0;2;0;0;0;0
"04/03/2024";"04:32:00";"232";"Com vítima";"212,000";"BR-116/RJ";"Decrescente";"Atropelamento de ciclista";0;0;0;0;0;0;0;0;0;0;0;0;1;0;0
"04/03/2024";"06:55:00";"251";"Com vítima";"408,716";"BR-116/RJ";"Decrescente";"Queda de moto";0;0;0;0;0;0;0;0;0;0;0;1;0;0;0
"04/03/2024";"07:31:00";"257";"Com vítima";"178,353";"BR-116/RJ";"Crescente";"Colisão lateral no mesmo sentido";0;0;0;0;0;0;0;0;0;0;2;1;0;0;0
"05/03/2024";"04:37:00";"159";"Com vítima";"171,000";"BR-116/RJ";"Decrescente";"Colisão lateral no mesmo sentido";0;0;0;0;0;0;0;0;0;0;1;1;0;0;0
"05/03/2024";"11:56:00";"274";"Com vítima";"94,000";"BR-116/RJ";"Decrescente";"Engavetamento";0;0;0;0;0;0;0;0;0;0;0;5;1;0;0
"05/03/2024";"12:01:00";"276";"Com vítima";"136,000";"BR-116/RJ";"Crescente";"Queda de moto";0;0;0;0;0;0;0;0;0;0;0;0;1;0;0
"05/03/2024";"12:31:00";"283";"Sem vítima";"522,000";"BR-116/RJ";"Crescente";"Colisão lateral no mesmo sentido";0;0;0;0;0;0;0;0;0;0;2;0;0;0;0
"05/03/2024";"01:59:00";"310";"Com vítima";"18,000";"BR-465/RJ";"Decrescente";"Colisão lateral no mesmo sentido";0;0;0;0;0;0;0;0;0;0;0;2;0;1;0
"05/03/2024";"03:32:00";"332";"Com vítima";"701,061";"BR-116/RJ";"Decrescente";"Colisão transversal";0;0;0;0;0;0;0;0;0;0;1;0;1;0;0
"05/03/2024";"04:42:00";"344";"Com vítima";"177,000";"BR-116/RJ";"Crescente";"Queda de moto";0;0;0;0;0;0;0;0;0;0;0;1;0;0;0
"05/03/2024";"04:50:00";"347";"Sem vítima";"19,765";"BR-493/RJ";"Decrescente";"Colisão traseira";0;0;0;0;0;0;0;0;0;0;2;0;0;0;0
"05/03/2024";"05:03:00";"350";"Sem vítima";"180,000";"BR-116/RJ";"Decrescente";"Choque";0;0;0;0;0;0;0;0;0;0;1;0;0;0;0
"05/03/2024";"05:17:00";"352";"Sem vítima";"108,000";"BR-493/RJ";"Decrescente";"Saída de pista";0;0;0;0;0;0;0;0;0;0;1;0;0;0;0
"05/03/2024";"05:29:00";"353";"Com vítima";"17,386";"BR-493/RJ";"Decrescente";"Saída de pista";0;0;0;0;0;0;0;0;0;0;0;1;0;0;0
"05/03/2024";"06:07:00";"358";"Sem vítima";"212,000";"BR-116/RJ";"Decrescente";"Colisão traseira";0;0;0;0;0;0;0;0;0;0;2;0;0;0;0
"05/03/2024";"06:18:00";"359";"Sem vítima";"52,304";"BR-493/RJ";"Crescente";"Saída de pista";0;0;0;0;0;0;0;0;0;0;1;0;0;0;0
"05/03/2024";"07:40:00";"367";"Com vítima";"176,000";"BR-116/RJ";"Crescente";"Colisão lateral no mesmo sentido";0;0;0;0;0;0;0;0;0;0;1;2;0;0;0
"05/03/2024";"10:33:00";"61";"Sem vítima";"93,000";"BR-116/RJ";"Decrescente";"Choque";0;0;0;0;0;0;0;0;0;0;1;0;0;0;0
"06/03/2024";"03:14:00";"162";"Sem vítima";"106,880";"BR-493/RJ";"Crescente";"Tombamento";0;0;0;0;0;0;0;0;0;0;1;0;0;0;0
"06/03/2024";"06:10:00";"209";"Com vítima";"99,000";"BR-116/RJ";"Crescente";"Colisão lateral em sentido contrário";0;0;0;0;0;0;0;0;0;0;0;5;0;0;0
"06/03/2024";"06:23:00";"216";"Sem vítima";"176,000";"BR-116/RJ";"Decrescente";"Queda de moto";0;0;0;0;0;0;0;0;0;0;2;0;0;0;0
"06/03/2024";"09:30:00";"251";"Sem vítima";"182,000";"BR-116/RJ";"Crescente";"Engavetamento";0;0;0;0;0;0;0;0;0;0;3;0;0;0;0
"06/03/2024";"10:04:00";"261";"Com vítima";"21,000";"BR-465/RJ";"Crescente";"Colisão lateral no mesmo sentido";0;0;0;0;0;0;0;0;0;0;1;1;0;0;0
"06/03/2024";"10:28:00";"267";"Com vítima";"183,000";"BR-116/RJ";"Crescente";"Queda de moto";0;0;0;0;0;0;0;0;0;0;0;2;0;0;0
"06/03/2024";"11:30:00";"273";"Com vítima";"547,000";"BR-116/RJ";"Decrescente";"Choque";0;0;0;0;0;0;0;0;0;0;0;4;0;0;0
"06/03/2024";"12:11:00";"281";"Com vítima";"143,600";"BR-116/RJ";"Decrescente";"Queda de moto";0;0;0;0;0;0;0;0;0;0;0;1;1;0;0
"06/03/2024";"01:16:00";"293";"Com vítima";"111,000";"BR-493/RJ";"Crescente";"Capotamento";0;0;0;0;0;0;0;0;0;0;4;2;0;0;0
"06/03/2024";"01:26:00";"297";"Com vítima";"549,000";"BR-116/RJ";"Decrescente";"Colisão frontal";0;0;0;0;0;0;0;0;0;0;0;2;0;0;0
"06/03/2024";"04:28:00";"336";"Com vítima";"547,924";"BR-116/RJ";"Decrescente";"Colisão traseira";0;0;0;0;0;0;0;0;0;0;1;0;1;0;0
"06/03/2024";"04:59:00";"342";"Com vítima";"180,000";"BR-116/RJ";"Crescente";"Engavetamento";0;0;0;0;0;0;0;0;0;0;5;2;0;0;0
"06/03/2024";"05:00:00";"343";"Com vítima";"179,744";"BR-116/RJ";"Crescente";"Queda de moto";0;0;0;0;0;0;0;0;0;0;0;1;0;0;0
"06/03/2024";"05:02:00";"344";"Sem vítima";"554,638";"BR-116/RJ";"Decrescente";"Choque";0;0;0;0;0;0;0;0;0;0;3;0;0;0;0
"06/03/2024";"05:02:00";"345";"Com vítima";"75,140";"BR-116/RJ";"Crescente";"Colisão lateral em sentido contrário";0;0;0;0;0;0;0;0;0;0;2;2;0;0;0
"06/03/2024";"05:09:00";"347";"Com vítima";"214,000";"BR-116/RJ";"Crescente";"Atropelamento de pedestre";0;0;0;0;0;0;0;0;0;0;2;0;0;0;0
"06/03/2024";"11:19:00";"31";"Sem vítima";"68,104";"BR-493/RJ";"Decrescente";"Acidentes de outra natureza";0;0;0;0;0;0;0;0;0;0;2;0;0;0;0
"07/03/2024";"02:01:00";"129";"Sem vítima";"95,940";"BR-493/RJ";"Crescente";"Tombamento";0;0;0;0;0;0;0;0;0;0;1;0;0;0;0
"07/03/2024";"03:56:00";"140";"Com vítima";"190,000";"BR-116/RJ";"Crescente";"Atropelamento de pedestre";0;0;0;0;0;0;0;0;0;0;1;1;0;0;0
"07/03/2024";"05:23:00";"164";"Com vítima";"417,000";"BR-116/RJ";"Crescente";"Colisão traseira";0;0;0;0;0;0;0;0;0;0;0;2;0;0;0
"07/03/2024";"07:13:00";"196";"Com vítima";"170,000";"BR-116/RJ";"Decrescente";"Colisão lateral no mesmo sentido";0;0;0;0;0;0;0;0;0;0;1;0;1;0;0
"07/03/2024";"07:19:00";"197";"Com vítima";"184,400";"BR-116/RJ";"Crescente";"Colisão lateral no mesmo sentido";0;0;0;0;0;0;0;0;0;0;0;2;0;0;0
"07/03/2024";"10:58:00";"236";"Sem vítima";"97,877";"BR-116/RJ";"Crescente";"Choque";0;0;0;0;0;0;0;0;0;0;1;0;0;0;0
"07/03/2024";"12:55:00";"265";"Com vítima";"205,000";"BR-116/RJ";"Crescente";"Colisão traseira";0;0;0;0;0;0;0;0;0;0;1;1;0;0;0
"07/03/2024";"02:02:00";"279";"Sem vítima";"58,417";"BR-493/RJ";"Decrescente";"Choque";0;0;0;0;0;0;0;0;0;0;1;0;0;0;0
"07/03/2024";"05:01:00";"321";"Com vítima";"641,456";"BR-116/RJ";"Decrescente";"Colisão lateral em sentido contrário";0;0;0;0;0;0;0;0;0;0;1;0;1;0;0
"07/03/2024";"08:04:00";"348";"Com vítima";"19,800";"BR-465/RJ";"Crescente";"Colisão transversal";0;0;0;0;0;0;0;0;0;0;2;3;1;0;0
"07/03/2024";"08:17:00";"349";"Sem vítima";"539,579";"BR-116/RJ";"Crescente";"Colisão lateral em sentido contrário";0;0;0;0;0;0;0;0;0;0;2;0;0;0;0
"07/03/2024";"11:42:00";"21";"Com vítima";"128,303";"BR-116/RJ";"Crescente";"Capotamento";0;0;0;0;0;0;0;0;0;0;0;0;1;0;0
"08/03/2024";"01:00:00";"43";"Com vítima";"145,791";"BR-116/RJ";"Decrescente";"Atropelamento de animal";0;0;0;0;0;0;0;0;0;0;2;0;0;0;0
"08/03/2024";"04:08:00";"120";"Com vítima";"21,268";"BR-493/RJ";"Decrescente";"Queda de moto";0;0;0;0;0;0;0;0;0;0;0;1;0;0;0
"08/03/2024";"06:15:00";"158";"Com vítima";"199,000";"BR-116/RJ";"Crescente";"Colisão lateral no mesmo sentido";0;0;0;0;0;0;0;0;0;0;0;2;0;0;0
"08/03/2024";"07:47:00";"190";"Com vítima";"108,200";"BR-116/RJ";"Crescente";"Colisão lateral no mesmo sentido";0;0;0;0;0;0;0;0;0;0;0;3;0;0;0
"08/03/2024";"08:43:00";"203";"Com vítima";"12,500";"BR-465/RJ";"Decrescente";"Colisão lateral em sentido contrário";0;0;0;0;0;0;0;0;0;0;0;1;0;0;1
"08/03/2024";"10:28:00";"230";"Com vítima";"546,000";"BR-116/RJ";"Decrescente";"Choque";0;0;0;0;0;0;0;0;0;0;0;3;0;0;0
"08/03/2024";"11:36:00";"248";"Com vítima";"667,000";"BR-116/RJ";"Crescente";"Choque";0;0;0;0;0;0;0;0;0;0;0;1;0;0;0
"08/03/2024";"12:41:00";"270";"Com vítima";"20,430";"BR-493/RJ";"Decrescente";"Engavetamento";0;0;0;0;0;0;0;0;0;0;2;4;0;0;0
"08/03/2024";"01:23:00";"283";"Com vítima";"511,000";"BR-116/RJ";"Crescente";"Colisão traseira";0;0;0;0;0;0;0;0;0;0;0;2;0;0;0
"08/03/2024";"01:36:00";"288";"Com vítima";"126,209";"BR-116/RJ";"Crescente";"Saída de pista";0;0;0;0;0;0;0;0;0;0;0;1;0;0;0
"08/03/2024";"02:44:00";"302";"Com vítima";"183,000";"BR-116/RJ";"Crescente";"Colisão lateral no mesmo sentido";0;0;0;0;0;0;0;0;0;0;2;2;0;0;0
"08/03/2024";"02:47:00";"303";"Com vítima";"14,500";"BR-465/RJ";"Crescente";"Atropelamento de pedestre";0;0;0;0;0;0;0;0;0;0;0;2;1;0;0
"08/03/2024";"04:28:00";"326";"Com vítima";"181,000";"BR-116/RJ";"Crescente";"Colisão lateral no mesmo sentido";0;0;0;0;0;0;0;0;0;0;1;1;0;0;0
"08/03/2024";"08:45:00";"375";"Com vítima";"544,786";"BR-116/RJ";"Crescente";"Queda de moto";0;0;0;0;0;0;0;0;0;0;0;1;0;0;0
"08/03/2024";"08:55:00";"378";"Sem vítima";"49,000";"BR-493/RJ";"Decrescente";"Choque";0;0;0;0;0;0;0;0;0;0;1;0;0;0;0
"09/03/2024";"03:08:00";"117";"Com vítima";"206,000";"BR-116/RJ";"Crescente";"Saída de pista";0;0;0;0;0;0;0;0;0;0;0;1;0;0;0
"09/03/2024";"05:09:00";"140";"Com vítima";"614,525";"BR-116/RJ";"Decrescente";"Colisão lateral no mesmo sentido";0;0;0;0;0;0;0;0;0;0;0;0;3;2;0
"09/03/2024";"05:40:00";"143";"Com vítima";"765,000";"BR-116/RJ";"Decrescente";"Colisão frontal";0;0;0;0;0;0;0;0;0;0;0;1;1;0;0
"09/03/2024";"09:09:00";"191";"Com vítima";"19,700";"BR-465/RJ";"Decrescente";"Colisão lateral no mesmo sentido";0;0;0;0;0;0;0;0;0;0;0;2;1;0;0
"09/03/2024";"10:16:00";"202";"Com vítima";"21,000";"BR-465/RJ";"Decrescente";"Colisão lateral no mesmo sentido";0;0;0;0;0;0;0;0;0;0;1;2;0;0;0
"09/03/2024";"01:04:00";"243";"Com vítima";"184,700";"BR-116/RJ";"Decrescente";"Colisão traseira";0;0;0;0;0;0;0;0;0;0;1;1;0;0;0
"09/03/2024";"04:42:00";"287";"Com vítima";"21,000";"BR-465/RJ";"Decrescente";"Atropelamento de ciclista";0;0;0;0;0;0;0;0;0;0;1;0;0;0;0
"09/03/2024";"05:42:00";"295";"Com vítima";"203,000";"BR-116/RJ";"Crescente";"Capotamento";0;0;0;0;0;0;0;0;0;0;0;2;0;0;0
"09/03/2024";"06:54:00";"304";"Com vítima";"130,000";"BR-116/RJ";"Decrescente";"Choque";0;0;0;0;0;0;0;0;0;0;0;1;0;0;0
"09/03/2024";"08:50:00";"320";"Com vítima";"702,508";"BR-116/RJ";"Decrescente";"Colisão frontal";0;0;0;0;0;0;0;0;0;0;1;1;0;0;0
"09/03/2024";"10:04:00";"26";"Com vítima";"173,000";"BR-116/RJ";"Crescente";"Colisão traseira";0;0;0;0;0;0;0;0;0;0;0;1;1;0;0
"10/03/2024";"06:20:00";"84";"Com vítima";"420,830";"BR-116/RJ";"Crescente";"Colisão frontal";0;0;0;0;0;0;0;0;0;0;0;0;1;1;0
"10/03/2024";"10:53:00";"129";"Com vítima";"519,000";"BR-116/RJ";"Crescente";"Choque";0;0;0;0;0;0;0;0;0;0;0;1;0;0;0
"10/03/2024";"11:21:00";"134";"Com vítima";"98,000";"BR-493/RJ";"Crescente";"Saída de pista";0;0;0;0;0;0;0;0;0;0;0;1;0;0;0
"10/03/2024";"12:15:00";"146";"Com vítima";"728,557";"BR-116/RJ";"Crescente";"Choque";0;0;0;0;0;0;0;0;0;0;0;0;0;0;1
"10/03/2024";"02:21:00";"183";"Com vítima";"188,000";"BR-116/RJ";"Decrescente";"Colisão traseira";0;0;0;0;0;0;0;0;0;0;0;2;0;0;0
"10/03/2024";"02:39:00";"187";"Com vítima";"76,850";"BR-116/RJ";"Decrescente";"Colisão traseira";0;0;0;0;0;0;0;0;0;0;0;2;1;0;0
"10/03/2024";"02:56:00";"193";"Com vítima";"776,820";"BR-116/RJ";"Decrescente";"Colisão traseira";0;0;0;0;0;0;0;0;0;0;0;2;1;0;2
"10/03/2024";"03:26:00";"195";"Sem vítima";"518,670";"BR-116/RJ";"Decrescente";"Colisão lateral em sentido contrário";0;0;0;0;0;0;0;0;0;0;2;0;0;0;0
"10/03/2024";"03:31:00";"198";"Sem vítima";"653,000";"BR-116/RJ";"Decrescente";"Queda de moto";0;0;0;0;0;0;0;0;0;0;1;0;0;0;0
"10/03/2024";"03:48:00";"201";"Sem vítima";"518,816";"BR-116/RJ";"Crescente";"Colisão traseira";0;0;0;0;0;0;0;0;0;0;2;0;0;0;0
"10/03/2024";"04:10:00";"207";"Com vítima";"186,577";"BR-116/RJ";"Decrescente";"Engavetamento";0;0;0;0;0;0;0;0;0;0;3;1;0;0;0
"10/03/2024";"04:20:00";"209";"Com vítima";"13,000";"BR-465/RJ";"Crescente";"Queda de moto";0;0;0;0;0;0;0;0;0;0;0;1;0;0;0
"10/03/2024";"05:45:00";"227";"Com vítima";"606,307";"BR-116/RJ";"Decrescente";"Capotamento";0;0;0;0;0;0;0;0;0;0;0;3;0;0;0
"10/03/2024";"08:23:00";"251";"Sem vítima";"96,000";"BR-493/RJ";"Crescente";"Choque";0;0;0;0;0;0;0;0;0;0;1;0;0;0;0
"10/03/2024";"11:24:00";"64";"Sem vítima";"656,000";"BR-116/RJ";"Crescente";"Capotamento";0;0;0;0;0;0;0;0;0;0;1;0;0;0;0
"11/03/2024";"01:41:00";"144";"Com vítima";"147,477";"BR-116/RJ";"Crescente";"Queda de moto";0;0;0;0;0;0;0;0;0;0;0;1;0;0;0
"11/03/2024";"06:13:00";"188";"Com vítima";"142,350";"BR-116/RJ";"Crescente";"Colisão lateral no mesmo sentido";0;0;0;0;0;0;0;0;0;0;1;1;0;0;0
"11/03/2024";"08:07:00";"209";"Com vítima";"451,000";"BR-116/RJ";"Decrescente";"Queda de moto";0;0;0;0;0;0;0;0;0;0;0;0;2;0;0
"11/03/2024";"09:32:00";"231";"Com vítima";"21,000";"BR-465/RJ";"Decrescente";"Queda de moto";0;0;0;0;0;0;0;0;0;0;1;1;0;0;0
"11/03/2024";"09:37:00";"233";"Sem vítima";"508,000";"BR-116/RJ";"Decrescente";"Colisão traseira";0;0;0;0;0;0;0;0;0;0;3;0;0;0;0
"11/03/2024";"12:24:00";"268";"Com vítima";"173,918";"BR-116/RJ";"Crescente";"Colisão traseira";0;0;0;0;0;0;0;0;0;0;1;0;1;0;0
"11/03/2024";"01:39:00";"286";"Com vítima";"75,000";"BR-116/RJ";"Crescente";"Capotamento";0;0;0;0;0;0;0;0;0;0;0;1;0;0;0
"11/03/2024";"04:20:00";"329";"Com vítima";"137,106";"BR-116/RJ";"Crescente";"Colisão traseira";0;0;0;0;0;0;0;0;0;0;0;1;1;0;0
"11/03/2024";"04:43:00";"335";"Com vítima";"95,958";"BR-493/RJ";"Crescente";"Capotamento";0;0;0;0;0;0;0;0;0;0;0;3;1;0;0
"11/03/2024";"05:01:00";"340";"Sem vítima";"797,813";"BR-116/RJ";"Decrescente";"Saída de pista";0;0;0;0;0;0;0;0;0;0;4;0;0;0;0
"11/03/2024";"05:17:00";"345";"Com vítima";"762,578";"BR-116/RJ";"Crescente";"Colisão traseira";0;0;0;0;0;0;0;0;0;0;2;1;0;0;0
"11/03/2024";"05:36:00";"349";"Com vítima";"22,339";"BR-493/RJ";"Decrescente";"Colisão frontal";0;0;0;0;0;0;0;0;0;0;1;0;0;1;0
"11/03/2024";"06:55:00";"361";"Sem vítima";"437,770";"BR-116/RJ";"Crescente";"Saída de pista";0;0;0;0;0;0;0;0;0;0;1;0;0;0;0
"11/03/2024";"08:08:00";"366";"Com vítima";"114,845";"BR-493/RJ";"Decrescente";"Atropelamento de animal";0;0;0;0;0;0;0;0;0;0;0;1;0;1;0
"11/03/2024";"10:54:00";"30";"Sem vítima";"50,980";"BR-493/RJ";"Decrescente";"Choque";0;0;0;0;0;0;0;0;0;0;1;0;0;0;0
"12/03/2024";"01:50:00";"71";"Com vítima";"530,693";"BR-116/RJ";"Crescente";"Atropelamento de pedestre";0;0;0;0;0;0;0;0;0;0;0;0;1;0;0
"12/03/2024";"10:42:00";"167";"Sem vítima";"411,000";"BR-116/RJ";"Crescente";"Colisão lateral no mesmo sentido";0;0;0;0;0;0;0;0;0;0;2;0;0;0;0
"12/03/2024";"11:40:00";"177";"Com vítima";"51,300";"BR-493/RJ";"Decrescente";"Colisão lateral no mesmo sentido";0;0;0;0;0;0;0;0;0;0;0;2;0;0;0
"12/03/2024";"01:03:00";"190";"Sem vítima";"413,000";"BR-116/RJ";"Crescente";"Engavetamento";0;0;0;0;0;0;0;0;0;0;3;0;0;0;0
"12/03/2024";"01:28:00";"192";"Sem vítima";"721,000";"BR-116/RJ";"Crescente";"Colisão lateral no mesmo sentido";0;0;0;0;0;0;0;0;0;0;2;0;0;0;0
"12/03/2024";"01:48:00";"195";"Com vítima";"522,000";"BR-116/RJ";"Decrescente";"Colisão traseira";0;0;0;0;0;0;0;0;0;0;0;2;0;0;0
"12/03/2024";"02:11:00";"199";"Com vítima";"752,000";"BR-116/RJ";"Crescente";"Colisão transversal";0;0;0;0;0;0;0;0;0;0;0;2;0;0;0
"12/03/2024";"07:40:00";"244";"Com vítima";"207,071";"BR-116/RJ";"Crescente";"Capotamento";0;0;0;0;0;0;0;0;0;0;0;1;0;0;0
"13/03/2024";"03:10:00";"73";"Com vítima";"204,400";"BR-116/RJ";"Decrescente";"Colisão traseira";0;0;0;0;0;0;0;0;0;0;1;1;0;0;0
"13/03/2024";"04:36:00";"93";"Com vítima";"172,000";"BR-116/RJ";"Decrescente";"Colisão lateral no mesmo sentido";0;0;0;0;0;0;0;0;0;0;0;1;0;0;0
"13/03/2024";"05:03:00";"95";"Com vítima";"172,000";"BR-116/RJ";"Decrescente";"Atropelamento de pedestre";0;0;0;0;0;0;0;0;0;0;1;0;2;0;0
"13/03/2024";"07:18:00";"121";"Com vítima";"20,896";"BR-493/RJ";"Crescente";"Colisão transversal";0;0;0;0;0;0;0;0;0;0;1;0;1;0;0
"13/03/2024";"10:43:00";"168";"Com vítima";"101,948";"BR-116/RJ";"Crescente";"Choque";0;0;0;0;0;0;0;0;0;0;0;3;0;0;0
"13/03/2024";"11:26:00";"172";"Com vítima";"103,000";"BR-116/RJ";"Decrescente";"Queda de moto";0;0;0;0;0;0;0;0;0;0;0;2;0;0;0
"13/03/2024";"03:41:00";"226";"Com vítima";"522,870";"BR-116/RJ";"Decrescente";"Colisão transversal";0;0;0;0;0;0;0;0;0;0;1;0;1;0;0
"13/03/2024";"05:21:00";"248";"Com vítima";"417,379";"BR-116/RJ";"Decrescente";"Queda de moto";0;0;0;0;0;0;0;0;0;0;0;0;1;0;0
"13/03/2024";"06:25:00";"255";"Com vítima";"176,000";"BR-116/RJ";"Decrescente";"Queda de moto";0;0;0;0;0;0;0;0;0;0;0;0;1;0;0
"13/03/2024";"09:54:00";"68";"Com vítima";"110,132";"BR-116/RJ";"Crescente";"Capotamento";0;0;0;0;0;0;0;0;0;0;0;1;0;0;0
"13/03/2024";"10:00:00";"78";"Sem vítima";"106,884";"BR-493/RJ";"Crescente";"Tombamento";0;0;0;0;0;0;0;0;0;0;1;0;0;0;0
"14/03/2024";"03:22:00";"123";"Sem vítima";"719,000";"BR-116/RJ";"Crescente";"Saída de pista";0;0;0;0;0;0;0;0;0;0;1;0;0;0;0
"14/03/2024";"04:30:00";"135";"Com vítima";"577,159";"BR-116/RJ";"Crescente";"Colisão lateral em sentido contrário";0;0;0;0;0;0;0;0;0;0;0;2;0;1;0
"14/03/2024";"05:02:00";"141";"Com vítima";"51,920";"BR-493/RJ";"Crescente";"Colisão lateral no mesmo sentido";0;0;0;0;0;0;0;0;0;0;0;2;1;0;0
"14/03/2024";"05:37:00";"152";"Com vítima";"179,600";"BR-116/RJ";"Crescente";"Engavetamento";0;0;0;0;0;0;0;0;0;0;0;6;0;0;0
"14/03/2024";"07:41:00";"178";"Com vítima";"172,000";"BR-116/RJ";"Crescente";"Colisão traseira";0;0;0;0;0;0;0;0;0;0;0;2;0;0;0
"14/03/2024";"08:05:00";"184";"Sem vítima";"178,484";"BR-116/RJ";"Decrescente";"Tombamento";0;0;0;0;0;0;0;0;0;0;1;0;0;0;0
"14/03/2024";"01:24:00";"254";"Com vítima";"186,600";"BR-116/RJ";"Decrescente";"Queda de moto";0;0;0;0;0;0;0;0;0;0;0;1;0;0;0
"14/03/2024";"05:03:00";"297";"Com vítima";"108,998";"BR-116/RJ";"Crescente";"Engavetamento";0;0;0;0;0;0;0;0;0;0;0;6;0;0;0
"14/03/2024";"05:54:00";"303";"Com vítima";"184,000";"BR-116/RJ";"Crescente";"Queda de moto";0;0;0;0;0;0;0;0;0;0;1;1;0;0;0
"14/03/2024";"11:07:00";"88";"Com vítima";"634,010";"BR-116/RJ";"Crescente";"Tombamento";0;0;0;0;0;0;0;0;0;0;0;0;1;0;0
"15/03/2024";"08:01:00";"171";"Com vítima";"148,000";"BR-116/RJ";"Crescente";"Colisão lateral no mesmo sentido";0;0;0;0;0;0;0;0;0;0;0;2;0;0;0
"15/03/2024";"09:18:00";"193";"Com vítima";"185,000";"BR-116/RJ";"Crescente";"Engavetamento";0;0;0;0;0;0;0;0;0;0;0;3;1;0;0
"15/03/2024";"10:42:00";"211";"Com vítima";"6,900";"BR-465/RJ";"Crescente";"Colisão traseira";0;0;0;0;0;0;0;0;0;0;0;2;0;0;0
"15/03/2024";"02:35:00";"284";"Com vítima";"5,000";"BR-465/RJ";"Crescente";"Atropelamento de ciclista";0;0;0;0;0;0;0;0;0;0;0;1;0;0;0
"15/03/2024";"03:27:00";"295";"Com vítima";"560,061";"BR-116/RJ";"Decrescente";"Queda de moto";0;0;0;0;0;0;0;0;0;0;0;1;0;0;0
"15/03/2024";"03:50:00";"298";"Com vítima";"5,968";"BR-493/RJ";"Crescente";"Atropelamento de ciclista";0;0;0;0;0;0;0;0;0;0;1;0;0;0;0
"15/03/2024";"03:54:00";"300";"Com vítima";"115,721";"BR-116/RJ";"Decrescente";"Colisão traseira";0;0;0;0;0;0;0;0;0;0;0;2;0;0;0
"15/03/2024";"05:08:00";"326";"Com vítima";"530,189";"BR-116/RJ";"Decrescente";"Queda de moto";0;0;0;0;0;0;0;0;0;0;0;1;0;0;0
"15/03/2024";"05:40:00";"330";"Com vítima";"173,510";"BR-116/RJ";"Decrescente";"Colisão lateral no mesmo sentido";0;0;0;0;0;0;0;0;0;0;0;2;0;0;0
"15/03/2024";"07:03:00";"343";"Com vítima";"179,055";"BR-116/RJ";"Crescente";"Colisão traseira";0;0;0;0;0;0;0;0;0;0;1;1;0;0;0
"16/03/2024";"02:21:00";"84";"Com vítima";"540,623";"BR-116/RJ";"Crescente";"Colisão frontal";0;0;0;0;0;0;0;0;0;0;39;0;2;0;1
"16/03/2024";"03:27:00";"89";"Com vítima";"182,000";"BR-116/RJ";"Decrescente";"Capotamento";0;0;0;0;0;0;0;0;0;0;2;2;0;1;0
"16/03/2024";"04:00:00";"92";"Com vítima";"195,000";"BR-116/RJ";"Crescente";"Engavetamento";0;0;0;0;0;0;0;0;0;0;0;4;0;0;0
"16/03/2024";"04:54:00";"101";"Com vítima";"119,000";"BR-116/RJ";"Decrescente";"Atropelamento de pedestre";0;0;0;0;0;0;0;0;0;0;1;0;0;0;0