data;horario;n_da_ocorrencia;tipo_de_ocorrencia;km;trecho;sentido;tipo_de_acidente;automovel;bicicleta;caminhao;moto;onibus;outros;tracao_animal;transporte_de_cargas_especiais;trator_maquinas;utilitarios;ilesos;levemente_feridos;moderadamente_feridos;gravemente_feridos;mortos
"16/03/2024";"05:14:00";"104";"Sem vítima";"173,000";"BR-116/RJ";"Decrescente";"Choque";0;0;0;0;0;0;0;0;0;0;1;0;0;0;0
"16/03/2024";"06:41:00";"121";"Sem vítima";"180,000";"BR-116/RJ";"Decrescente";"Colisão lateral no mesmo sentido";0;0;0;0;0;0;0;0;0;0;2;0;0;0;0
"16/03/2024";"07:25:00";"131";"Com vítima";"96,000";"BR-493/RJ";"Decrescente";"Queda de moto";0;0;0;0;0;0;0;0;0;0;0;2;0;0;0
"16/03/2024";"08:51:00";"149";"Sem vítima";"661,000";"BR-116/RJ";"Decrescente";"Saída de pista";0;0;0;0;0;0;0;0;0;0;1;0;0;0;0
"16/03/2024";"11:46:00";"198";"Sem vítima";"48,520";"BR-493/RJ";"Crescente";"Choque";0;0;0;0;0;0;0;0;0;0;1;0;0;0;0
"16/03/2024";"11:48:00";"200";"Com vítima";"499,520";"BR-116/RJ";"Decrescente";"Colisão traseira";0;0;0;0;0;0;0;0;0;0;2;1;0;0;0
"16/03/2024";"02:01:00";"223";"Com vítima";"69,000";"BR-116/RJ";"Decrescente";"Choque";0;0;0;0;0;0;0;0;0;0;0;2;0;0;0
"16/03/2024";"04:04:00";"248";"Com vítima";"698,431";"BR-116/RJ";"Decrescente";"Colisão lateral no mesmo sentido";0;0;0;0;0;0;0;0;0;0;1;0;0;1;0
"16/03/2024";"05:30:00";"270";"Com vítima";"584,938";"BR-116/RJ";"Crescente";"Colisão traseira";0;0;0;0;0;0;0;0;0;0;1;1;0;0;0
"16/03/2024";"05:34:00";"271";"Sem vítima";"175,422";"BR-116/RJ";"Decrescente";"Choque";0;0;0;0;0;0;0;0;0;0;1;0;0;0;0
"16/03/2024";"09:05:00";"1";"Com vítima";"577,689";"BR-116/RJ";"Crescente";"Tombamento";0;0;0;0;0;0;0;0;0;0;0;0;1;0;0
"16/03/2024";"09:49:00";"35";"Com vítima";"11,754";"BR-465/RJ";"Crescente";"Queda de moto";0;0;0;0;0;0;0;0;0;0;0;1;0;0;0
"16/03/2024";"09:54:00";"37";"Sem vítima";"685,847";"BR-116/RJ";"Crescente";"Saída de pista";0;0;0;0;0;0;0;0;0;0;1;0;0;0;0
"16/03/2024";"11:40:00";"48";"Com vítima";"552,575";"BR-116/RJ";"Decrescente";"Capotamento";0;0;0;0;0;0;0;0;0;0;0;1;1;0;0
"17/03/2024";"04:46:00";"75";"Sem vítima";"98,000";"BR-493/RJ";"Crescente";"Colisão frontal";0;0;0;0;0;0;0;0;0;0;2;0;0;0;0
"17/03/2024";"04:47:00";"76";"Com vítima";"184,000";"BR-116/RJ";"Decrescente";"Choque";0;0;0;0;0;0;0;0;0;0;0;1;0;0;0
"17/03/2024";"05:50:00";"86";"Com vítima";"174,000";"BR-116/RJ";"Decrescente";"Queda de moto";0;0;0;0;0;0;0;0;0;0;0;2;0;0;0
"17/03/2024";"08:56:00";"129";"Com vítima";"537,000";"BR-116/RJ";"Decrescente";"Colisão lateral em sentido contrário";0;0;0;0;0;0;0;0;0;0;1;1;0;0;0
"17/03/2024";"10:50:00";"150";"Com vítima";"189,000";"BR-116/RJ";"Decrescente";"Saída de pista";0;0;0;0;0;0;0;0;0;0;0;3;0;0;0
"17/03/2024";"12:10:00";"158";"Com vítima";"572,965";"BR-116/RJ";"Crescente";"Acidentes de outra natureza";0;0;0;0;0;0;0;0;0;0;2;0;1;0;0
"17/03/2024";"01:53:00";"184";"Com vítima";"4,194";"BR-465/RJ";"Crescente";"Colisão traseira";0;0;0;0;0;0;0;0;0;0;1;3;0;0;0
"17/03/2024";"03:08:00";"205";"Sem vítima";"92,000";"BR-116/RJ";"Decrescente";"Choque";0;0;0;0;0;0;0;0;0;0;1;0;0;0;0
"17/03/2024";"03:33:00";"211";"Com vítima";"48,316";"BR-116/RJ";"Decrescente";"Choque";0;0;0;0;0;0;0;0;0;0;0;1;0;0;0
"17/03/2024";"03:37:00";"213";"Com vítima";"81,297";"BR-116/RJ";"Decrescente";"Atropelamento de pedestre";0;0;0;0;0;0;0;0;0;0;0;1;0;0;0
"17/03/2024";"03:42:00";"215";"Sem vítima";"0,034";"BR-493/RJ";"Decrescente";"Colisão traseira";0;0;0;0;0;0;0;0;0;0;3;0;0;0;0
"17/03/2024";"04:04:00";"224";"Sem vítima";"82,900";"BR-116/RJ";"Decrescente";"Colisão traseira";0;0;0;0;0;0;0;0;0;0;2;0;0;0;0
"17/03/2024";"05:34:00";"251";"Com vítima";"13,478";"BR-465/RJ";"Decrescente";"Colisão traseira";0;0;0;0;0;0;0;0;0;0;3;1;0;1;0
"17/03/2024";"11:31:00";"75";"Com vítima";"178,543";"BR-116/RJ";"Decrescente";"Colisão frontal";0;0;0;0;0;0;0;0;0;0;1;2;0;0;0
"17/03/2024";"11:32:00";"77";"Com vítima";"183,613";"BR-116/RJ";"Decrescente";"Queda de moto";0;0;0;0;0;0;0;0;0;0;0;2;0;0;0
"18/03/2024";"12:59:00";"85";"Sem vítima";"120,000";"BR-116/RJ";"Decrescente";"Choque";0;0;0;0;0;0;0;0;0;0;1;0;0;0;0
"18/03/2024";"02:41:00";"91";"Com vítima";"812,300";"BR-116/RJ";"Crescente";"Queda de moto";0;0;0;0;0;0;0;0;0;0;0;2;0;0;0
"18/03/2024";"03:58:00";"103";"Com vítima";"212,000";"BR-116/RJ";"Crescente";"Engavetamento";0;0;0;0;0;0;0;0;0;0;0;3;0;0;0
"18/03/2024";"04:51:00";"118";"Com vítima";"176,000";"BR-116/RJ";"Crescente";"Queda de moto";0;0;0;0;0;0;0;0;0;0;0;1;0;0;0
"18/03/2024";"05:04:00";"121";"Com vítima";"4,000";"BR-465/RJ";"Decrescente";"Engavetamento";0;0;0;0;0;0;0;0;0;0;0;3;1;0;0
"18/03/2024";"05:05:00";"122";"Com vítima";"178,000";"BR-116/RJ";"Crescente";"Colisão traseira";0;0;0;0;0;0;0;0;0;0;0;4;0;0;0
"18/03/2024";"05:39:00";"133";"Sem vítima";"48,600";"BR-493/RJ";"Decrescente";"Colisão traseira";0;0;0;0;0;0;0;0;0;0;2;0;0;0;0
"18/03/2024";"05:47:00";"136";"Sem vítima";"183,000";"BR-116/RJ";"Crescente";"Saída de pista";0;0;0;0;0;0;0;0;0;0;1;0;0;0;0
"18/03/2024";"06:04:00";"141";"Com vítima";"95,110";"BR-493/RJ";"Crescente";"Saída de pista";0;0;0;0;0;0;0;0;0;0;0;1;0;0;0
"18/03/2024";"06:30:00";"150";"Com vítima";"148,000";"BR-116/RJ";"Crescente";"Colisão lateral no mesmo sentido";0;0;0;0;0;0;0;0;0;0;1;2;0;0;0
"18/03/2024";"07:44:00";"173";"Com vítima";"632,000";"BR-116/RJ";"Decrescente";"Capotamento";0;0;0;0;0;0;0;0;0;0;0;2;0;0;0
"18/03/2024";"08:41:00";"185";"Com vítima";"96,000";"BR-116/RJ";"Crescente";"Colisão frontal";0;0;0;0;0;0;0;0;0;0;0;2;0;0;0
"18/03/2024";"09:35:00";"198";"Com vítima";"77,005";"BR-116/RJ";"Decrescente";"Colisão frontal";0;0;0;0;0;0;0;0;0;0;1;1;0;0;0
"18/03/2024";"10:25:00";"210";"Com vítima";"196,000";"BR-116/RJ";"Crescente";"Colisão traseira";0;0;0;0;0;0;0;0;0;0;1;1;0;0;0
"18/03/2024";"10:33:00";"213";"Com vítima";"543,000";"BR-116/RJ";"Crescente";"Saída de pista";0;0;0;0;0;0;0;0;0;0;0;2;0;0;0
"18/03/2024";"10:58:00";"216";"Com vítima";"496,477";"BR-116/RJ";"Crescente";"Queda de moto";0;0;0;0;0;0;0;0;0;0;0;0;1;0;0
"18/03/2024";"11:46:00";"226";"Com vítima";"4,870";"BR-465/RJ";"Crescente";"Colisão traseira";0;0;0;0;0;0;0;0;0;0;0;3;0;0;0
"18/03/2024";"12:21:00";"238";"Com vítima";"5,979";"BR-465/RJ";"Crescente";"Colisão transversal";0;0;0;0;0;0;0;0;0;0;0;1;1;0;0
"18/03/2024";"01:04:00";"252";"Sem vítima";"816,000";"BR-116/RJ";"Crescente";"Colisão traseira";0;0;0;0;0;0;0;0;0;0;2;0;0;0;0
"18/03/2024";"01:22:00";"258";"Com vítima";"131,000";"BR-116/RJ";"Crescente";"Queda de moto";0;0;0;0;0;0;0;0;0;0;0;2;0;0;0
"18/03/2024";"04:40:00";"306";"Com vítima";"196,000";"BR-116/RJ";"Crescente";"Atropelamento de ciclista";0;0;0;0;0;0;0;0;0;0;1;0;0;0;0
"19/03/2024";"03:07:00";"24";"Com vítima";"148,000";"BR-116/RJ";"Decrescente";"Colisão lateral no mesmo sentido";0;0;0;0;0;0;0;0;0;0;0;1;1;0;0
"19/03/2024";"03:24:00";"26";"Com vítima";"55,774";"BR-116/RJ";"Decrescente";"Tombamento";0;0;0;0;0;0;0;0;0;0;0;0;1;0;0
"19/03/2024";"04:44:00";"43";"Com vítima";"146,000";"BR-116/RJ";"Crescente";"Engavetamento";0;0;0;0;0;0;0;0;0;0;1;4;0;0;0
"19/03/2024";"08:53:00";"91";"Com vítima";"766,000";"BR-116/RJ";"Crescente";"Colisão lateral no mesmo sentido";0;0;0;0;0;0;0;0;0;0;0;2;0;0;0
"19/03/2024";"09:28:00";"101";"Com vítima";"6,000";"BR-465/RJ";"Crescente";"Colisão lateral no mesmo sentido";0;0;0;0;0;0;0;0;0;0;1;1;0;0;0
"19/03/2024";"02:35:00";"175";"Com vítima";"212,000";"BR-116/RJ";"Decrescente";"Queda de moto";0;0;0;0;0;0;0;0;0;0;0;1;0;0;0
"19/03/2024";"02:46:00";"178";"Com vítima";"92,901";"BR-116/RJ";"Decrescente";"Capotamento";0;0;0;0;0;0;0;0;0;0;1;1;0;0;0
"19/03/2024";"03:29:00";"184";"Com vítima";"526,100";"BR-116/RJ";"Crescente";"Atropelamento de pedestre";0;0;0;0;0;0;0;0;0;0;1;0;0;0;0
"19/03/2024";"03:42:00";"187";"Com vítima";"206,456";"BR-116/RJ";"Decrescente";"Capotamento";0;0;0;0;0;0;0;0;0;0;0;1;0;0;0
"20/03/2024";"12:27:00";"43";"Sem vítima";"716,000";"BR-116/RJ";"Decrescente";"Saída de pista";0;0;0;0;0;0;0;0;0;0;1;0;0;0;0
"20/03/2024";"01:20:00";"44";"Sem vítima";"112,600";"BR-116/RJ";"Crescente";"Colisão lateral no mesmo sentido";0;0;0;0;0;0;0;0;0;0;2;0;0;0;0
"20/03/2024";"03:13:00";"51";"Sem vítima";"180,000";"BR-116/RJ";"Decrescente";"Colisão traseira";0;0;0;0;0;0;0;0;0;0;2;0;0;0;0
"20/03/2024";"04:56:00";"74";"Com vítima";"188,000";"BR-116/RJ";"Decrescente";"Queda de moto";0;0;0;0;0;0;0;0;0;0;0;2;0;0;0
"20/03/2024";"05:12:00";"80";"Com vítima";"2,500";"BR-116/RJ";"Decrescente";"Colisão lateral no mesmo sentido";0;0;0;0;0;0;0;0;0;0;0;1;1;0;0
"20/03/2024";"06:54:00";"101";"Com vítima";"178,000";"BR-116/RJ";"Decrescente";"Colisão lateral no mesmo sentido";0;0;0;0;0;0;0;0;0;0;1;2;0;0;0
"20/03/2024";"08:38:00";"131";"Com vítima";"170,000";"BR-116/RJ";"Decrescente";"Colisão traseira";0;0;0;0;0;0;0;0;0;0;0;2;0;0;0
"20/03/2024";"09:17:00";"139";"Com vítima";"121,000";"BR-493/RJ";"Decrescente";"Colisão lateral no mesmo sentido";0;0;0;0;0;0;0;0;0;0;0;1;2;0;0
"20/03/2024";"10:19:00";"148";"Com vítima";"10,000";"BR-493/RJ";"Crescente";"Queda de moto";0;0;0;0;0;0;0;0;0;0;0;1;0;0;0
"20/03/2024";"11:14:00";"157";"Com vítima";"55,000";"BR-493/RJ";"Decrescente";"Choque";0;0;0;0;0;0;0;0;0;0;0;0;1;0;0
"20/03/2024";"02:03:00";"207";"Com vítima";"1,300";"BR-493/RJ";"Decrescente";"Atropelamento de ciclista";0;0;0;0;0;0;0;0;0;0;0;0;1;0;0
"20/03/2024";"02:26:00";"210";"Com vítima";"563,934";"BR-116/RJ";"Crescente";"Queda de moto";0;0;0;0;0;0;0;0;0;0;0;0;1;0;0
"20/03/2024";"03:33:00";"220";"Com vítima";"80,777";"BR-493/RJ";"Crescente";"Colisão traseira";0;0;0;0;0;0;0;0;0;0;0;1;1;0;0
"20/03/2024";"05:23:00";"244";"Sem vítima";"80,409";"BR-493/RJ";"Crescente";"Saída de pista";0;0;0;0;0;0;0;0;0;0;2;0;0;0;0
"20/03/2024";"05:38:00";"248";"Com vítima";"144,577";"BR-116/RJ";"Crescente";"Queda de moto";0;0;0;0;0;0;0;0;0;0;0;0;1;0;0
"20/03/2024";"09:33:00";"33";"Com vítima";"20,031";"BR-493/RJ";"Crescente";"Colisão frontal";0;0;0;0;0;0;0;0;0;0;0;1;3;0;0
"21/03/2024";"02:28:00";"75";"Com vítima";"103,546";"BR-116/RJ";"Decrescente";"Choque";0;0;0;0;0;0;0;0;0;0;0;3;0;0;0
"21/03/2024";"04:08:00";"86";"Com vítima";"522,000";"BR-116/RJ";"Decrescente";"Colisão traseira";0;0;0;0;0;0;0;0;0;0;2;1;0;0;0
"21/03/2024";"07:49:00";"129";"Com vítima";"674,000";"BR-116/RJ";"Crescente";"Colisão transversal";0;0;0;0;0;0;0;0;0;0;0;1;1;1;0
"21/03/2024";"10:14:00";"161";"Com vítima";"789,000";"BR-116/RJ";"Decrescente";"Tombamento";0;0;0;0;0;0;0;0;0;0;0;1;0;0;0
"21/03/2024";"12:14:00";"189";"Com vítima";"59,000";"BR-493/RJ";"Decrescente";"Choque";0;0;0;0;0;0;0;0;0;0;0;0;2;0;0
"21/03/2024";"03:31:00";"243";"Com vítima";"78,694";"BR-116/RJ";"Decrescente";"Atropelamento de pedestre";0;0;0;0;0;0;0;0;0;0;0;1;0;0;0
"21/03/2024";"05:03:00";"268";"Com vítima";"414,000";"BR-116/RJ";"Decrescente";"Colisão lateral no mesmo sentido";0;0;0;0;0;0;0;0;0;0;1;1;0;0;0
"21/03/2024";"06:05:00";"280";"Sem vítima";"665,657";"BR-116/RJ";"Decrescente";"Colisão traseira";0;0;0;0;0;0;0;0;0;0;2;0;0;0;0
"21/03/2024";"07:47:00";"295";"Com vítima";"413,051";"BR-116/RJ";"Crescente";"Colisão lateral em sentido contrário";0;0;0;0;0;0;0;0;0;0;2;2;0;0;0
"21/03/2024";"09:12:00";"8";"Sem vítima";"441,808";"BR-116/RJ";"Crescente";"Capotamento";0;0;0;0;0;0;0;0;0;0;1;0;0;0;0
"22/03/2024";"04:22:00";"69";"Com vítima";"410,080";"BR-116/RJ";"Decrescente";"Colisão transversal";0;0;0;0;0;0;0;0;0;0;0;2;0;0;0
"22/03/2024";"09:37:00";"127";"Com vítima";"180,800";"BR-116/RJ";"Crescente";"Colisão traseira";0;0;0;0;0;0;0;0;0;0;1;1;0;0;0
"22/03/2024";"12:11:00";"160";"Com vítima";"201,000";"BR-116/RJ";"Crescente";"Colisão traseira";0;0;0;0;0;0;0;0;0;0;1;2;0;0;0
"22/03/2024";"12:23:00";"164";"Sem vítima";"510,000";"BR-116/RJ";"Crescente";"Engavetamento";0;0;0;0;0;0;0;0;0;0;3;0;0;0;0
"22/03/2024";"12:41:00";"166";"Com vítima";"12,000";"BR-465/RJ";"Decrescente";"Engavetamento";0;0;0;0;0;0;0;0;0;0;0;3;0;0;0
"22/03/2024";"12:58:00";"176";"Com vítima";"25,000";"BR-493/RJ";"Decrescente";"Acidentes de outra natureza";0;0;0;0;0;0;0;0;0;0;1;5;0;0;0
"22/03/2024";"01:00:00";"172";"Com vítima";"527,000";"BR-116/RJ";"Decrescente";"Atropelamento de pedestre";0;0;0;0;0;0;0;0;0;0;0;1;0;0;0
"22/03/2024";"02:07:00";"184";"Com vítima";"697,000";"BR-116/RJ";"Crescente";"Choque";0;0;0;0;0;0;0;0;0;0;0;3;0;0;0
"22/03/2024";"04:09:00";"213";"Sem vítima";"668,824";"BR-116/RJ";"Decrescente";"Choque";0;0;0;0;0;0;0;0;0;0;1;0;0;0;0
"22/03/2024";"08:26:00";"251";"Com vítima";"595,095";"BR-116/RJ";"Decrescente";"Acidentes de outra natureza";0;0;0;0;0;0;0;0;0;0;0;15;0;3;0
"23/03/2024";"01:06:00";"35";"Sem vítima";"532,490";"BR-116/RJ";"Crescente";"Saída de pista";0;0;0;0;0;0;0;0;0;0;1;0;0;0;0
"23/03/2024";"02:37:00";"40";"Com vítima";"93,000";"BR-116/RJ";"Crescente";"Colisão traseira";0;0;0;0;0;0;0;0;0;0;2;1;0;0;0
"23/03/2024";"05:51:00";"72";"Com vítima";"185,000";"BR-116/RJ";"Decrescente";"Colisão lateral no mesmo sentido";0;0;0;0;0;0;0;0;0;0;0;3;0;0;0
"23/03/2024";"08:29:00";"112";"Com vítima";"24,991";"BR-493/RJ";"Decrescente";"Colisão lateral no mesmo sentido";0;0;0;0;0;0;0;0;0;0;0;4;0;0;0
"23/03/2024";"09:48:00";"125";"Com vítima";"112,000";"BR-493/RJ";"Crescente";"Colisão lateral no mesmo sentido";0;0;0;0;0;0;0;0;0;0;1;1;0;0;0
"23/03/2024";"12:03:00";"152";"Com vítima";"633,000";"BR-116/RJ";"Decrescente";"Queda de moto";0;0;0;0;0;0;0;0;0;0;0;1;0;0;0
"23/03/2024";"02:06:00";"181";"Com vítima";"147,384";"BR-116/RJ";"Decrescente";"Colisão traseira";0;0;0;0;0;0;0;0;0;0;0;2;0;0;0
"23/03/2024";"02:12:00";"183";"Com vítima";"19,000";"BR-493/RJ";"Crescente";"Colisão lateral no mesmo sentido";0;0;0;0;0;0;0;0;0;0;1;2;0;0;0
"23/03/2024";"03:52:00";"198";"Com vítima";"638,000";"BR-116/RJ";"Crescente";"Queda de moto";0;0;0;0;0;0;0;0;0;0;0;0;1;0;0
"23/03/2024";"04:00:00";"200";"Com vítima";"35,000";"BR-116/RJ";"Crescente";"Choque";0;0;0;0;0;0;0;0;0;0;0;2;0;0;0
"23/03/2024";"07:35:00";"230";"Com vítima";"816,200";"BR-116/RJ";"Crescente";"Colisão lateral em sentido contrário";0;0;0;0;0;0;0;0;0;0;0;2;0;0;0
"23/03/2024";"08:55:00";"242";"Com vítima";"606,000";"BR-116/RJ";"Crescente";"Choque";0;0;0;0;0;0;0;0;0;0;0;5;0;0;0
"24/03/2024";"02:17:00";"18";"Com vítima";"181,292";"BR-116/RJ";"Decrescente";"Colisão traseira";0;0;0;0;0;0;0;0;0;0;1;1;0;0;0
"24/03/2024";"03:36:00";"26";"Com vítima";"142,498";"BR-116/RJ";"Decrescente";"Choque";0;0;0;0;0;0;0;0;0;0;0;1;0;0;0
"24/03/2024";"05:50:00";"51";"Com vítima";"127,000";"BR-116/RJ";"Decrescente";"Capotamento";0;0;0;0;0;0;0;0;0;0;0;2;0;0;0
"24/03/2024";"10:30:00";"90";"Com vítima";"548,900";"BR-116/RJ";"Decrescente";"Choque";0;0;0;0;0;0;0;0;0;0;0;3;0;0;0
"24/03/2024";"12:44:00";"113";"Com vítima";"414,180";"BR-116/RJ";"Decrescente";"Colisão transversal";0;0;0;0;0;0;0;0;0;0;0;1;1;0;0
"24/03/2024";"05:40:00";"158";"Com vítima";"2,750";"BR-493/RJ";"Decrescente";"Colisão traseira";0;0;0;0;0;0;0;0;0;0;0;2;0;0;0
"24/03/2024";"07:42:00";"171";"Com vítima";"140,873";"BR-116/RJ";"Crescente";"Colisão traseira";0;0;0;0;0;0;0;0;0;0;1;1;1;0;0
"24/03/2024";"08:21:00";"174";"Com vítima";"179,882";"BR-116/RJ";"Decrescente";"Colisão traseira";0;0;0;0;0;0;0;0;0;0;0;5;0;0;0
"25/03/2024";"04:24:00";"47";"Com vítima";"145,000";"BR-116/RJ";"Crescente";"Colisão traseira";0;0;0;0;0;0;0;0;0;0;0;2;0;0;0
"25/03/2024";"04:48:00";"53";"Com vítima";"146,000";"BR-116/RJ";"Decrescente";"Colisão traseira";0;0;0;0;0;0;0;0;0;0;0;2;0;0;0
"25/03/2024";"08:25:00";"106";"Com vítima";"140,000";"BR-116/RJ";"Crescente";"Colisão lateral no mesmo sentido";0;0;0;0;0;0;0;0;0;0;2;0;1;0;0
"25/03/2024";"09:16:00";"125";"Com vítima";"13,000";"BR-116/RJ";"Decrescente";"Colisão lateral no mesmo sentido";0;0;0;0;0;0;0;0;0;0;0;2;0;0;0
"25/03/2024";"11:36:00";"136";"Com vítima";"748,000";"BR-116/RJ";"Decrescente";"Saída de pista";0;0;0;0;0;0;0;0;0;0;0;1;1;0;0
"25/03/2024";"02:40:00";"164";"Com vítima";"101,800";"BR-116/RJ";"Crescente";"Choque";0;0;0;0;0;0;0;0;0;0;0;1;0;0;0
"25/03/2024";"03:09:00";"169";"Com vítima";"13,604";"BR-493/RJ";"Crescente";"Atropelamento de ciclista";0;0;0;0;0;0;0;0;0;0;0;1;0;0;0
"25/03/2024";"04:49:00";"189";"Sem vítima";"184,001";"BR-116/RJ";"Crescente";"Engavetamento";0;0;0;0;0;0;0;0;0;0;7;0;0;0;0
"25/03/2024";"05:34:00";"195";"Sem vítima";"678,000";"BR-116/RJ";"Decrescente";"Colisão traseira";0;0;0;0;0;0;0;0;0;0;2;0;0;0;0
"25/03/2024";"11:08:00";"9";"Com vítima";"789,000";"BR-116/RJ";"Crescente";"Choque";0;0;0;0;0;0;0;0;0;0;0;1;0;0;0
"26/03/2024";"01:46:00";"20";"Sem vítima";"142,410";"BR-116/RJ";"Crescente";"Colisão lateral em sentido contrário";0;0;0;0;0;0;0;0;0;0;4;0;0;0;0
"26/03/2024";"01:59:00";"21";"Com vítima";"141,664";"BR-116/RJ";"Crescente";"Engavetamento";0;0;0;0;0;0;0;0;0;0;1;2;0;0;0
"26/03/2024";"03:34:00";"27";"Com vítima";"3,000";"BR-493/RJ";"Decrescente";"Atropelamento de ciclista";0;0;0;0;0;0;0;0;0;0;1;0;0;0;0
"26/03/2024";"04:38:00";"46";"Com vítima";"176,000";"BR-116/RJ";"Decrescente";"Colisão traseira";0;0;0;0;0;0;0;0;0;0;0;2;0;0;0
"26/03/2024";"07:41:00";"91";"Com vítima";"776,000";"BR-116/RJ";"Decrescente";"Saída de pista";0;0;0;0;0;0;0;0;0;0;0;1;1;0;0
"26/03/2024";"10:40:00";"119";"Com vítima";"15,658";"BR-116/RJ";"Decrescente";"Choque";0;0;0;0;0;0;0;0;0;0;0;1;0;0;0
"26/03/2024";"01:27:00";"155";"Com vítima";"579,350";"BR-116/RJ";"Decrescente";"Tombamento";0;0;0;0;0;0;0;0;0;0;0;0;2;0;0
"26/03/2024";"01:35:00";"157";"Com vítima";"692,000";"BR-116/RJ";"Decrescente";"Tombamento";0;0;0;0;0;0;0;0;0;0;0;2;0;0;0
"26/03/2024";"05:08:00";"202";"Com vítima";"4,701";"BR-465/RJ";"Crescente";"Colisão traseira";0;0;0;0;0;0;0;0;0;0;2;1;0;0;0
"27/03/2024";"02:45:00";"30";"Com vítima";"173,000";"BR-116/RJ";"Decrescente";"Colisão lateral no mesmo sentido";0;0;0;0;0;0;0;0;0;0;0;2;0;0;0
"27/03/2024";"05:28:00";"53";"Com vítima";"174,000";"BR-116/RJ";"Decrescente";"Colisão traseira";0;0;0;0;0;0;0;0;0;0;1;2;0;0;0
"27/03/2024";"08:12:00";"99";"Com vítima";"182,000";"BR-116/RJ";"Crescente";"Colisão traseira";0;0;0;0;0;0;0;0;0;0;0;2;0;0;0
"27/03/2024";"09:07:00";"113";"Com vítima";"592,000";"BR-116/RJ";"Decrescente";"Colisão transversal";0;0;0;0;0;0;0;0;0;0;0;3;0;0;0
"27/03/2024";"02:09:00";"193";"Com vítima";"522,000";"BR-116/RJ";"Decrescente";"Colisão lateral em sentido contrário";0;0;0;0;0;0;0;0;0;0;0;2;0;0;0
"27/03/2024";"02:14:00";"197";"Com vítima";"539,000";"BR-116/RJ";"Decrescente";"Queda de moto";0;0;0;0;0;0;0;0;0;0;0;2;0;0;0
"27/03/2024";"02:42:00";"204";"Sem vítima";"772,000";"BR-116/RJ";"Decrescente";"Colisão transversal";0;0;0;0;0;0;0;0;0;0;2;0;0;0;0
"27/03/2024";"03:39:00";"215";"Com vítima";"177,500";"BR-116/RJ";"Crescente";"Colisão traseira";0;0;0;0;0;0;0;0;0;0;0;3;0;0;0
"27/03/2024";"04:17:00";"225";"Sem vítima";"96,000";"BR-493/RJ";"Crescente";"Choque";0;0;0;0;0;0;0;0;0;0;1;0;0;0;0
"27/03/2024";"05:49:00";"240";"Sem vítima";"131,458";"BR-116/RJ";"Decrescente";"Choque";0;0;0;0;0;0;0;0;0;0;1;0;0;0;0
"28/03/2024";"01:48:00";"25";"Com vítima";"0,630";"BR-465/RJ";"Crescente";"Queda de moto";0;0;0;0;0;0;0;0;0;0;0;1;0;0;0
"28/03/2024";"02:35:00";"29";"Com vítima";"186,000";"BR-116/RJ";"Decrescente";"Colisão traseira";0;0;0;0;0;0;0;0;0;0;0;2;0;0;0
"28/03/2024";"03:02:00";"34";"Com vítima";"185,500";"BR-116/RJ";"Decrescente";"Colisão lateral no mesmo sentido";0;0;0;0;0;0;0;0;0;0;0;2;0;0;0
"28/03/2024";"03:59:00";"45";"Com vítima";"413,000";"BR-116/RJ";"Decrescente";"Engavetamento";0;0;0;0;0;0;0;0;0;0;4;1;0;0;0
"28/03/2024";"04:12:00";"48";"Com vítima";"173,000";"BR-116/RJ";"Decrescente";"Atropelamento de pedestre";0;0;0;0;0;0;0;0;0;0;0;1;0;0;0
"28/03/2024";"04:33:00";"52";"Com vítima";"22,000";"BR-493/RJ";"Decrescente";"Colisão transversal";0;0;0;0;0;0;0;0;0;0;1;1;0;0;0
"28/03/2024";"05:50:00";"76";"Sem vítima";"11,155";"BR-493/RJ";"Decrescente";"Saída de pista";0;0;0;0;0;0;0;0;0;0;1;0;0;0;0
"28/03/2024";"07:13:00";"100";"Com vítima";"94,000";"BR-116/RJ";"Crescente";"Saída de pista";0;0;0;0;0;0;0;0;0;0;0;4;0;0;0
"28/03/2024";"07:27:00";"102";"Com vítima";"174,411";"BR-116/RJ";"Decrescente";"Colisão lateral no mesmo sentido";0;0;0;0;0;0;0;0;0;0;0;3;0;0;0
"28/03/2024";"09:59:00";"144";"Com vítima";"174,000";"BR-116/RJ";"Decrescente";"Colisão lateral no mesmo sentido";0;0;0;0;0;0;0;0;0;0;0;5;0;0;0
"28/03/2024";"10:36:00";"151";"Com vítima";"67,938";"BR-493/RJ";"Crescente";"Capotamento";0;0;0;0;0;0;0;0;0;0;0;1;0;0;0