data;horario;n_da_ocorrencia;tipo_de_ocorrencia;km;trecho;sentido;tipo_de_acidente;automovel;bicicleta;caminhao;moto;onibus;outros;tracao_animal;transporte_de_cargas_especiais;trator_maquinas;utilitarios;ilesos;levemente_feridos;moderadamente_feridos;gravemente_feridos;mortos
"28/03/2024";"01:43:00";"187";"Com vítima";"177,600";"BR-116/RJ";"Decrescente";"Engavetamento";0;0;0;0;0;0;0;0;0;0;1;4;0;0;0
"28/03/2024";"02:09:00";"192";"Com vítima";"517,300";"BR-116/RJ";"Decrescente";"Capotamento";0;0;0;0;0;0;0;0;0;0;0;2;0;0;0
"28/03/2024";"03:10:00";"204";"Com vítima";"20,582";"BR-493/RJ";"Crescente";"Colisão lateral no mesmo sentido";0;0;0;0;0;0;0;0;0;0;0;2;0;0;0
"28/03/2024";"04:11:00";"224";"Com vítima";"78,000";"BR-116/RJ";"Crescente";"Choque";0;0;0;0;0;0;0;0;0;0;0;3;0;0;0
"28/03/2024";"04:13:00";"225";"Com vítima";"175,000";"BR-116/RJ";"Crescente";"Colisão traseira";0;0;0;0;0;0;0;0;0;0;0;5;0;0;0
"28/03/2024";"04:32:00";"230";"Com vítima";"45,000";"BR-116/RJ";"Decrescente";"Saída de pista";0;0;0;0;0;0;0;0;0;0;0;1;0;0;0
"28/03/2024";"04:35:00";"231";"Com vítima";"611,983";"BR-116/RJ";"Crescente";"Atropelamento de animal";0;0;0;0;0;0;0;0;0;0;1;3;0;0;0
"28/03/2024";"05:27:00";"242";"Com vítima";"804,087";"BR-116/RJ";"Decrescente";"Tombamento";0;0;0;0;0;0;0;0;0;0;0;1;0;0;0
"28/03/2024";"07:45:00";"270";"Com vítima";"595,311";"BR-116/RJ";"Crescente";"Colisão lateral no mesmo sentido";0;0;0;0;0;0;0;0;0;0;2;1;2;0;0
"28/03/2024";"07:56:00";"272";"Sem vítima";"204,000";"BR-116/RJ";"Crescente";"Choque";0;0;0;0;0;0;0;0;0;0;1;0;0;0;0
"29/03/2024";"06:08:00";"109";"Sem vítima";"84,000";"BR-116/RJ";"Decrescente";"Choque";0;0;0;0;0;0;0;0;0;0;1;0;0;0;0
"29/03/2024";"08:47:00";"147";"Com vítima";"182,000";"BR-116/RJ";"Crescente";"Queda de moto";0;0;0;0;0;0;0;0;0;0;0;1;0;0;0
"29/03/2024";"10:59:00";"175";"Com vítima";"197,000";"BR-116/RJ";"Crescente";"Colisão lateral no mesmo sentido";0;0;0;0;0;0;0;0;0;0;0;1;1;0;0
"29/03/2024";"12:05:00";"183";"Sem vítima";"571,000";"BR-116/RJ";"Decrescente";"Colisão lateral no mesmo sentido";0;0;0;0;0;0;0;0;0;0;3;0;0;0;0
"29/03/2024";"12:34:00";"185";"Com vítima";"142,000";"BR-116/RJ";"Crescente";"Choque";0;0;0;0;0;0;0;0;0;0;0;1;0;0;0
"29/03/2024";"01:08:00";"193";"Sem vítima";"131,000";"BR-116/RJ";"Decrescente";"Choque";0;0;0;0;0;0;0;0;0;0;1;0;0;0;0
"29/03/2024";"01:14:00";"195";"Com vítima";"82,900";"BR-116/RJ";"Crescente";"Colisão frontal";0;0;0;0;0;0;0;0;0;0;0;1;2;0;0
"29/03/2024";"03:18:00";"214";"Com vítima";"121,158";"BR-116/RJ";"Decrescente";"Choque";0;0;0;0;0;0;0;0;0;0;0;2;0;0;0
"29/03/2024";"03:44:00";"216";"Com vítima";"414,002";"BR-116/RJ";"Crescente";"Queda de moto";0;0;0;0;0;0;0;0;0;0;0;0;1;0;0
"29/03/2024";"04:44:00";"221";"Com vítima";"4,000";"BR-465/RJ";"Crescente";"Queda de moto";0;0;0;0;0;0;0;0;0;0;0;1;0;0;0
"29/03/2024";"05:31:00";"229";"Sem vítima";"662,804";"BR-116/RJ";"Crescente";"Choque";0;0;0;0;0;0;0;0;0;0;2;0;0;0;0
"29/03/2024";"08:46:00";"252";"Com vítima";"89,000";"BR-116/RJ";"Crescente";"Choque";0;0;0;0;0;0;0;0;0;0;0;2;0;0;0
"29/03/2024";"10:16:00";"41";"Com vítima";"4,553";"BR-493/RJ";"Decrescente";"Atropelamento de pedestre";0;0;0;0;0;0;0;0;0;0;1;0;0;0;0
"30/03/2024";"12:02:00";"49";"Com vítima";"665,270";"BR-116/RJ";"Crescente";"Tombamento";0;0;0;0;0;0;0;0;0;0;0;0;1;0;0
"30/03/2024";"12:57:00";"52";"Com vítima";"100,500";"BR-116/RJ";"Crescente";"Choque";0;0;0;0;0;0;0;0;0;0;0;1;0;0;0
"30/03/2024";"02:12:00";"56";"Com vítima";"130,000";"BR-116/RJ";"Decrescente";"Choque";0;0;0;0;0;0;0;0;0;0;0;2;0;0;0
"30/03/2024";"02:48:00";"58";"Com vítima";"529,252";"BR-116/RJ";"Crescente";"Atropelamento de pedestre";0;0;0;0;0;0;0;0;0;0;1;0;0;0;0
"30/03/2024";"05:55:00";"88";"Com vítima";"561,000";"BR-116/RJ";"Decrescente";"Colisão transversal";0;0;0;0;0;0;0;0;0;0;1;1;2;0;0
"30/03/2024";"10:45:00";"145";"Sem vítima";"756,000";"BR-116/RJ";"Crescente";"Choque";0;0;0;0;0;0;0;0;0;0;1;0;0;0;0
"30/03/2024";"12:26:00";"155";"Com vítima";"770,142";"BR-116/RJ";"Decrescente";"Colisão frontal";0;0;0;0;0;0;0;0;0;0;1;0;1;1;0
"30/03/2024";"12:30:00";"156";"Com vítima";"174,000";"BR-116/RJ";"Crescente";"Queda de moto";0;0;0;0;0;0;0;0;0;0;0;0;1;0;0
"30/03/2024";"02:25:00";"164";"Com vítima";"97,870";"BR-116/RJ";"Crescente";"Colisão frontal";0;0;0;0;0;0;0;0;0;0;1;1;0;0;0
"30/03/2024";"06:14:00";"212";"Sem vítima";"592,282";"BR-116/RJ";"Crescente";"Colisão lateral em sentido contrário";0;0;0;0;0;0;0;0;0;0;2;0;0;0;0
"30/03/2024";"08:38:00";"226";"Sem vítima";"542,773";"BR-116/RJ";"Crescente";"Saída de pista";0;0;0;0;0;0;0;0;0;0;2;0;0;0;0
"30/03/2024";"09:48:00";"29";"Sem vítima";"100,308";"BR-493/RJ";"Decrescente";"Saída de pista";0;0;0;0;0;0;0;0;0;0;1;0;0;0;0
"31/03/2024";"12:55:00";"53";"Com vítima";"190,895";"BR-116/RJ";"Crescente";"Colisão lateral no mesmo sentido";0;0;0;0;0;0;0;0;0;0;1;1;0;0;0
"31/03/2024";"08:16:00";"130";"Com vítima";"31,000";"BR-116/RJ";"Decrescente";"Choque";0;0;0;0;0;0;0;0;0;0;0;3;0;0;0
"31/03/2024";"08:20:00";"131";"Com vítima";"141,000";"BR-116/RJ";"Crescente";"Colisão traseira";0;0;0;0;0;0;0;0;0;0;1;1;1;0;0
"31/03/2024";"11:04:00";"160";"Com vítima";"507,000";"BR-116/RJ";"Decrescente";"Colisão traseira";0;0;0;0;0;0;0;0;0;0;1;0;0;1;0
"31/03/2024";"11:35:00";"163";"Com vítima";"422,360";"BR-116/RJ";"Crescente";"Queda de moto";0;0;0;0;0;0;0;0;0;0;0;0;1;0;0
"31/03/2024";"12:55:00";"180";"Com vítima";"81,637";"BR-116/RJ";"Crescente";"Colisão transversal";0;0;0;0;0;0;0;0;0;0;1;0;1;0;0
"31/03/2024";"01:06:00";"183";"Com vítima";"184,000";"BR-116/RJ";"Decrescente";"Colisão lateral no mesmo sentido";0;0;0;0;0;0;0;0;0;0;0;3;0;0;0
"31/03/2024";"01:53:00";"195";"Com vítima";"749,691";"BR-116/RJ";"Decrescente";"Colisão traseira";0;0;0;0;0;0;0;0;0;0;3;1;0;0;0
"31/03/2024";"02:25:00";"200";"Sem vítima";"133,736";"BR-116/RJ";"Crescente";"Colisão traseira";0;0;0;0;0;0;0;0;0;0;6;0;0;0;0
"31/03/2024";"02:30:00";"201";"Com vítima";"192,400";"BR-116/RJ";"Decrescente";"Colisão traseira";0;0;0;0;0;0;0;0;0;0;4;2;2;0;0
"31/03/2024";"03:02:00";"208";"Com vítima";"0,000";"BR-493/RJ";"Crescente";"Colisão lateral em sentido contrário";0;0;0;0;0;0;0;0;0;0;3;2;0;0;0
"31/03/2024";"05:27:00";"242";"Com vítima";"115,473";"BR-493/RJ";"Decrescente";"Atropelamento de animal";0;0;0;0;0;0;0;0;0;0;0;1;0;0;0
"31/03/2024";"05:54:00";"248";"Com vítima";"83,200";"BR-493/RJ";"Crescente";"Choque";0;0;0;0;0;0;0;0;0;0;0;0;0;2;0
"31/03/2024";"05:59:00";"249";"Com vítima";"211,000";"BR-116/RJ";"Crescente";"Choque";0;0;0;0;0;0;0;0;0;0;0;3;0;0;0
"31/03/2024";"06:20:00";"255";"Com vítima";"702,101";"BR-116/RJ";"Decrescente";"Colisão traseira";0;0;0;0;0;0;0;0;0;0;1;2;0;0;0
"31/03/2024";"08:38:00";"272";"Com vítima";"84,000";"BR-493/RJ";"Crescente";"Choque";0;0;0;0;0;0;0;0;0;0;0;0;1;0;0
"31/03/2024";"08:53:00";"276";"Com vítima";"198,000";"BR-116/RJ";"Crescente";"Choque";0;0;0;0;0;0;0;0;0;0;0;1;0;0;0
"31/03/2024";"09:29:00";"15";"Com vítima";"97,000";"BR-493/RJ";"Crescente";"Atropelamento de animal";0;0;0;0;0;0;0;0;0;0;1;0;0;0;0
"01/04/2024";"03:07:00";"87";"Com vítima";"208,000";"BR-116/RJ";"Decrescente";"Choque";1;0;0;0;0;0;0;0;0;0;0;0;1;0;0
"01/04/2024";"04:35:00";"101";"Com vítima";"795,000";"BR-116/RJ";"Decrescente";"Colisão frontal";1;0;0;0;0;1;0;0;0;0;0;1;0;0;1
"01/04/2024";"06:07:00";"124";"Com vítima";"174,000";"BR-116/RJ";"Decrescente";"Colisão traseira";0;0;0;2;0;0;0;0;0;0;0;3;0;0;0
"01/04/2024";"06:30:00";"132";"Com vítima";"8,000";"BR-465/RJ";"Decrescente";"Colisão traseira";2;0;0;0;0;0;0;0;0;0;0;2;0;0;0
"01/04/2024";"07:58:00";"165";"Com vítima";"15,000";"BR-465/RJ";"Decrescente";"Colisão transversal";1;0;0;1;0;0;0;0;0;0;0;1;1;0;0
"01/04/2024";"11:02:00";"213";"Com vítima";"516,000";"BR-116/RJ";"Crescente";"Queda de moto";0;0;0;1;0;0;0;0;0;0;0;2;0;0;0
"01/04/2024";"02:38:00";"256";"Com vítima";"21,000";"BR-465/RJ";"Crescente";"Colisão frontal";1;0;0;1;0;0;0;0;0;0;0;1;1;0;0
"01/04/2024";"03:14:00";"261";"Com vítima";"20,000";"BR-465/RJ";"Crescente";"Colisão traseira";1;0;0;1;0;0;0;0;0;0;0;2;0;0;0
"01/04/2024";"03:29:00";"265";"Com vítima";"176,000";"BR-116/RJ";"Crescente";"Colisão lateral no mesmo sentido";1;0;1;1;0;0;0;0;0;0;1;1;2;0;0
"01/04/2024";"03:46:00";"268";"Com vítima";"18,700";"BR-493/RJ";"Decrescente";"Colisão lateral no mesmo sentido";1;0;0;1;0;0;0;0;0;0;1;1;0;0;0
"01/04/2024";"04:12:00";"270";"Com vítima";"172,029";"BR-116/RJ";"Crescente";"Colisão frontal";1;0;0;1;0;0;0;0;0;0;2;0;2;0;0
"02/04/2024";"03:26:00";"110";"Sem vítima";"171,000";"BR-116/RJ";"Decrescente";"Colisão traseira";3;0;0;0;0;0;0;0;0;0;4;0;0;0;0
"02/04/2024";"04:06:00";"117";"Com vítima";"533,000";"BR-116/RJ";"Decrescente";"Queda de moto";0;0;0;1;0;0;0;0;0;0;0;1;0;0;0
"02/04/2024";"04:13:00";"121";"Com vítima";"59,300";"BR-493/RJ";"Decrescente";"Saída de pista";0;0;1;0;0;0;0;0;0;0;0;1;0;0;0
"02/04/2024";"04:37:00";"126";"Com vítima";"59,310";"BR-493/RJ";"Decrescente";"Colisão traseira";2;0;0;0;0;0;0;0;0;0;0;1;1;0;0
"02/04/2024";"05:48:00";"138";"Sem vítima";"148,000";"BR-116/RJ";"Decrescente";"Colisão lateral no mesmo sentido";1;0;1;0;0;0;0;0;0;0;2;0;0;0;0
"02/04/2024";"07:46:00";"165";"Com vítima";"180,000";"BR-116/RJ";"Decrescente";"Colisão lateral no mesmo sentido";3;0;0;1;0;0;0;0;0;0;3;1;0;0;0
"02/04/2024";"10:29:00";"206";"Com vítima";"200,000";"BR-116/RJ";"Crescente";"Colisão traseira";0;0;0;1;1;0;0;0;0;0;1;0;1;0;0
"02/04/2024";"02:58:00";"262";"Com vítima";"177,000";"BR-116/RJ";"Crescente";"Queda de moto";0;0;0;1;0;0;0;0;0;0;0;1;0;0;0
"02/04/2024";"03:01:00";"263";"Com vítima";"142,000";"BR-116/RJ";"Decrescente";"Colisão traseira";0;0;0;2;0;0;0;0;0;0;0;2;0;0;0
"02/04/2024";"04:12:00";"275";"Com vítima";"6,000";"BR-465/RJ";"Decrescente";"Atropelamento de pedestre";0;0;0;1;0;0;0;0;0;0;2;1;0;0;0
"02/04/2024";"07:15:00";"309";"Com vítima";"176,300";"BR-116/RJ";"Crescente";"Queda de moto";0;0;0;1;0;0;0;0;0;0;1;1;0;0;0
"03/04/2024";"05:40:00";"126";"Com vítima";"500,000";"BR-116/RJ";"Decrescente";"Colisão traseira";2;0;0;0;0;0;0;0;0;0;0;4;1;0;0
"03/04/2024";"07:25:00";"147";"Com vítima";"8,000";"BR-493/RJ";"Decrescente";"Engavetamento";0;0;3;0;0;0;0;0;0;0;0;4;0;0;0
"03/04/2024";"08:17:00";"158";"Com vítima";"21,000";"BR-116/RJ";"Decrescente";"Queda de moto";0;0;0;1;0;0;0;0;0;0;0;1;0;0;0
"03/04/2024";"08:29:00";"163";"Com vítima";"174,200";"BR-116/RJ";"Crescente";"Queda de moto";0;0;0;1;0;0;0;0;0;0;0;0;2;0;0
"03/04/2024";"11:13:00";"194";"Sem vítima";"413,000";"BR-116/RJ";"Crescente";"Engavetamento";4;0;0;0;0;0;0;0;0;0;4;0;0;0;0
"03/04/2024";"11:41:00";"198";"Com vítima";"181,900";"BR-116/RJ";"Crescente";"Colisão traseira";1;0;1;0;0;0;0;0;0;0;0;2;0;0;0
"03/04/2024";"12:36:00";"213";"Sem vítima";"25,458";"BR-116/RJ";"Decrescente";"Tombamento";0;0;1;0;0;0;0;0;0;0;1;0;0;0;0
"03/04/2024";"12:48:00";"212";"Com vítima";"21,800";"BR-465/RJ";"Decrescente";"Colisão lateral no mesmo sentido";1;0;0;1;0;0;0;0;0;0;0;3;0;0;0
"03/04/2024";"03:46:00";"249";"Com vítima";"186,437";"BR-116/RJ";"Decrescente";"Engavetamento";3;0;0;0;0;0;0;0;0;0;4;1;0;0;0
"03/04/2024";"04:31:00";"260";"Sem vítima";"438,000";"BR-116/RJ";"Crescente";"Atropelamento de animal";1;0;0;0;0;0;0;0;0;0;1;0;0;0;0
"03/04/2024";"04:58:00";"263";"Com vítima";"0,234";"BR-493/RJ";"Crescente";"Choque";1;0;0;0;0;1;0;0;0;0;1;1;0;0;0
"03/04/2024";"05:52:00";"271";"Com vítima";"11,971";"BR-493/RJ";"Crescente";"Choque";1;0;0;0;0;0;0;0;0;0;0;1;0;0;0
"03/04/2024";"07:49:00";"287";"Com vítima";"176,683";"BR-116/RJ";"Decrescente";"Atropelamento de pedestre";0;0;0;0;1;0;0;0;0;0;1;9;0;0;0
"03/04/2024";"09:16:00";"1";"Com vítima";"430,901";"BR-116/RJ";"Decrescente";"Colisão frontal";0;0;0;1;0;1;0;0;0;0;0;1;0;0;1
"03/04/2024";"09:38:00";"3";"Com vítima";"192,000";"BR-116/RJ";"Decrescente";"Atropelamento de animal";0;0;0;0;0;1;0;0;0;0;1;0;0;0;0
"04/04/2024";"03:34:00";"39";"Com vítima";"22,800";"BR-465/RJ";"Crescente";"Colisão lateral no mesmo sentido";1;0;0;0;2;0;0;0;0;0;0;3;0;0;0
"04/04/2024";"04:52:00";"59";"Sem vítima";"148,000";"BR-116/RJ";"Crescente";"Colisão traseira";1;0;1;0;0;0;0;0;0;0;2;0;0;0;0
"04/04/2024";"05:09:00";"63";"Com vítima";"173,000";"BR-116/RJ";"Crescente";"Colisão lateral no mesmo sentido";2;0;0;0;0;0;0;0;0;0;0;3;0;0;0
"04/04/2024";"07:04:00";"91";"Sem vítima";"83,000";"BR-116/RJ";"Decrescente";"Choque";1;0;0;0;0;0;0;0;0;0;1;0;0;0;0
"04/04/2024";"08:13:00";"111";"Com vítima";"110,000";"BR-116/RJ";"Decrescente";"Colisão traseira";1;0;0;1;0;0;0;0;0;0;1;1;0;0;0
"04/04/2024";"08:36:00";"115";"Com vítima";"553,000";"BR-116/RJ";"Decrescente";"Colisão lateral no mesmo sentido";1;0;0;1;0;0;0;0;0;0;1;1;0;0;0
"04/04/2024";"10:38:00";"138";"Com vítima";"579,000";"BR-116/RJ";"Crescente";"Saída de pista";1;0;0;0;0;0;0;0;0;0;0;1;0;1;0
"04/04/2024";"02:29:00";"192";"Com vítima";"710,000";"BR-116/RJ";"Decrescente";"Queda de moto";0;0;0;1;0;0;0;0;0;0;0;1;0;0;0
"05/04/2024";"02:37:00";"75";"Com vítima";"212,440";"BR-116/RJ";"Crescente";"Colisão traseira";0;0;2;0;0;0;0;0;0;0;0;2;0;0;0
"05/04/2024";"08:25:00";"141";"Com vítima";"6,000";"BR-493/RJ";"Decrescente";"Colisão transversal";1;0;0;1;0;0;0;0;0;0;0;1;1;0;0
"05/04/2024";"08:51:00";"147";"Com vítima";"793,390";"BR-116/RJ";"Decrescente";"Tombamento";0;0;0;0;0;1;0;0;0;0;0;1;0;0;0
"05/04/2024";"10:00:00";"161";"Com vítima";"136,000";"BR-116/RJ";"Crescente";"Queda de moto";1;0;0;1;0;0;0;0;0;0;0;1;1;0;0
"05/04/2024";"10:16:00";"163";"Com vítima";"197,000";"BR-116/RJ";"Crescente";"Choque";0;0;0;0;0;1;0;0;0;0;0;1;0;0;0
"05/04/2024";"01:23:00";"207";"Com vítima";"29,010";"BR-116/RJ";"Decrescente";"Tombamento";0;0;0;0;0;1;0;0;0;0;0;0;0;1;0
"05/04/2024";"01:29:00";"210";"Com vítima";"83,400";"BR-116/RJ";"Decrescente";"Colisão traseira";2;0;0;0;0;0;0;0;0;0;0;1;1;0;0
"05/04/2024";"04:18:00";"242";"Com vítima";"101,000";"BR-116/RJ";"Decrescente";"Colisão lateral em sentido contrário";1;0;0;1;0;0;0;0;0;0;0;1;0;1;0
"05/04/2024";"04:20:00";"244";"Com vítima";"606,300";"BR-116/RJ";"Crescente";"Choque";1;0;0;0;0;0;0;0;0;0;0;4;0;0;0
"05/04/2024";"05:27:00";"261";"Sem vítima";"185,000";"BR-116/RJ";"Crescente";"Colisão traseira";1;0;0;0;0;1;0;0;0;0;2;0;0;0;0
"05/04/2024";"08:49:00";"292";"Com vítima";"129,507";"BR-116/RJ";"Decrescente";"Queda de moto";0;0;0;1;0;0;0;0;0;0;0;0;1;0;0
"05/04/2024";"10:59:00";"62";"Com vítima";"145,000";"BR-116/RJ";"Decrescente";"Atropelamento de pedestre";0;0;0;0;0;1;0;0;0;0;2;0;9;0;0
"06/04/2024";"01:29:00";"73";"Com vítima";"110,099";"BR-116/RJ";"Crescente";"Colisão frontal";0;0;0;1;0;1;0;0;0;0;1;0;1;0;0
"06/04/2024";"03:22:00";"82";"Com vítima";"82,000";"BR-116/RJ";"Crescente";"Colisão frontal";1;0;0;0;0;1;0;0;0;0;0;2;0;0;0
"06/04/2024";"08:25:00";"133";"Com vítima";"20,000";"BR-465/RJ";"Decrescente";"Colisão lateral em sentido contrário";1;0;0;1;0;0;0;0;0;0;0;2;1;0;0
"06/04/2024";"08:49:00";"140";"Com vítima";"131,000";"BR-116/RJ";"Decrescente";"Queda de moto";0;0;0;1;0;0;0;0;0;0;0;1;0;0;0
"06/04/2024";"08:57:00";"141";"Com vítima";"175,000";"BR-116/RJ";"Decrescente";"Colisão traseira";3;0;0;0;0;0;0;0;0;0;0;3;0;0;0
"06/04/2024";"09:35:00";"149";"Com vítima";"18,000";"BR-465/RJ";"Crescente";"Colisão transversal";1;0;0;1;0;0;0;0;0;0;0;2;0;0;0
"06/04/2024";"11:23:00";"171";"Com vítima";"179,000";"BR-116/RJ";"Crescente";"Choque";2;0;0;0;0;0;0;0;0;0;0;1;1;0;0
"06/04/2024";"01:46:00";"199";"Com vítima";"542,000";"BR-116/RJ";"Decrescente";"Choque";1;0;0;0;0;0;0;0;0;0;0;0;1;0;0
"06/04/2024";"02:41:00";"210";"Com vítima";"126,000";"BR-116/RJ";"Crescente";"Queda de moto";0;0;0;1;0;0;0;0;0;0;0;2;0;0;0
"06/04/2024";"04:20:00";"230";"Com vítima";"82,500";"BR-116/RJ";"Crescente";"Colisão lateral em sentido contrário";0;0;0;1;0;1;0;0;0;0;1;0;1;0;0
"06/04/2024";"04:54:00";"240";"Com vítima";"673,000";"BR-116/RJ";"Crescente";"Saída de pista";1;0;0;0;0;0;0;0;0;0;0;1;0;0;0
"06/04/2024";"05:11:00";"243";"Com vítima";"144,200";"BR-116/RJ";"Crescente";"Colisão lateral no mesmo sentido";1;0;0;1;0;0;0;0;0;0;1;1;0;0;0
"06/04/2024";"06:26:00";"253";"Com vítima";"461,601";"BR-116/RJ";"Crescente";"Capotamento";1;0;0;0;0;0;0;0;0;0;1;0;2;1;0
"06/04/2024";"07:22:00";"262";"Sem vítima";"180,000";"BR-116/RJ";"Decrescente";"Colisão traseira";1;0;0;1;0;0;0;0;0;0;3;0;0;0;0
"06/04/2024";"08:35:00";"266";"Com vítima";"531,263";"BR-116/RJ";"Crescente";"Capotamento";1;0;0;0;0;0;0;0;0;0;0;0;1;0;0
"06/04/2024";"10:29:00";"7";"Com vítima";"542,783";"BR-116/RJ";"Decrescente";"Atropelamento de animal";0;0;0;1;0;0;0;0;0;0;0;1;0;0;0
"06/04/2024";"10:56:00";"26";"Com vítima";"14,146";"BR-465/RJ";"Crescente";"Colisão lateral no mesmo sentido";0;1;0;0;0;1;0;0;0;0;1;0;0;0;0
"06/04/2024";"11:01:00";"30";"Com vítima";"55,000";"BR-116/RJ";"Crescente";"Engavetamento";2;0;0;0;0;0;0;0;0;1;0;7;1;0;0
"06/04/2024";"11:43:00";"53";"Com vítima";"186,000";"BR-116/RJ";"Decrescente";"Colisão lateral no mesmo sentido";0;0;0;1;0;1;0;0;0;0;1;0;1;0;0
"07/04/2024";"05:28:00";"80";"Com vítima";"191,000";"BR-116/RJ";"Crescente";"Colisão traseira";3;0;0;0;0;0;0;0;0;0;2;4;0;0;0
"07/04/2024";"12:18:00";"176";"Com vítima";"174,000";"BR-116/RJ";"Decrescente";"Colisão traseira";3;0;0;0;0;0;0;0;0;0;1;5;0;0;0
"07/04/2024";"02:05:00";"200";"Com vítima";"724,000";"BR-116/RJ";"Decrescente";"Colisão traseira";0;0;1;1;0;0;0;0;0;0;0;1;0;1;0
"07/04/2024";"03:56:00";"225";"Com vítima";"100,000";"BR-116/RJ";"Crescente";"Colisão lateral em sentido contrário";2;0;0;1;0;0;0;0;0;0;0;2;2;0;0
"07/04/2024";"03:59:00";"227";"Com vítima";"639,857";"BR-116/RJ";"Decrescente";"Colisão frontal";2;0;0;0;0;0;0;0;0;0;0;3;4;0;0
"07/04/2024";"08:03:00";"269";"Com vítima";"18,300";"BR-465/RJ";"Decrescente";"Queda de moto";0;0;0;1;0;0;0;0;0;0;0;1;1;0;0
"07/04/2024";"09:54:00";"45";"Com vítima";"717,125";"BR-116/RJ";"Decrescente";"Choque";1;0;0;0;0;0;0;0;0;0;0;4;0;0;0
"08/04/2024";"12:23:00";"83";"Com vítima";"140,854";"BR-116/RJ";"Crescente";"Choque";1;0;0;0;0;0;0;0;0;0;0;1;0;0;0
"08/04/2024";"03:47:00";"119";"Com vítima";"191,000";"BR-116/RJ";"Decrescente";"Choque";0;0;1;0;0;0;0;0;0;0;0;1;0;0;0
"08/04/2024";"04:50:00";"128";"Sem vítima";"67,400";"BR-493/RJ";"Crescente";"Atropelamento de animal";1;0;0;0;0;0;0;0;0;0;1;0;0;0;0
"08/04/2024";"04:59:00";"136";"Sem vítima";"17,000";"BR-465/RJ";"Crescente";"Colisão traseira";2;0;0;0;0;0;0;0;0;0;2;0;0;0;0
"08/04/2024";"05:12:00";"137";"Com vítima";"443,340";"BR-116/RJ";"Crescente";"Tombamento";0;0;0;0;0;1;0;0;0;0;0;0;0;1;0
"08/04/2024";"05:51:00";"143";"Com vítima";"186,000";"BR-116/RJ";"Decrescente";"Queda de moto";0;0;0;1;0;0;0;0;0;0;0;1;0;0;0
"08/04/2024";"05:53:00";"146";"Sem vítima";"131,000";"BR-116/RJ";"Decrescente";"Colisão traseira";2;0;0;0;0;0;0;0;0;0;2;0;0;0;0
"08/04/2024";"06:07:00";"148";"Com vítima";"148,000";"BR-116/RJ";"Crescente";"Colisão lateral no mesmo sentido";1;0;0;1;0;0;0;0;0;0;1;0;1;0;0
"08/04/2024";"07:30:00";"159";"Com vítima";"626,000";"BR-116/RJ";"Decrescente";"Colisão lateral em sentido contrário";2;0;0;0;0;0;0;0;0;0;1;1;0;0;0
"08/04/2024";"08:38:00";"182";"Com vítima";"4,000";"BR-465/RJ";"Decrescente";"Engavetamento";2;0;1;0;0;0;0;0;0;0;0;3;0;0;0
"08/04/2024";"08:58:00";"188";"Com vítima";"1,000";"BR-493/RJ";"Crescente";"Colisão frontal";1;0;0;1;0;0;0;0;0;0;0;1;1;1;0
"08/04/2024";"11:06:00";"213";"Com vítima";"5,000";"BR-493/RJ";"Decrescente";"Capotamento";1;0;0;0;0;0;0;0;0;0;0;1;0;0;0
"08/04/2024";"11:50:00";"226";"Sem vítima";"780,000";"BR-116/RJ";"Decrescente";"Tombamento";0;0;0;0;0;1;0;0;0;0;1;0;0;0;0
"08/04/2024";"04:57:00";"284";"Com vítima";"703,624";"BR-116/RJ";"Decrescente";"Colisão lateral em sentido contrário";1;0;0;0;0;1;0;0;0;0;1;0;1;0;0
"08/04/2024";"06:07:00";"294";"Com vítima";"58,300";"BR-493/RJ";"Decrescente";"Atropelamento de animal";0;0;0;1;0;0;0;0;0;0;0;0;1;0;0
"08/04/2024";"07:32:00";"308";"Com vítima";"756,201";"BR-116/RJ";"Decrescente";"Choque";1;0;0;0;0;0;0;0;0;0;0;1;0;0;0
"08/04/2024";"08:58:00";"314";"Sem vítima";"142,127";"BR-116/RJ";"Crescente";"Colisão frontal";1;0;1;0;0;0;0;0;0;0;2;0;0;0;0
"09/04/2024";"03:36:00";"19";"Com vítima";"9,000";"BR-493/RJ";"Decrescente";"Atropelamento de animal";1;0;0;0;0;0;0;0;0;0;1;0;0;0;0