data;horario;n_da_ocorrencia;tipo_de_ocorrencia;km;trecho;sentido;tipo_de_acidente;automovel;bicicleta;caminhao;moto;onibus;outros;tracao_animal;transporte_de_cargas_especiais;trator_maquinas;utilitarios;ilesos;levemente_feridos;moderadamente_feridos;gravemente_feridos;mortos
"09/04/2024";"07:21:00";"81";"Com vítima";"203,100";"BR-116/RJ";"Crescente";"Saída de pista";1;0;0;0;0;0;0;0;0;0;0;1;0;0;0
"09/04/2024";"08:39:00";"99";"Sem vítima";"212,000";"BR-116/RJ";"Crescente";"Colisão traseira";0;0;0;0;0;2;0;0;0;0;2;0;0;0;0
"09/04/2024";"08:52:00";"102";"Com vítima";"21,000";"BR-465/RJ";"Crescente";"Colisão frontal";1;0;0;1;0;0;0;0;0;0;0;1;1;0;0
"09/04/2024";"01:54:00";"165";"Com vítima";"176,761";"BR-116/RJ";"Crescente";"Colisão traseira";1;0;0;1;0;0;0;0;0;0;2;0;0;1;0
"09/04/2024";"03:32:00";"180";"Com vítima";"13,359";"BR-465/RJ";"Decrescente";"Atropelamento de pedestre";1;0;0;0;0;0;0;0;0;0;1;1;0;0;0
"09/04/2024";"04:15:00";"189";"Sem vítima";"174,375";"BR-116/RJ";"Crescente";"Colisão lateral no mesmo sentido";1;0;0;0;0;1;0;0;0;0;2;0;0;0;0
"09/04/2024";"05:58:00";"208";"Sem vítima";"183,971";"BR-116/RJ";"Crescente";"Choque";0;0;1;0;0;0;0;0;0;0;1;0;0;0;0
"09/04/2024";"07:54:00";"223";"Com vítima";"172,758";"BR-116/RJ";"Crescente";"Choque";1;0;1;0;0;0;0;0;0;0;2;1;0;0;0
"10/04/2024";"02:01:00";"19";"Com vítima";"63,000";"BR-493/RJ";"Crescente";"Choque";0;0;0;0;0;0;0;0;0;1;0;2;0;0;0
"10/04/2024";"03:44:00";"30";"Com vítima";"688,000";"BR-116/RJ";"Decrescente";"Tombamento";0;0;0;0;0;1;0;0;0;0;0;1;1;0;0
"10/04/2024";"04:16:00";"34";"Com vítima";"62,700";"BR-116/RJ";"Decrescente";"Colisão transversal";1;0;0;0;0;0;0;0;0;1;0;3;1;1;0
"10/04/2024";"05:24:00";"45";"Com vítima";"96,000";"BR-493/RJ";"Crescente";"Queda de moto";0;0;0;1;0;0;0;0;0;0;0;1;0;0;0
"10/04/2024";"06:07:00";"50";"Com vítima";"187,000";"BR-116/RJ";"Decrescente";"Colisão traseira";0;0;0;2;0;0;0;0;0;0;0;0;2;0;0
"10/04/2024";"07:45:00";"71";"Com vítima";"28,000";"BR-116/RJ";"Crescente";"Choque";1;0;0;0;0;0;0;0;0;0;0;2;0;0;0
"10/04/2024";"09:07:00";"92";"Com vítima";"14,000";"BR-465/RJ";"Crescente";"Colisão lateral no mesmo sentido";0;0;1;1;0;0;0;0;0;0;0;1;1;0;0
"10/04/2024";"02:32:00";"152";"Com vítima";"524,500";"BR-116/RJ";"Crescente";"Colisão lateral em sentido contrário";1;0;0;0;0;0;0;0;0;1;0;2;0;0;0
"10/04/2024";"02:49:00";"155";"Sem vítima";"131,600";"BR-116/RJ";"Crescente";"Colisão lateral no mesmo sentido";1;0;1;0;0;0;0;0;0;0;4;0;0;0;0
"10/04/2024";"08:31:00";"219";"Com vítima";"718,952";"BR-116/RJ";"Crescente";"Tombamento";0;0;0;0;0;1;0;0;0;0;0;0;0;1;0
"10/04/2024";"10:22:00";"11";"Com vítima";"179,502";"BR-116/RJ";"Decrescente";"Choque";0;0;0;0;0;1;0;0;0;0;0;1;0;0;0
"10/04/2024";"10:31:00";"15";"Com vítima";"698,629";"BR-116/RJ";"Decrescente";"Colisão traseira";0;0;0;1;0;1;0;0;0;0;1;0;0;1;0
"11/04/2024";"12:49:00";"85";"Com vítima";"115,626";"BR-493/RJ";"Crescente";"Atropelamento de animal";1;0;0;0;0;0;0;0;0;0;0;4;0;0;0
"11/04/2024";"04:57:00";"122";"Com vítima";"539,000";"BR-116/RJ";"Crescente";"Queda de moto";0;0;0;1;0;0;0;0;0;0;0;0;0;1;0
"11/04/2024";"05:13:00";"126";"Com vítima";"11,000";"BR-465/RJ";"Decrescente";"Colisão lateral em sentido contrário";0;0;0;1;0;0;0;0;0;1;1;0;1;0;0
"11/04/2024";"01:24:00";"246";"Com vítima";"87,000";"BR-493/RJ";"Crescente";"Saída de pista";1;0;0;0;0;0;0;0;0;0;0;1;0;0;0
"11/04/2024";"02:14:00";"257";"Com vítima";"97,000";"BR-116/RJ";"Decrescente";"Saída de pista";1;0;0;0;0;0;0;0;0;0;0;1;0;0;0
"11/04/2024";"02:22:00";"258";"Com vítima";"203,000";"BR-116/RJ";"Decrescente";"Choque";1;0;0;0;0;0;0;0;0;0;0;1;0;0;0
"11/04/2024";"03:17:00";"275";"Com vítima";"19,315";"BR-465/RJ";"Crescente";"Atropelamento de pedestre";0;0;0;1;0;0;0;0;0;0;1;0;1;0;0
"11/04/2024";"05:47:00";"292";"Com vítima";"193,139";"BR-116/RJ";"Decrescente";"Queda de moto";0;0;0;1;0;0;0;0;0;0;0;0;1;0;0
"11/04/2024";"06:13:00";"297";"Com vítima";"533,050";"BR-116/RJ";"Crescente";"Colisão lateral em sentido contrário";2;0;0;0;0;0;0;0;0;0;0;2;0;0;0
"12/04/2024";"01:42:00";"126";"Com vítima";"145,495";"BR-116/RJ";"Crescente";"Tombamento";0;0;1;0;0;0;0;0;0;0;0;0;1;0;0
"12/04/2024";"01:50:00";"128";"Sem vítima";"144,000";"BR-116/RJ";"Crescente";"Engavetamento";2;0;0;0;0;1;0;0;0;0;4;0;0;0;0
"12/04/2024";"02:15:00";"132";"Com vítima";"106,000";"BR-116/RJ";"Crescente";"Colisão traseira";1;0;1;0;0;0;0;0;0;0;0;2;0;0;0
"12/04/2024";"02:59:00";"136";"Sem vítima";"142,000";"BR-116/RJ";"Crescente";"Colisão traseira";2;0;0;0;0;0;0;0;0;0;2;0;0;0;0
"12/04/2024";"03:50:00";"147";"Com vítima";"21,900";"BR-465/RJ";"Crescente";"Colisão lateral no mesmo sentido";1;0;0;0;1;0;0;0;0;0;1;1;0;0;0
"12/04/2024";"05:12:00";"168";"Com vítima";"188,700";"BR-116/RJ";"Crescente";"Colisão traseira";2;0;0;0;0;0;0;0;0;0;0;2;0;0;0
"12/04/2024";"01:02:00";"262";"Com vítima";"148,000";"BR-116/RJ";"Crescente";"Engavetamento";1;0;1;0;0;0;0;0;0;1;1;2;0;0;0
"12/04/2024";"01:39:00";"269";"Com vítima";"538,492";"BR-116/RJ";"Decrescente";"Colisão lateral no mesmo sentido";0;0;1;0;0;1;0;0;0;0;1;0;1;0;0
"12/04/2024";"03:32:00";"293";"Com vítima";"72,637";"BR-493/RJ";"Crescente";"Queda de moto";0;0;0;1;0;0;0;0;0;0;0;1;1;0;0
"12/04/2024";"03:51:00";"296";"Com vítima";"772,142";"BR-116/RJ";"Crescente";"Colisão transversal";1;0;0;1;0;0;0;0;0;0;0;1;0;1;0
"12/04/2024";"06:55:00";"329";"Com vítima";"72,000";"BR-116/RJ";"Crescente";"Atropelamento de pedestre";0;0;0;0;0;1;0;0;0;0;2;0;9;0;0
"12/04/2024";"07:16:00";"336";"Com vítima";"528,414";"BR-116/RJ";"Decrescente";"Atropelamento de pedestre";0;0;0;1;0;0;0;0;0;0;1;0;0;9;0
"13/04/2024";"02:31:00";"68";"Com vítima";"138,000";"BR-116/RJ";"Crescente";"Queda de moto";0;0;0;1;0;0;0;0;0;0;0;1;0;0;0
"13/04/2024";"06:30:00";"116";"Com vítima";"210,000";"BR-116/RJ";"Crescente";"Queda de moto";0;0;0;1;0;0;0;0;0;0;0;1;0;0;0
"13/04/2024";"07:05:00";"121";"Com vítima";"139,100";"BR-116/RJ";"Decrescente";"Queda de moto";0;0;0;1;0;0;0;0;0;0;0;0;2;0;0
"13/04/2024";"07:14:00";"122";"Com vítima";"97,800";"BR-116/RJ";"Decrescente";"Queda de moto";0;0;0;1;0;0;0;0;0;0;0;1;1;0;0
"13/04/2024";"08:19:00";"135";"Com vítima";"175,000";"BR-116/RJ";"Crescente";"Queda de moto";0;0;0;1;0;0;0;0;0;0;0;1;0;0;0
"13/04/2024";"09:04:00";"142";"Com vítima";"174,000";"BR-116/RJ";"Decrescente";"Engavetamento";4;0;0;0;0;0;0;0;0;0;2;3;0;0;0
"13/04/2024";"09:39:00";"149";"Com vítima";"53,000";"BR-493/RJ";"Crescente";"Choque";1;0;0;0;0;0;0;0;0;0;0;2;0;0;0
"13/04/2024";"11:21:00";"166";"Com vítima";"16,000";"BR-493/RJ";"Crescente";"Colisão transversal";0;0;0;1;0;1;0;0;0;0;1;1;1;0;0
"13/04/2024";"12:35:00";"190";"Sem vítima";"545,000";"BR-116/RJ";"Crescente";"Colisão lateral em sentido contrário";2;0;0;0;0;0;0;0;0;0;2;0;0;0;0
"13/04/2024";"01:44:00";"200";"Com vítima";"17,000";"BR-465/RJ";"Decrescente";"Colisão lateral no mesmo sentido";1;0;0;1;0;0;0;0;0;0;1;1;1;0;0
"13/04/2024";"01:54:00";"204";"Com vítima";"106,500";"BR-493/RJ";"Decrescente";"Capotamento";1;0;0;0;0;0;0;0;0;0;0;2;0;0;0
"13/04/2024";"02:06:00";"209";"Com vítima";"185,000";"BR-116/RJ";"Crescente";"Colisão traseira";2;0;0;0;0;1;0;0;0;0;1;2;0;0;0
"13/04/2024";"03:09:00";"227";"Sem vítima";"183,450";"BR-116/RJ";"Decrescente";"Colisão lateral no mesmo sentido";1;0;0;0;0;0;0;0;0;1;4;0;0;0;0
"13/04/2024";"03:12:00";"229";"Com vítima";"478,060";"BR-116/RJ";"Crescente";"Atropelamento de pedestre";0;0;0;1;0;0;0;0;0;0;0;1;9;0;0
"13/04/2024";"04:31:00";"240";"Com vítima";"10,074";"BR-116/RJ";"Decrescente";"Colisão frontal";1;0;0;0;1;0;0;0;0;0;19;1;0;1;0
"13/04/2024";"04:44:00";"247";"Sem vítima";"96,000";"BR-493/RJ";"Crescente";"Choque";1;0;0;0;0;0;0;0;0;0;1;0;0;0;0
"13/04/2024";"06:42:00";"268";"Com vítima";"762,840";"BR-116/RJ";"Crescente";"Atropelamento de pedestre";2;0;0;0;0;0;0;0;0;0;0;3;0;9;0
"14/04/2024";"01:56:00";"29";"Com vítima";"192,000";"BR-116/RJ";"Decrescente";"Colisão traseira";2;0;0;0;0;0;0;0;0;0;0;2;0;0;0
"14/04/2024";"04:52:00";"47";"Sem vítima";"519,000";"BR-116/RJ";"Crescente";"Choque";1;0;0;0;0;0;0;0;0;0;1;0;0;0;0
"14/04/2024";"06:06:00";"59";"Com vítima";"208,000";"BR-116/RJ";"Crescente";"Choque";1;0;0;0;0;0;0;0;0;0;0;1;0;0;0
"14/04/2024";"11:06:00";"116";"Com vítima";"51,000";"BR-493/RJ";"Crescente";"Choque";1;0;0;0;0;0;0;0;0;0;0;1;0;0;0
"14/04/2024";"11:29:00";"118";"Com vítima";"194,600";"BR-116/RJ";"Crescente";"Saída de pista";1;0;0;0;0;0;0;0;0;0;0;1;0;0;0
"14/04/2024";"01:08:00";"143";"Com vítima";"101,300";"BR-116/RJ";"Decrescente";"Queda de moto";0;0;0;1;0;0;0;0;0;0;0;2;0;0;0
"14/04/2024";"03:54:00";"174";"Com vítima";"2,434";"BR-493/RJ";"Crescente";"Colisão traseira";1;0;0;1;0;0;0;0;0;0;1;1;0;0;0
"14/04/2024";"05:58:00";"190";"Com vítima";"559,016";"BR-116/RJ";"Crescente";"Colisão traseira";0;0;0;2;0;0;0;0;0;0;1;0;2;0;0
"14/04/2024";"09:01:00";"2";"Com vítima";"194,208";"BR-116/RJ";"Decrescente";"Atropelamento de animal";2;0;0;0;0;0;0;0;0;0;6;1;0;0;0
"14/04/2024";"10:37:00";"30";"Com vítima";"9,026";"BR-465/RJ";"Decrescente";"Atropelamento de animal";1;0;0;0;0;0;0;0;0;0;1;0;0;0;0
"15/04/2024";"01:32:00";"85";"Com vítima";"813,000";"BR-116/RJ";"Crescente";"Queda de moto";0;0;0;1;0;0;0;0;0;0;0;0;0;1;0
"15/04/2024";"02:15:00";"88";"Com vítima";"147,000";"BR-116/RJ";"Crescente";"Engavetamento";3;0;0;0;0;0;0;0;0;1;1;3;0;0;0
"15/04/2024";"05:51:00";"115";"Com vítima";"592,000";"BR-116/RJ";"Crescente";"Queda de moto";0;0;0;1;0;0;0;0;0;0;0;1;0;0;0
"15/04/2024";"06:05:00";"116";"Sem vítima";"413,000";"BR-116/RJ";"Crescente";"Colisão traseira";2;0;1;0;0;0;0;0;0;0;3;0;0;0;0
"15/04/2024";"09:50:00";"154";"Com vítima";"186,000";"BR-116/RJ";"Decrescente";"Engavetamento";3;0;0;0;0;0;0;0;0;0;0;5;0;0;0
"15/04/2024";"01:57:00";"194";"Com vítima";"765,000";"BR-116/RJ";"Decrescente";"Colisão transversal";1;0;0;0;0;1;0;0;0;0;1;1;0;0;0
"15/04/2024";"03:57:00";"219";"Com vítima";"590,154";"BR-116/RJ";"Decrescente";"Colisão lateral em sentido contrário";2;0;0;0;0;0;0;0;0;0;0;2;0;0;0
"15/04/2024";"04:08:00";"220";"Com vítima";"125,310";"BR-116/RJ";"Crescente";"Queda de moto";0;0;0;1;0;0;0;0;0;0;0;2;0;0;0
"15/04/2024";"05:40:00";"239";"Com vítima";"412,267";"BR-116/RJ";"Crescente";"Atropelamento de ciclista";0;1;0;0;0;1;0;0;0;0;1;0;0;0;0
"15/04/2024";"08:42:00";"265";"Com vítima";"129,700";"BR-116/RJ";"Crescente";"Choque";1;0;0;0;0;0;0;0;0;0;0;1;0;0;0
"16/04/2024";"03:03:00";"124";"Com vítima";"194,458";"BR-116/RJ";"Decrescente";"Colisão traseira";1;0;0;1;0;0;0;0;0;0;2;0;1;0;1
"16/04/2024";"04:52:00";"143";"Sem vítima";"13,700";"BR-493/RJ";"Crescente";"Colisão traseira";2;0;0;0;0;0;0;0;0;0;2;0;0;0;0
"16/04/2024";"07:40:00";"184";"Com vítima";"8,000";"BR-465/RJ";"Decrescente";"Colisão traseira";1;0;0;1;0;0;0;0;0;0;0;2;0;0;0
"16/04/2024";"10:24:00";"223";"Com vítima";"170,000";"BR-116/RJ";"Decrescente";"Choque";1;0;0;0;0;0;0;0;0;0;0;1;0;0;0
"16/04/2024";"11:27:00";"234";"Com vítima";"213,000";"BR-116/RJ";"Decrescente";"Colisão lateral no mesmo sentido";0;0;0;1;1;0;0;0;0;0;0;2;0;0;0
"16/04/2024";"02:17:00";"273";"Com vítima";"12,000";"BR-465/RJ";"Crescente";"Atropelamento de pedestre";0;1;1;0;0;0;0;0;0;0;1;0;0;0;0
"16/04/2024";"03:34:00";"286";"Com vítima";"702,191";"BR-116/RJ";"Crescente";"Colisão traseira";1;0;0;1;0;0;0;0;0;0;0;1;1;0;0
"16/04/2024";"04:56:00";"310";"Com vítima";"182,200";"BR-116/RJ";"Crescente";"Colisão lateral no mesmo sentido";1;0;0;1;0;0;0;0;0;0;3;0;1;0;0
"16/04/2024";"07:38:00";"340";"Sem vítima";"172,000";"BR-116/RJ";"Crescente";"Colisão traseira";1;0;0;0;0;1;0;0;0;0;2;0;0;0;0
"16/04/2024";"11:58:00";"86";"Com vítima";"59,500";"BR-493/RJ";"Decrescente";"Capotamento";1;0;0;0;0;0;0;0;0;0;0;0;1;0;0
"17/04/2024";"02:58:00";"115";"Com vítima";"13,000";"BR-465/RJ";"Crescente";"Colisão lateral no mesmo sentido";1;0;0;1;0;0;0;0;0;0;1;1;0;0;0
"17/04/2024";"03:32:00";"120";"Com vítima";"174,846";"BR-116/RJ";"Decrescente";"Colisão traseira";1;0;0;1;0;0;0;0;0;0;1;1;0;0;0
"17/04/2024";"04:25:00";"136";"Sem vítima";"0,480";"BR-493/RJ";"Crescente";"Colisão traseira";2;0;0;0;0;0;0;0;0;0;2;0;0;0;0
"17/04/2024";"07:09:00";"173";"Com vítima";"180,000";"BR-116/RJ";"Decrescente";"Colisão traseira";1;0;0;1;0;0;0;0;0;0;1;1;0;0;0
"17/04/2024";"12:37:00";"255";"Com vítima";"0,000";"BR-493/RJ";"Crescente";"Colisão lateral em sentido contrário";2;0;0;0;0;0;0;0;0;0;0;2;0;0;0
"18/04/2024";"03:46:00";"92";"Com vítima";"140,000";"BR-116/RJ";"Decrescente";"Queda de moto";0;0;0;1;0;0;0;0;0;0;0;0;1;1;0
"18/04/2024";"03:48:00";"93";"Com vítima";"6,000";"BR-493/RJ";"Decrescente";"Colisão lateral em sentido contrário";1;0;0;1;0;0;0;0;0;0;0;1;1;0;0
"18/04/2024";"03:53:00";"94";"Com vítima";"170,000";"BR-116/RJ";"Decrescente";"Queda de moto";0;0;0;1;0;0;0;0;0;0;0;0;1;0;0
"18/04/2024";"04:18:00";"100";"Sem vítima";"17,500";"BR-465/RJ";"Crescente";"Colisão traseira";1;0;1;0;0;0;0;0;0;0;2;0;0;0;0
"18/04/2024";"04:20:00";"101";"Com vítima";"20,000";"BR-465/RJ";"Crescente";"Colisão traseira";1;0;0;1;0;0;0;0;0;0;1;0;1;0;0
"18/04/2024";"04:54:00";"104";"Sem vítima";"212,000";"BR-116/RJ";"Crescente";"Choque";0;0;0;1;0;0;0;0;0;0;1;0;0;0;0
"18/04/2024";"05:20:00";"108";"Com vítima";"82,000";"BR-116/RJ";"Decrescente";"Colisão lateral no mesmo sentido";0;1;0;1;0;0;0;0;0;0;1;0;0;0;0
"18/04/2024";"06:19:00";"124";"Sem vítima";"181,000";"BR-116/RJ";"Crescente";"Colisão lateral no mesmo sentido";1;0;1;0;0;0;0;0;0;0;2;0;0;0;0
"18/04/2024";"06:59:00";"130";"Com vítima";"17,000";"BR-493/RJ";"Decrescente";"Colisão traseira";0;0;0;0;0;2;0;0;0;0;1;2;0;0;0
"18/04/2024";"07:24:00";"140";"Sem vítima";"548,000";"BR-116/RJ";"Crescente";"Choque";1;0;0;0;0;0;0;0;0;0;1;0;0;0;0
"18/04/2024";"09:40:00";"177";"Com vítima";"108,203";"BR-116/RJ";"Decrescente";"Colisão lateral no mesmo sentido";0;0;1;1;0;0;0;0;0;0;0;1;0;1;0
"18/04/2024";"10:14:00";"186";"Sem vítima";"102,000";"BR-493/RJ";"Decrescente";"Saída de pista";1;0;0;0;0;0;0;0;0;0;1;0;0;0;0
"18/04/2024";"02:57:00";"236";"Com vítima";"412,692";"BR-116/RJ";"Crescente";"Atropelamento de ciclista";0;1;0;0;0;1;0;0;0;0;1;0;0;0;0
"18/04/2024";"03:13:00";"240";"Com vítima";"198,828";"BR-116/RJ";"Decrescente";"Atropelamento de pedestre";1;0;0;0;0;0;0;0;0;0;0;1;0;0;9
"18/04/2024";"03:18:00";"242";"Com vítima";"181,000";"BR-116/RJ";"Crescente";"Queda de moto";0;0;0;1;0;0;0;0;0;0;0;1;0;0;0
"18/04/2024";"05:00:00";"260";"Sem vítima";"574,339";"BR-116/RJ";"Decrescente";"Colisão lateral em sentido contrário";2;0;0;0;0;0;0;0;0;0;2;0;0;0;0
"18/04/2024";"08:34:00";"288";"Sem vítima";"494,843";"BR-116/RJ";"Crescente";"Choque";1;0;0;0;0;0;0;0;0;0;1;0;0;0;0
"19/04/2024";"12:45:00";"85";"Com vítima";"522,835";"BR-116/RJ";"Crescente";"Tombamento";0;0;1;0;0;0;0;0;0;0;0;1;0;0;0
"19/04/2024";"01:32:00";"88";"Com vítima";"774,171";"BR-116/RJ";"Crescente";"Saída de pista";1;0;0;0;0;0;0;0;0;0;0;1;0;0;0
"19/04/2024";"02:35:00";"91";"Com vítima";"628,885";"BR-116/RJ";"Decrescente";"Choque";1;0;0;0;0;0;0;0;0;0;0;1;0;0;0
"19/04/2024";"04:01:00";"96";"Com vítima";"171,000";"BR-116/RJ";"Decrescente";"Engavetamento";7;0;4;0;0;0;0;0;0;0;10;2;1;0;0
"19/04/2024";"04:10:00";"99";"Com vítima";"213,900";"BR-116/RJ";"Crescente";"Atropelamento de pedestre";1;0;0;0;0;0;0;0;0;0;1;0;9;0;0
"19/04/2024";"04:12:00";"100";"Com vítima";"775,000";"BR-116/RJ";"Decrescente";"Saída de pista";1;0;0;0;0;0;0;0;0;0;0;1;0;0;0
"19/04/2024";"05:15:00";"114";"Com vítima";"525,000";"BR-116/RJ";"Decrescente";"Colisão transversal";1;0;0;0;0;1;0;0;0;0;1;1;0;0;0
"19/04/2024";"05:47:00";"121";"Com vítima";"92,000";"BR-116/RJ";"Crescente";"Choque";1;0;0;0;0;0;0;0;0;0;0;3;0;0;0
"19/04/2024";"06:14:00";"124";"Com vítima";"700,000";"BR-116/RJ";"Crescente";"Queda de bicicleta";0;1;0;0;0;0;0;0;0;0;0;9;0;0;0
"19/04/2024";"07:20:00";"135";"Sem vítima";"184,000";"BR-116/RJ";"Crescente";"Engavetamento";2;0;0;0;0;0;0;0;0;1;3;0;0;0;0
"19/04/2024";"07:31:00";"137";"Sem vítima";"414,320";"BR-116/RJ";"Crescente";"Colisão transversal";2;0;0;0;0;0;0;0;0;0;2;0;0;0;0
"19/04/2024";"08:01:00";"146";"Com vítima";"537,000";"BR-116/RJ";"Decrescente";"Colisão traseira";2;0;0;0;0;0;0;0;0;0;0;2;0;0;0
"19/04/2024";"02:32:00";"240";"Com vítima";"200,000";"BR-116/RJ";"Decrescente";"Colisão lateral no mesmo sentido";0;0;0;1;0;1;0;0;0;0;1;0;1;0;0
"19/04/2024";"04:20:00";"266";"Com vítima";"409,639";"BR-116/RJ";"Decrescente";"Colisão lateral no mesmo sentido";1;0;0;1;0;0;0;0;0;0;1;0;2;0;0
"19/04/2024";"06:24:00";"292";"Com vítima";"27,950";"BR-116/RJ";"Decrescente";"Capotamento";1;0;0;0;0;0;0;0;0;0;0;1;0;0;0
"19/04/2024";"06:50:00";"299";"Com vítima";"410,884";"BR-116/RJ";"Decrescente";"Choque";1;0;0;0;0;0;0;0;0;0;0;1;0;0;0
"19/04/2024";"06:58:00";"300";"Com vítima";"82,000";"BR-116/RJ";"Decrescente";"Colisão lateral em sentido contrário";1;0;0;1;0;0;0;0;0;0;0;4;1;0;0
"19/04/2024";"08:23:00";"315";"Com vítima";"566,000";"BR-116/RJ";"Decrescente";"Colisão traseira";1;0;0;1;0;0;0;0;0;0;1;1;0;0;0
"19/04/2024";"11:55:00";"22";"Com vítima";"20,770";"BR-493/RJ";"Decrescente";"Colisão frontal";2;0;0;0;0;0;0;0;0;0;0;3;1;0;0
"20/04/2024";"02:16:00";"89";"Com vítima";"195,000";"BR-116/RJ";"Decrescente";"Choque";1;0;0;0;0;0;0;0;0;0;0;1;0;0;0
"20/04/2024";"02:21:00";"97";"Com vítima";"193,800";"BR-116/RJ";"Crescente";"Queda de moto";0;0;0;1;0;0;0;0;0;0;0;0;0;1;0
"20/04/2024";"02:58:00";"109";"Com vítima";"195,000";"BR-116/RJ";"Decrescente";"Colisão traseira";1;0;0;1;0;0;0;0;0;0;0;2;0;0;0
"20/04/2024";"03:02:00";"110";"Com vítima";"112,000";"BR-116/RJ";"Decrescente";"Atropelamento de ciclista";1;1;0;0;0;0;0;0;0;0;1;0;0;0;0
"20/04/2024";"09:47:00";"194";"Com vítima";"189,100";"BR-116/RJ";"Crescente";"Colisão traseira";1;0;0;0;1;0;0;0;0;0;0;3;0;0;0
"20/04/2024";"10:44:00";"208";"Com vítima";"67,900";"BR-493/RJ";"Decrescente";"Colisão lateral no mesmo sentido";2;0;0;1;0;0;0;0;0;0;0;2;1;0;0
"20/04/2024";"12:12:00";"218";"Com vítima";"118,000";"BR-116/RJ";"Decrescente";"Colisão lateral no mesmo sentido";1;0;0;1;0;0;0;0;0;0;1;1;0;0;0
"20/04/2024";"04:26:00";"274";"Com vítima";"626,320";"BR-116/RJ";"Decrescente";"Colisão lateral no mesmo sentido";1;0;0;1;0;0;0;0;0;0;1;0;1;0;0
"20/04/2024";"07:12:00";"288";"Com vítima";"27,213";"BR-116/RJ";"Crescente";"Colisão lateral no mesmo sentido";0;0;0;1;0;1;0;0;0;0;1;1;0;0;0
"20/04/2024";"09:12:00";"2";"Com vítima";"0,030";"BR-493/RJ";"Decrescente";"Atropelamento de pedestre";1;0;0;0;0;0;0;0;0;0;0;2;0;0;0
"20/04/2024";"10:26:00";"31";"Sem vítima";"173,000";"BR-116/RJ";"Crescente";"Saída de pista";1;0;0;0;0;0;0;0;0;0;1;0;0;0;0
"20/04/2024";"11:01:00";"39";"Com vítima";"564,962";"BR-116/RJ";"Decrescente";"Atropelamento de animal";1;0;0;0;0;0;0;0;0;0;1;0;0;0;0
"21/04/2024";"12:07:00";"45";"Com vítima";"421,784";"BR-116/RJ";"Decrescente";"Queda de moto";0;0;0;1;0;0;0;0;0;0;0;0;1;0;0
"21/04/2024";"12:15:00";"46";"Sem vítima";"409,702";"BR-116/RJ";"Decrescente";"Saída de pista";0;0;1;0;0;0;0;0;0;0;1;0;0;0;0
"21/04/2024";"12:23:00";"48";"Com vítima";"454,207";"BR-116/RJ";"Crescente";"Queda de moto";0;0;0;1;0;0;0;0;0;0;0;1;0;0;0
"21/04/2024";"01:56:00";"52";"Com vítima";"547,319";"BR-116/RJ";"Crescente";"Choque";1;0;0;0;0;0;0;0;0;0;0;1;0;0;0
"21/04/2024";"02:57:00";"56";"Com vítima";"73,000";"BR-116/RJ";"Crescente";"Atropelamento de pedestre";1;0;0;0;0;0;0;0;0;0;1;0;9;0;0
"21/04/2024";"05:56:00";"80";"Com vítima";"564,000";"BR-116/RJ";"Decrescente";"Saída de pista";0;0;0;1;0;0;0;0;0;0;0;0;2;0;0
"21/04/2024";"10:11:00";"130";"Com vítima";"63,000";"BR-116/RJ";"Decrescente";"Capotamento";1;0;0;0;0;0;0;0;0;0;0;0;1;0;0
"21/04/2024";"11:29:00";"144";"Com vítima";"103,000";"BR-116/RJ";"Decrescente";"Queda de moto";0;0;0;1;0;0;0;0;0;0;0;2;0;0;0
"21/04/2024";"12:03:00";"149";"Com vítima";"763,000";"BR-116/RJ";"Crescente";"Choque";1;0;0;0;0;0;0;0;0;0;0;1;0;0;0
"21/04/2024";"02:22:00";"183";"Com vítima";"178,000";"BR-116/RJ";"Crescente";"Queda de moto";0;0;0;1;0;0;0;0;0;0;0;1;0;0;0
"21/04/2024";"04:56:00";"223";"Com vítima";"735,886";"BR-116/RJ";"Crescente";"Queda de moto";0;0;0;1;0;0;0;0;0;0;0;0;0;1;0
"21/04/2024";"05:05:00";"227";"Com vítima";"495,852";"BR-116/RJ";"Decrescente";"Atropelamento de animal";1;0;0;0;0;0;0;0;0;0;0;1;0;0;0
"21/04/2024";"05:40:00";"232";"Com vítima";"14,900";"BR-465/RJ";"Crescente";"Colisão traseira";1;0;0;0;0;1;0;0;0;0;2;1;0;0;0