data;horario;n_da_ocorrencia;tipo_de_ocorrencia;km;trecho;sentido;tipo_de_acidente;automovel;bicicleta;caminhao;moto;onibus;outros;tracao_animal;transporte_de_cargas_especiais;trator_maquinas;utilitarios;ilesos;levemente_feridos;moderadamente_feridos;gravemente_feridos;mortos
"12/05/2024";"03:55:00";"221";"Com vítima";"0,496";"BR-493/RJ";"Crescente";"Colisão transversal";2;0;0;1;0;0;0;0;0;0;1;4;1;0;0
"12/05/2024";"04:36:00";"230";"Com vítima";"143,646";"BR-116/RJ";"Crescente";"Queda de moto";0;0;0;1;0;0;0;0;0;0;0;0;1;0;0
"12/05/2024";"04:56:00";"231";"Sem vítima";"195,000";"BR-116/RJ";"Decrescente";"Colisão traseira";2;0;0;0;0;0;0;0;0;0;5;0;0;0;0
"12/05/2024";"07:18:00";"261";"Com vítima";"652,000";"BR-116/RJ";"Crescente";"Choque";1;0;0;0;0;0;0;0;0;0;0;0;1;0;0
"12/05/2024";"07:53:00";"267";"Com vítima";"140,740";"BR-116/RJ";"Crescente";"Choque";1;0;0;0;0;0;0;0;0;0;0;1;0;0;0
"12/05/2024";"08:19:00";"270";"Com vítima";"1,491";"BR-493/RJ";"Decrescente";"Queda de moto";0;0;0;1;0;0;0;0;0;0;0;0;0;1;0
"12/05/2024";"10:15:00";"27";"Sem vítima";"74,200";"BR-116/RJ";"Crescente";"Colisão traseira";2;0;0;0;0;0;0;0;0;0;3;0;0;0;0
"13/05/2024";"12:10:00";"41";"Sem vítima";"182,500";"BR-116/RJ";"Crescente";"Colisão traseira";2;0;0;0;0;0;0;0;0;0;2;0;0;0;0
"13/05/2024";"01:42:00";"47";"Com vítima";"12,795";"BR-493/RJ";"Decrescente";"Atropelamento de animal";0;0;0;1;0;0;0;0;0;1;2;0;1;0;0
"13/05/2024";"02:55:00";"52";"Sem vítima";"213,000";"BR-116/RJ";"Crescente";"Colisão traseira";2;0;0;0;0;0;0;0;0;0;2;0;0;0;0
"13/05/2024";"03:19:00";"53";"Sem vítima";"6,000";"BR-116/RJ";"Decrescente";"Saída de pista";1;0;0;0;0;0;0;0;0;0;1;0;0;0;0
"13/05/2024";"04:46:00";"69";"Com vítima";"186,500";"BR-116/RJ";"Decrescente";"Colisão lateral no mesmo sentido";1;0;0;1;0;0;0;0;0;0;0;1;1;0;0
"13/05/2024";"05:44:00";"84";"Com vítima";"704,000";"BR-116/RJ";"Crescente";"Colisão lateral em sentido contrário";2;0;0;0;0;0;0;0;0;0;0;2;0;0;0
"13/05/2024";"07:56:00";"115";"Com vítima";"116,000";"BR-493/RJ";"Crescente";"Choque";1;0;0;0;0;0;0;0;0;0;0;1;0;0;0
"13/05/2024";"09:46:00";"147";"Com vítima";"20,000";"BR-465/RJ";"Decrescente";"Colisão lateral no mesmo sentido";1;0;0;1;0;0;0;0;0;0;0;3;0;0;0
"13/05/2024";"10:41:00";"162";"Sem vítima";"616,000";"BR-116/RJ";"Crescente";"Colisão traseira";2;0;0;0;0;0;0;0;0;0;2;0;0;0;0
"13/05/2024";"10:52:00";"165";"Com vítima";"13,670";"BR-493/RJ";"Decrescente";"Colisão traseira";1;0;1;0;0;0;0;0;0;0;0;2;0;0;0
"13/05/2024";"10:56:00";"167";"Com vítima";"174,000";"BR-116/RJ";"Decrescente";"Engavetamento";4;0;0;0;0;0;0;0;0;0;0;6;0;0;0
"13/05/2024";"12:31:00";"195";"Com vítima";"171,543";"BR-116/RJ";"Crescente";"Queda de moto";0;0;0;1;0;0;0;0;0;0;0;1;0;0;0
"13/05/2024";"04:06:00";"246";"Com vítima";"174,000";"BR-116/RJ";"Crescente";"Colisão lateral no mesmo sentido";1;0;0;1;0;0;0;0;0;0;1;1;0;0;0
"13/05/2024";"06:29:00";"275";"Com vítima";"605,500";"BR-116/RJ";"Crescente";"Saída de pista";1;0;0;0;0;0;0;0;0;0;0;2;0;0;0
"14/05/2024";"02:14:00";"125";"Com vítima";"180,809";"BR-116/RJ";"Decrescente";"Colisão traseira";2;0;0;0;0;0;0;0;0;0;0;3;0;0;0
"14/05/2024";"02:47:00";"128";"Com vítima";"195,000";"BR-116/RJ";"Decrescente";"Queda de moto";0;0;0;1;0;0;0;0;0;0;0;1;0;0;0
"14/05/2024";"02:54:00";"129";"Com vítima";"186,000";"BR-116/RJ";"Decrescente";"Engavetamento";1;0;1;0;0;1;0;0;0;0;0;3;0;0;0
"14/05/2024";"03:58:00";"139";"Com vítima";"419,000";"BR-116/RJ";"Decrescente";"Queda de moto";0;0;0;1;0;0;0;0;0;0;0;2;0;0;0
"14/05/2024";"04:11:00";"142";"Sem vítima";"25,000";"BR-493/RJ";"Crescente";"Colisão lateral no mesmo sentido";0;0;1;0;0;1;0;0;0;0;2;0;0;0;0
"14/05/2024";"04:35:00";"147";"Com vítima";"714,540";"BR-116/RJ";"Decrescente";"Colisão traseira";1;0;0;0;0;1;0;0;0;0;0;1;1;1;0
"14/05/2024";"04:58:00";"152";"Com vítima";"10,000";"BR-465/RJ";"Crescente";"Colisão traseira";0;0;0;2;0;0;0;0;0;0;0;1;1;0;0
"14/05/2024";"05:53:00";"160";"Com vítima";"6,000";"BR-465/RJ";"Crescente";"Colisão lateral no mesmo sentido";1;0;0;1;0;0;0;0;0;0;0;2;0;0;0
"14/05/2024";"07:59:00";"187";"Com vítima";"196,000";"BR-116/RJ";"Crescente";"Colisão traseira";0;0;0;0;2;0;0;0;0;0;0;6;1;0;0
"14/05/2024";"08:34:00";"192";"Com vítima";"96,000";"BR-493/RJ";"Crescente";"Saída de pista";1;0;0;0;0;0;0;0;0;0;0;1;0;0;0
"14/05/2024";"11:28:00";"230";"Com vítima";"146,000";"BR-116/RJ";"Decrescente";"Colisão traseira";1;0;0;0;0;1;0;0;0;0;1;1;0;0;0
"14/05/2024";"11:31:00";"231";"Com vítima";"180,702";"BR-116/RJ";"Crescente";"Colisão lateral no mesmo sentido";2;0;0;0;0;0;0;0;0;0;0;2;0;0;0
"14/05/2024";"11:54:00";"239";"Com vítima";"518,000";"BR-116/RJ";"Decrescente";"Colisão traseira";2;0;0;0;0;0;0;0;0;0;0;2;0;0;0
"14/05/2024";"12:05:00";"241";"Com vítima";"538,000";"BR-116/RJ";"Crescente";"Colisão traseira";1;0;0;1;0;0;0;0;0;0;0;2;0;0;0
"14/05/2024";"02:59:00";"280";"Com vítima";"176,000";"BR-116/RJ";"Decrescente";"Engavetamento";3;0;0;0;0;0;0;0;0;0;0;4;0;0;0
"14/05/2024";"03:09:00";"283";"Com vítima";"7,500";"BR-465/RJ";"Decrescente";"Colisão traseira";1;0;0;0;0;1;0;0;0;1;3;1;0;0;0
"14/05/2024";"04:44:00";"305";"Com vítima";"610,500";"BR-116/RJ";"Crescente";"Colisão transversal";1;0;0;1;0;0;0;0;0;0;0;1;0;2;0
"14/05/2024";"06:48:00";"321";"Com vítima";"709,918";"BR-116/RJ";"Decrescente";"Tombamento";0;0;1;0;0;0;0;0;0;0;0;1;0;0;0
"14/05/2024";"07:06:00";"324";"Sem vítima";"36,900";"BR-116/RJ";"Decrescente";"Colisão lateral em sentido contrário";0;0;1;0;0;1;0;0;0;0;2;0;0;0;0
"14/05/2024";"08:12:00";"331";"Com vítima";"699,525";"BR-116/RJ";"Decrescente";"Choque";0;0;0;1;0;0;0;0;0;0;0;1;0;0;0
"14/05/2024";"08:31:00";"333";"Com vítima";"103,000";"BR-116/RJ";"Crescente";"Atropelamento de animal";0;0;0;1;0;0;0;0;0;0;0;1;0;0;0
"14/05/2024";"08:53:00";"334";"Com vítima";"97,000";"BR-116/RJ";"Crescente";"Saída de pista";1;0;0;0;0;0;0;0;0;0;0;2;0;0;0
"15/05/2024";"02:31:00";"149";"Com vítima";"763,700";"BR-116/RJ";"Decrescente";"Tombamento";0;0;0;0;0;1;0;0;0;0;0;0;1;0;0
"15/05/2024";"03:43:00";"158";"Sem vítima";"90,950";"BR-116/RJ";"Crescente";"Choque";1;0;0;0;0;0;0;0;0;0;1;0;0;0;0
"15/05/2024";"04:14:00";"168";"Com vítima";"14,200";"BR-465/RJ";"Decrescente";"Colisão transversal";1;0;0;1;0;0;0;0;0;0;0;2;0;0;0
"15/05/2024";"04:59:00";"178";"Com vítima";"19,000";"BR-493/RJ";"Crescente";"Colisão transversal";1;0;0;1;0;0;0;0;0;0;1;0;1;0;0
"15/05/2024";"09:20:00";"246";"Com vítima";"105,000";"BR-116/RJ";"Decrescente";"Choque";1;0;0;0;0;0;0;0;0;0;0;2;0;0;0
"15/05/2024";"09:20:00";"250";"Com vítima";"105,000";"BR-116/RJ";"Decrescente";"Colisão traseira";2;0;0;0;0;0;0;0;0;0;0;3;0;0;0
"15/05/2024";"10:48:00";"255";"Com vítima";"11,000";"BR-465/RJ";"Crescente";"Colisão traseira";1;0;0;0;1;0;0;0;0;0;0;3;0;0;0
"15/05/2024";"03:08:00";"300";"Com vítima";"525,971";"BR-116/RJ";"Decrescente";"Colisão traseira";1;0;0;1;0;0;0;0;0;0;1;1;1;0;0
"15/05/2024";"03:21:00";"303";"Sem vítima";"201,674";"BR-116/RJ";"Decrescente";"Colisão lateral em sentido contrário";1;0;0;0;0;0;1;0;0;0;3;0;0;0;0
"15/05/2024";"03:52:00";"306";"Com vítima";"67,800";"BR-116/RJ";"Crescente";"Choque";1;0;0;0;0;0;0;0;0;0;0;1;0;0;0
"15/05/2024";"04:13:00";"310";"Com vítima";"14,793";"BR-465/RJ";"Decrescente";"Atropelamento de pedestre";0;0;0;1;0;0;0;0;0;0;0;2;0;0;0
"15/05/2024";"04:21:00";"313";"Com vítima";"145,895";"BR-116/RJ";"Decrescente";"Queda de moto";0;0;0;1;0;0;0;0;0;0;0;1;0;0;0
"15/05/2024";"04:38:00";"316";"Com vítima";"145,895";"BR-116/RJ";"Decrescente";"Colisão traseira";2;0;0;0;0;0;0;0;0;0;0;2;0;0;0
"15/05/2024";"06:17:00";"333";"Sem vítima";"1,700";"BR-493/RJ";"Crescente";"Atropelamento de animal";1;0;0;0;0;0;0;0;0;0;1;0;0;0;0
"16/05/2024";"12:51:00";"64";"Sem vítima";"170,192";"BR-116/RJ";"Decrescente";"Colisão lateral no mesmo sentido";1;0;1;0;0;0;0;0;0;0;4;0;0;0;0
"16/05/2024";"03:48:00";"70";"Com vítima";"64,000";"BR-116/RJ";"Decrescente";"Colisão lateral em sentido contrário";0;1;0;0;0;0;0;0;0;0;0;0;0;0;0
"16/05/2024";"04:39:00";"81";"Sem vítima";"63,000";"BR-493/RJ";"Decrescente";"Choque";1;0;0;0;0;0;0;0;0;0;2;0;0;0;0
"16/05/2024";"06:08:00";"103";"Com vítima";"15,000";"BR-465/RJ";"Crescente";"Queda de bicicleta";0;1;0;0;0;0;0;0;0;0;0;0;0;0;0
"16/05/2024";"06:19:00";"106";"Sem vítima";"60,000";"BR-116/RJ";"Decrescente";"Choque";1;0;0;0;0;0;0;0;0;0;2;0;0;0;0
"16/05/2024";"06:52:00";"112";"Sem vítima";"416,000";"BR-116/RJ";"Decrescente";"Colisão lateral no mesmo sentido";1;0;1;0;0;0;0;0;0;0;2;0;0;0;0
"16/05/2024";"07:07:00";"111";"Com vítima";"11,200";"BR-465/RJ";"Decrescente";"Queda de moto";0;0;0;1;0;0;0;0;0;0;0;2;0;0;0
"16/05/2024";"07:53:00";"120";"Com vítima";"410,000";"BR-116/RJ";"Crescente";"Queda de moto";0;0;0;1;0;0;0;0;0;0;0;0;1;0;0
"16/05/2024";"02:57:00";"207";"Sem vítima";"19,703";"BR-493/RJ";"Decrescente";"Colisão traseira";1;0;1;0;0;0;0;0;0;0;5;0;0;0;0
"16/05/2024";"03:26:00";"214";"Com vítima";"77,200";"BR-493/RJ";"Crescente";"Colisão traseira";1;0;1;0;0;0;0;0;0;0;0;2;1;0;0
"16/05/2024";"04:21:00";"231";"Sem vítima";"177,359";"BR-116/RJ";"Crescente";"Colisão traseira";2;0;0;0;0;0;0;0;0;0;3;0;0;0;0
"16/05/2024";"05:03:00";"241";"Sem vítima";"811,000";"BR-116/RJ";"Decrescente";"Choque";0;0;0;0;1;0;0;0;0;0;1;0;0;0;0
"16/05/2024";"08:35:00";"275";"Com vítima";"751,500";"BR-116/RJ";"Crescente";"Atropelamento de animal";0;0;0;0;0;0;0;0;0;1;3;0;0;0;0
"16/05/2024";"08:47:00";"278";"Com vítima";"113,513";"BR-116/RJ";"Decrescente";"Colisão traseira";2;0;0;0;0;0;0;0;0;0;1;0;1;0;0
"17/05/2024";"03:15:00";"75";"Com vítima";"13,670";"BR-493/RJ";"Decrescente";"Colisão traseira";2;0;0;0;0;0;0;0;0;0;0;3;0;0;0
"17/05/2024";"03:34:00";"76";"Com vítima";"195,000";"BR-116/RJ";"Decrescente";"Queda de moto";0;0;0;1;0;0;0;0;0;0;0;1;1;0;0
"17/05/2024";"04:35:00";"84";"Com vítima";"496,000";"BR-116/RJ";"Crescente";"Colisão lateral no mesmo sentido";2;0;0;0;0;0;0;0;0;0;0;2;0;0;0
"17/05/2024";"04:56:00";"90";"Com vítima";"146,000";"BR-116/RJ";"Crescente";"Queda de moto";0;0;0;1;0;0;0;0;0;0;0;1;0;0;0
"17/05/2024";"05:06:00";"92";"Com vítima";"143,000";"BR-116/RJ";"Crescente";"Colisão lateral no mesmo sentido";1;0;0;1;0;0;0;0;0;0;0;2;0;0;0
"17/05/2024";"06:15:00";"109";"Com vítima";"147,000";"BR-116/RJ";"Crescente";"Engavetamento";3;0;0;1;0;0;0;0;0;0;1;3;0;0;0
"17/05/2024";"09:46:00";"151";"Com vítima";"505,170";"BR-116/RJ";"Crescente";"Colisão lateral em sentido contrário";1;0;0;1;0;0;0;0;0;0;0;1;0;0;3
"17/05/2024";"10:36:00";"167";"Com vítima";"137,000";"BR-116/RJ";"Decrescente";"Colisão lateral no mesmo sentido";1;0;0;1;0;0;0;0;0;0;0;6;0;0;0
"17/05/2024";"11:32:00";"180";"Com vítima";"701,000";"BR-116/RJ";"Crescente";"Colisão transversal";1;0;0;1;0;0;0;0;0;0;1;0;1;0;0
"17/05/2024";"12:04:00";"188";"Com vítima";"412,000";"BR-116/RJ";"Decrescente";"Colisão transversal";1;0;0;1;0;0;0;0;0;0;0;1;2;0;0
"17/05/2024";"12:27:00";"193";"Com vítima";"176,000";"BR-116/RJ";"Decrescente";"Colisão traseira";1;0;0;1;0;0;0;0;0;0;0;4;0;0;0
"17/05/2024";"12:53:00";"202";"Com vítima";"491,000";"BR-116/RJ";"Decrescente";"Saída de pista";1;0;0;0;0;0;0;0;0;0;0;1;0;0;0
"17/05/2024";"02:02:00";"224";"Com vítima";"508,240";"BR-116/RJ";"Crescente";"Atropelamento de pedestre";0;0;0;0;0;1;0;0;0;0;2;0;0;9;0
"17/05/2024";"03:08:00";"238";"Com vítima";"558,830";"BR-116/RJ";"Crescente";"Colisão frontal";1;0;1;0;0;0;0;0;0;0;0;1;0;0;1
"17/05/2024";"04:15:00";"252";"Com vítima";"18,000";"BR-493/RJ";"Crescente";"Colisão traseira";2;0;0;0;0;0;0;0;0;0;1;1;0;0;0
"17/05/2024";"04:31:00";"258";"Com vítima";"666,000";"BR-116/RJ";"Decrescente";"Colisão traseira";1;0;1;0;0;0;0;0;0;0;0;2;0;0;0
"17/05/2024";"05:16:00";"269";"Sem vítima";"130,500";"BR-116/RJ";"Decrescente";"Colisão lateral no mesmo sentido";1;0;1;0;0;0;0;0;0;0;2;0;0;0;0
"17/05/2024";"05:54:00";"278";"Com vítima";"764,000";"BR-116/RJ";"Crescente";"Colisão frontal";2;0;0;0;0;0;0;0;0;0;0;0;1;5;2
"17/05/2024";"06:07:00";"281";"Com vítima";"104,000";"BR-116/RJ";"Decrescente";"Queda de moto";0;0;0;1;0;0;0;0;0;0;0;1;0;0;0
"17/05/2024";"06:17:00";"282";"Com vítima";"683,400";"BR-116/RJ";"Decrescente";"Colisão traseira";1;0;0;1;0;0;0;0;0;0;0;1;1;0;0
"17/05/2024";"07:04:00";"288";"Com vítima";"703,000";"BR-116/RJ";"Decrescente";"Atropelamento de pedestre";1;0;0;0;0;0;0;0;0;0;9;1;0;0;0
"17/05/2024";"09:07:00";"1";"Com vítima";"741,500";"BR-116/RJ";"Decrescente";"Atropelamento de animal";0;0;0;0;1;0;0;0;0;0;0;1;0;0;0
"18/05/2024";"01:37:00";"87";"Com vítima";"4,580";"BR-493/RJ";"Decrescente";"Atropelamento de animal";1;0;0;0;0;0;0;0;0;0;0;1;0;0;0
"18/05/2024";"02:22:00";"95";"Com vítima";"11,519";"BR-465/RJ";"Decrescente";"Queda de bicicleta";0;1;0;0;0;0;0;0;0;0;0;0;0;0;0
"18/05/2024";"03:41:00";"101";"Com vítima";"420,830";"BR-116/RJ";"Decrescente";"Queda de moto";0;0;0;1;0;0;0;0;0;0;0;1;0;0;0
"18/05/2024";"05:18:00";"120";"Com vítima";"195,000";"BR-116/RJ";"Crescente";"Choque";1;0;0;0;0;0;0;0;0;0;0;1;3;0;0
"18/05/2024";"06:46:00";"130";"Com vítima";"421,000";"BR-116/RJ";"Crescente";"Queda de moto";0;0;0;1;0;0;0;0;0;0;0;0;0;1;0
"18/05/2024";"07:52:00";"143";"Com vítima";"501,000";"BR-116/RJ";"Decrescente";"Queda de moto";0;0;0;1;0;0;0;0;0;0;0;1;0;0;0
"18/05/2024";"07:54:00";"144";"Com vítima";"116,000";"BR-116/RJ";"Decrescente";"Capotamento";1;0;0;0;0;0;0;0;0;0;0;4;1;0;0
"18/05/2024";"08:35:00";"152";"Com vítima";"173,000";"BR-116/RJ";"Crescente";"Colisão lateral no mesmo sentido";1;0;0;1;0;0;0;0;0;0;0;1;1;0;0
"18/05/2024";"08:52:00";"154";"Sem vítima";"410,000";"BR-116/RJ";"Decrescente";"Engavetamento";0;0;0;0;0;5;0;0;0;0;10;0;0;0;0
"18/05/2024";"09:56:00";"168";"Com vítima";"809,000";"BR-116/RJ";"Decrescente";"Colisão lateral no mesmo sentido";1;0;0;1;0;0;0;0;0;0;0;1;2;0;0
"18/05/2024";"10:34:00";"177";"Com vítima";"175,738";"BR-116/RJ";"Crescente";"Colisão traseira";2;0;0;0;0;0;0;0;0;0;0;2;0;0;0
"18/05/2024";"11:32:00";"193";"Sem vítima";"44,900";"BR-116/RJ";"Decrescente";"Choque";1;0;0;0;0;0;0;0;0;0;1;0;0;0;0
"18/05/2024";"02:21:00";"237";"Com vítima";"475,140";"BR-116/RJ";"Decrescente";"Capotamento";1;0;0;0;0;0;0;0;0;0;0;1;0;0;0
"18/05/2024";"04:35:00";"268";"Com vítima";"807,000";"BR-116/RJ";"Decrescente";"Queda de moto";0;0;0;1;0;0;0;0;0;0;0;2;0;0;0
"18/05/2024";"06:08:00";"280";"Com vítima";"0,000";"BR-493/RJ";"Crescente";"Colisão lateral em sentido contrário";1;0;0;1;0;0;0;0;0;0;0;3;0;0;0
"18/05/2024";"06:21:00";"282";"Com vítima";"112,000";"BR-116/RJ";"Decrescente";"Queda de moto";0;0;0;1;0;0;0;0;0;0;0;1;0;0;0
"18/05/2024";"06:32:00";"284";"Sem vítima";"112,000";"BR-116/RJ";"Decrescente";"Queda de moto";0;0;0;1;0;0;0;0;0;0;1;0;0;0;0
"18/05/2024";"08:34:00";"305";"Com vítima";"685,958";"BR-116/RJ";"Crescente";"Saída de pista";0;0;0;0;0;1;0;0;0;0;0;1;0;0;0
"18/05/2024";"10:10:00";"30";"Com vítima";"7,920";"BR-465/RJ";"Crescente";"Atropelamento de pedestre";1;0;0;0;0;0;0;0;0;0;0;1;0;0;1
"18/05/2024";"11:44:00";"40";"Com vítima";"184,668";"BR-116/RJ";"Decrescente";"Atropelamento de pedestre";0;0;0;0;0;1;0;0;0;0;2;0;0;0;9
"19/05/2024";"01:35:00";"49";"Com vítima";"183,470";"BR-116/RJ";"Crescente";"Queda de moto";0;0;0;1;0;0;0;0;0;0;0;0;0;0;1
"19/05/2024";"03:49:00";"54";"Com vítima";"676,500";"BR-116/RJ";"Decrescente";"Saída de pista";1;0;0;0;0;0;0;0;0;0;1;0;1;0;0
"19/05/2024";"07:14:00";"89";"Com vítima";"777,916";"BR-116/RJ";"Crescente";"Tombamento";0;0;0;0;0;1;0;0;0;0;0;0;1;0;0
"19/05/2024";"07:30:00";"91";"Com vítima";"78,675";"BR-116/RJ";"Crescente";"Colisão transversal";1;0;0;1;0;0;0;0;0;0;0;3;0;0;0
"19/05/2024";"08:28:00";"96";"Com vítima";"64,125";"BR-116/RJ";"Crescente";"Queda de moto";0;0;0;2;0;0;0;0;0;0;0;2;0;0;0
"19/05/2024";"10:30:00";"116";"Com vítima";"118,000";"BR-116/RJ";"Crescente";"Queda de moto";0;0;0;1;0;0;0;0;0;0;0;2;0;0;0
"19/05/2024";"02:08:00";"162";"Com vítima";"172,000";"BR-116/RJ";"Crescente";"Queda de moto";0;0;0;1;0;0;0;0;0;0;0;1;0;0;0
"19/05/2024";"02:20:00";"167";"Com vítima";"21,000";"BR-493/RJ";"Decrescente";"Colisão transversal";1;0;0;1;0;0;0;0;0;0;0;2;0;0;0
"19/05/2024";"02:36:00";"169";"Com vítima";"515,000";"BR-116/RJ";"Crescente";"Choque";1;0;0;0;0;0;0;0;0;0;0;1;0;1;0
"19/05/2024";"03:41:00";"181";"Com vítima";"140,000";"BR-116/RJ";"Crescente";"Engavetamento";3;0;0;0;0;1;0;0;0;0;1;4;0;0;0
"19/05/2024";"04:15:00";"189";"Com vítima";"13,703";"BR-465/RJ";"Decrescente";"Colisão lateral em sentido contrário";1;1;0;0;0;0;0;0;0;0;1;0;0;0;0
"19/05/2024";"05:28:00";"208";"Com vítima";"1,267";"BR-493/RJ";"Crescente";"Colisão transversal";0;0;0;1;0;1;0;0;0;0;1;1;0;1;0
"19/05/2024";"06:16:00";"211";"Sem vítima";"20,800";"BR-465/RJ";"Decrescente";"Colisão traseira";1;0;0;0;1;0;0;0;0;0;5;0;0;0;0
"19/05/2024";"09:20:00";"11";"Com vítima";"441,790";"BR-116/RJ";"Decrescente";"Saída de pista";0;0;0;1;0;0;0;0;0;0;0;1;0;0;0
"20/05/2024";"01:15:00";"119";"Com vítima";"70,950";"BR-116/RJ";"Decrescente";"Queda de moto";0;0;0;1;0;0;0;0;0;0;0;1;0;0;0
"20/05/2024";"03:50:00";"127";"Com vítima";"528,000";"BR-116/RJ";"Decrescente";"Colisão transversal";0;0;0;2;0;0;0;0;0;0;0;1;1;0;0
"20/05/2024";"05:23:00";"154";"Com vítima";"187,000";"BR-116/RJ";"Crescente";"Engavetamento";0;0;2;0;0;0;0;0;0;1;0;4;0;0;0
"20/05/2024";"06:50:00";"174";"Sem vítima";"538,000";"BR-116/RJ";"Decrescente";"Colisão lateral no mesmo sentido";1;0;1;0;0;0;0;0;0;0;2;0;0;0;0
"20/05/2024";"07:13:00";"179";"Com vítima";"464,000";"BR-116/RJ";"Decrescente";"Queda de moto";0;0;0;1;0;0;0;0;0;0;0;0;2;0;0
"20/05/2024";"07:22:00";"183";"Com vítima";"703,000";"BR-116/RJ";"Decrescente";"Colisão lateral em sentido contrário";1;0;0;1;0;0;0;0;0;0;1;0;1;0;0
"20/05/2024";"07:27:00";"186";"Com vítima";"5,000";"BR-465/RJ";"Crescente";"Colisão lateral em sentido contrário";1;0;0;1;0;0;0;0;0;0;2;1;0;0;0
"20/05/2024";"07:33:00";"188";"Com vítima";"212,000";"BR-116/RJ";"Decrescente";"Colisão lateral no mesmo sentido";1;0;0;0;0;1;0;0;0;0;1;2;0;0;0
"20/05/2024";"09:03:00";"208";"Com vítima";"695,000";"BR-116/RJ";"Decrescente";"Engavetamento";3;0;0;0;0;0;0;0;0;0;0;6;0;0;0
"20/05/2024";"10:04:00";"219";"Com vítima";"522,000";"BR-116/RJ";"Decrescente";"Colisão traseira";1;0;0;1;0;0;0;0;0;0;0;2;0;0;0
"20/05/2024";"04:36:00";"293";"Com vítima";"82,841";"BR-116/RJ";"Crescente";"Atropelamento de ciclista";0;1;0;1;0;0;0;0;0;0;1;0;0;0;0
"20/05/2024";"04:54:00";"298";"Com vítima";"187,500";"BR-116/RJ";"Crescente";"Colisão lateral no mesmo sentido";1;0;0;0;0;1;0;0;0;0;1;1;1;0;0
"20/05/2024";"05:57:00";"307";"Com vítima";"181,892";"BR-116/RJ";"Crescente";"Colisão traseira";1;0;0;1;0;0;0;0;0;0;0;1;1;0;0
"21/05/2024";"01:02:00";"55";"Com vítima";"179,100";"BR-116/RJ";"Crescente";"Colisão traseira";0;0;0;1;0;1;0;0;0;0;1;1;0;0;0
"21/05/2024";"03:02:00";"62";"Sem vítima";"95,000";"BR-493/RJ";"Decrescente";"Choque";1;0;0;0;0;0;0;0;0;0;3;0;0;0;0
"21/05/2024";"03:51:00";"64";"Com vítima";"583,000";"BR-116/RJ";"Decrescente";"Colisão traseira";2;0;0;0;0;0;0;0;0;0;1;2;0;2;0
"21/05/2024";"04:25:00";"73";"Sem vítima";"511,860";"BR-116/RJ";"Decrescente";"Colisão traseira";2;0;0;0;0;0;0;0;0;0;2;0;0;0;0
"21/05/2024";"04:57:00";"79";"Com vítima";"21,000";"BR-493/RJ";"Decrescente";"Engavetamento";2;0;0;0;0;1;0;0;0;0;2;2;2;0;0
"21/05/2024";"05:25:00";"85";"Com vítima";"103,000";"BR-116/RJ";"Decrescente";"Saída de pista";0;0;0;1;0;0;0;0;0;1;1;2;0;0;0
"21/05/2024";"07:32:00";"117";"Com vítima";"10,800";"BR-465/RJ";"Crescente";"Colisão lateral no mesmo sentido";0;0;0;1;0;0;0;0;0;1;1;1;0;0;0
"21/05/2024";"09:21:00";"135";"Com vítima";"537,000";"BR-116/RJ";"Crescente";"Colisão traseira";2;0;0;0;0;0;0;0;0;0;1;2;0;0;0
"21/05/2024";"09:21:00";"136";"Com vítima";"492,000";"BR-116/RJ";"Crescente";"Queda de moto";0;0;0;1;0;0;0;0;0;0;0;0;1;0;0
"21/05/2024";"09:45:00";"141";"Com vítima";"130,000";"BR-116/RJ";"Decrescente";"Choque";0;0;1;0;0;0;0;0;0;0;0;1;0;0;0
"21/05/2024";"10:08:00";"145";"Com vítima";"5,000";"BR-465/RJ";"Crescente";"Engavetamento";3;0;0;0;0;0;0;0;0;0;2;1;0;0;0
"21/05/2024";"01:59:00";"178";"Com vítima";"98,500";"BR-116/RJ";"Crescente";"Choque";0;0;1;0;0;0;0;0;0;0;0;3;0;0;0
"21/05/2024";"02:21:00";"186";"Com vítima";"20,000";"BR-465/RJ";"Crescente";"Colisão transversal";1;0;0;1;0;0;0;0;0;0;1;2;0;0;0