data;horario;n_da_ocorrencia;tipo_de_ocorrencia;km;trecho;sentido;tipo_de_acidente;automovel;bicicleta;caminhao;moto;onibus;outros;tracao_animal;transporte_de_cargas_especiais;trator_maquinas;utilitarios;ilesos;levemente_feridos;moderadamente_feridos;gravemente_feridos;mortos
"21/05/2024";"02:41:00";"191";"Com vítima";"554,000";"BR-116/RJ";"Crescente";"Queda de moto";0;0;0;1;0;0;0;0;0;0;0;1;0;0;0
"21/05/2024";"02:49:00";"193";"Com vítima";"22,000";"BR-493/RJ";"Decrescente";"Colisão traseira";1;0;1;0;0;0;0;0;0;0;0;4;0;0;0
"21/05/2024";"03:08:00";"199";"Com vítima";"702,668";"BR-116/RJ";"Crescente";"Atropelamento de pedestre";0;0;0;1;0;0;0;0;0;0;0;1;9;0;0
"21/05/2024";"04:05:00";"218";"Sem vítima";"750,839";"BR-116/RJ";"Decrescente";"Colisão lateral em sentido contrário";0;0;0;0;0;1;0;0;0;1;2;0;0;0;0
"21/05/2024";"07:04:00";"236";"Sem vítima";"177,000";"BR-116/RJ";"Crescente";"Colisão lateral no mesmo sentido";3;0;0;0;0;0;0;0;0;0;3;0;0;0;0
"21/05/2024";"09:17:00";"3";"Sem vítima";"10,405";"BR-465/RJ";"Crescente";"Atropelamento de animal";0;0;0;0;0;1;0;0;0;0;1;0;0;0;0
"22/05/2024";"02:29:00";"60";"Com vítima";"1,400";"BR-465/RJ";"Decrescente";"Atropelamento de animal";1;0;0;0;0;0;0;0;0;0;0;1;0;0;0
"22/05/2024";"03:07:00";"62";"Com vítima";"181,000";"BR-116/RJ";"Decrescente";"Engavetamento";6;0;0;0;0;0;0;0;0;0;0;6;0;0;0
"22/05/2024";"04:00:00";"69";"Com vítima";"173,000";"BR-116/RJ";"Decrescente";"Colisão lateral no mesmo sentido";1;0;0;1;0;0;0;0;0;0;0;2;0;0;0
"22/05/2024";"05:23:00";"84";"Com vítima";"701,500";"BR-116/RJ";"Crescente";"Colisão traseira";2;0;0;0;0;0;0;0;0;0;0;3;0;0;0
"22/05/2024";"09:13:00";"131";"Com vítima";"489,000";"BR-116/RJ";"Decrescente";"Colisão lateral no mesmo sentido";1;0;0;1;0;0;0;0;0;0;1;1;0;0;0
"22/05/2024";"02:19:00";"200";"Sem vítima";"170,000";"BR-116/RJ";"Crescente";"Colisão lateral no mesmo sentido";0;0;2;0;0;0;0;0;0;0;5;0;0;0;0
"22/05/2024";"03:56:00";"220";"Com vítima";"5,631";"BR-465/RJ";"Decrescente";"Atropelamento de pedestre";0;1;1;0;0;0;0;0;0;0;1;0;0;0;0
"23/05/2024";"02:49:00";"132";"Com vítima";"619,500";"BR-116/RJ";"Crescente";"Colisão lateral no mesmo sentido";0;0;1;0;0;1;0;0;0;0;0;2;0;0;0
"23/05/2024";"03:19:00";"136";"Com vítima";"99,000";"BR-116/RJ";"Crescente";"Choque";1;0;0;0;0;0;0;0;0;0;0;1;0;0;0
"23/05/2024";"04:39:00";"147";"Com vítima";"127,000";"BR-116/RJ";"Decrescente";"Engavetamento";3;0;0;0;0;0;0;0;0;0;1;3;0;0;0
"23/05/2024";"05:52:00";"165";"Com vítima";"13,000";"BR-493/RJ";"Crescente";"Colisão lateral no mesmo sentido";1;0;0;0;0;1;0;0;0;0;0;5;0;0;0
"23/05/2024";"06:44:00";"177";"Com vítima";"56,000";"BR-493/RJ";"Crescente";"Saída de pista";1;0;0;0;0;0;0;0;0;0;0;1;0;0;0
"23/05/2024";"11:11:00";"237";"Com vítima";"55,000";"BR-116/RJ";"Decrescente";"Colisão traseira";2;0;0;0;0;0;0;0;0;0;0;3;0;0;0
"23/05/2024";"11:31:00";"242";"Com vítima";"212,900";"BR-116/RJ";"Crescente";"Queda de moto";0;0;0;1;0;0;0;0;0;0;0;1;0;0;0
"23/05/2024";"02:41:00";"277";"Com vítima";"95,145";"BR-116/RJ";"Decrescente";"Colisão lateral em sentido contrário";1;0;1;0;0;0;0;0;0;0;0;2;0;0;0
"23/05/2024";"03:46:00";"288";"Com vítima";"178,500";"BR-116/RJ";"Decrescente";"Atropelamento de pedestre";0;0;0;1;0;0;0;0;0;0;0;10;0;0;0
"23/05/2024";"03:53:00";"291";"Com vítima";"412,000";"BR-116/RJ";"Decrescente";"Colisão traseira";1;0;0;1;0;0;0;0;0;0;0;2;1;0;0
"23/05/2024";"05:11:00";"320";"Com vítima";"776,369";"BR-116/RJ";"Decrescente";"Tombamento";0;0;1;0;0;0;0;0;0;0;0;2;0;0;0
"23/05/2024";"05:16:00";"322";"Sem vítima";"180,700";"BR-116/RJ";"Crescente";"Colisão traseira";2;0;0;0;0;0;0;0;0;0;2;0;0;0;0
"23/05/2024";"06:22:00";"331";"Com vítima";"676,397";"BR-116/RJ";"Crescente";"Atropelamento de animal";1;0;0;0;0;0;0;0;0;0;0;2;0;0;0
"24/05/2024";"03:17:00";"102";"Com vítima";"172,000";"BR-116/RJ";"Crescente";"Atropelamento de ciclista";0;1;0;1;0;0;0;0;0;0;0;1;0;0;0
"24/05/2024";"05:00:00";"124";"Com vítima";"186,000";"BR-116/RJ";"Decrescente";"Atropelamento de pedestre";1;0;0;0;0;0;0;0;0;0;1;0;0;9;0
"24/05/2024";"05:11:00";"131";"Com vítima";"147,200";"BR-116/RJ";"Decrescente";"Colisão traseira";0;0;1;0;0;1;0;0;0;0;0;2;0;0;0
"24/05/2024";"05:22:00";"134";"Sem vítima";"194,000";"BR-116/RJ";"Decrescente";"Choque";1;0;0;0;0;0;0;0;0;0;1;0;0;0;0
"24/05/2024";"07:08:00";"157";"Com vítima";"6,900";"BR-116/RJ";"Decrescente";"Colisão frontal";2;0;0;0;0;0;0;0;0;0;0;0;2;2;0
"24/05/2024";"07:57:00";"165";"Com vítima";"179,000";"BR-116/RJ";"Crescente";"Colisão traseira";1;0;0;1;0;0;0;0;0;0;1;1;1;0;0
"24/05/2024";"08:02:00";"166";"Com vítima";"456,000";"BR-116/RJ";"Decrescente";"Colisão lateral em sentido contrário";1;0;1;0;0;0;0;0;0;0;0;1;2;0;0
"24/05/2024";"09:20:00";"175";"Com vítima";"816,000";"BR-116/RJ";"Decrescente";"Choque";1;0;0;0;0;0;0;0;0;0;0;1;0;0;0
"24/05/2024";"10:03:00";"184";"Com vítima";"4,000";"BR-465/RJ";"Crescente";"Colisão frontal";1;0;0;1;0;0;0;0;0;0;1;1;1;0;0
"24/05/2024";"11:28:00";"202";"Com vítima";"68,000";"BR-493/RJ";"Decrescente";"Saída de pista";1;0;0;0;0;0;0;0;0;0;0;6;0;0;0
"24/05/2024";"12:58:00";"220";"Sem vítima";"171,000";"BR-116/RJ";"Crescente";"Colisão traseira";2;0;0;0;0;0;0;0;0;0;2;0;0;0;0
"24/05/2024";"01:06:00";"224";"Com vítima";"484,000";"BR-116/RJ";"Decrescente";"Choque";1;0;0;0;0;0;0;0;0;0;0;1;0;0;0
"24/05/2024";"03:41:00";"246";"Com vítima";"627,000";"BR-116/RJ";"Decrescente";"Colisão lateral no mesmo sentido";1;0;1;0;0;0;0;0;0;0;1;1;0;0;0
"24/05/2024";"05:46:00";"271";"Com vítima";"0,841";"BR-493/RJ";"Crescente";"Queda de moto";0;0;0;1;0;0;0;0;0;0;0;0;1;0;0
"24/05/2024";"09:26:00";"10";"Sem vítima";"3,200";"BR-465/RJ";"Crescente";"Atropelamento de animal";0;0;0;1;0;0;0;0;0;0;1;0;0;0;0
"24/05/2024";"11:16:00";"37";"Com vítima";"131,490";"BR-116/RJ";"Crescente";"Queda de moto";0;0;0;1;0;0;0;0;0;0;0;1;1;0;0
"25/05/2024";"02:23:00";"52";"Com vítima";"107,500";"BR-116/RJ";"Crescente";"Colisão frontal";2;0;0;0;0;0;0;0;0;0;0;5;0;0;0
"25/05/2024";"08:24:00";"132";"Sem vítima";"21,000";"BR-465/RJ";"Decrescente";"Atropelamento de ciclista";0;1;0;0;0;0;0;0;0;1;1;0;0;0;0
"25/05/2024";"03:09:00";"207";"Com vítima";"600,444";"BR-116/RJ";"Crescente";"Choque";1;0;0;0;0;0;0;0;0;0;1;0;1;0;0
"25/05/2024";"04:19:00";"217";"Sem vítima";"127,891";"BR-116/RJ";"Decrescente";"Choque";1;0;0;0;0;0;0;0;0;0;3;0;0;0;0
"25/05/2024";"04:28:00";"221";"Sem vítima";"425,402";"BR-116/RJ";"Crescente";"Choque";1;0;0;0;0;0;0;0;0;0;1;0;0;0;0
"25/05/2024";"09:03:00";"1";"Com vítima";"764,000";"BR-116/RJ";"Decrescente";"Colisão traseira";1;0;0;1;0;0;0;0;0;0;1;1;0;0;0
"25/05/2024";"11:19:00";"31";"Com vítima";"199,007";"BR-116/RJ";"Decrescente";"Queda de moto";0;0;0;1;0;0;0;0;0;0;0;0;2;0;0
"26/05/2024";"02:25:00";"48";"Com vítima";"628,070";"BR-116/RJ";"Crescente";"Colisão frontal";1;0;0;0;0;1;0;0;0;0;0;1;0;0;2
"26/05/2024";"03:04:00";"50";"Sem vítima";"96,700";"BR-493/RJ";"Decrescente";"Choque";1;0;0;0;0;0;0;0;0;0;1;0;0;0;0
"26/05/2024";"05:00:00";"60";"Com vítima";"102,600";"BR-116/RJ";"Decrescente";"Choque";1;0;0;0;0;0;0;0;0;0;0;2;0;0;0
"26/05/2024";"06:13:00";"80";"Com vítima";"63,500";"BR-493/RJ";"Decrescente";"Choque";1;0;0;0;0;0;0;0;0;0;0;2;0;0;0
"26/05/2024";"06:15:00";"81";"Com vítima";"4,000";"BR-465/RJ";"Decrescente";"Queda de moto";1;0;0;0;0;0;0;0;0;0;0;1;0;0;0
"26/05/2024";"07:12:00";"90";"Sem vítima";"213,000";"BR-116/RJ";"Decrescente";"Colisão traseira";2;0;0;0;0;0;0;0;0;0;2;0;0;0;0
"26/05/2024";"10:14:00";"114";"Com vítima";"90,000";"BR-116/RJ";"Decrescente";"Choque";0;0;0;0;0;0;0;0;0;1;0;1;0;0;0
"26/05/2024";"11:09:00";"120";"Sem vítima";"30,000";"BR-116/RJ";"Crescente";"Engavetamento";3;0;0;0;0;0;0;0;0;0;3;0;0;0;0
"26/05/2024";"12:24:00";"138";"Sem vítima";"81,300";"BR-116/RJ";"Decrescente";"Colisão traseira";1;0;0;0;0;0;0;0;0;1;5;0;0;0;0
"26/05/2024";"12:32:00";"143";"Com vítima";"774,000";"BR-116/RJ";"Decrescente";"Capotamento";0;0;0;0;0;0;0;0;0;1;0;1;0;0;0
"26/05/2024";"12:57:00";"148";"Sem vítima";"211,000";"BR-116/RJ";"Decrescente";"Saída de pista";1;0;0;0;0;0;0;0;0;0;1;0;0;0;0
"26/05/2024";"01:31:00";"154";"Com vítima";"142,000";"BR-116/RJ";"Crescente";"Colisão lateral no mesmo sentido";1;0;0;0;0;0;0;0;0;1;0;2;0;0;0
"26/05/2024";"03:34:00";"175";"Com vítima";"689,467";"BR-116/RJ";"Crescente";"Colisão lateral no mesmo sentido";2;0;0;0;0;0;0;0;0;0;0;3;0;0;0
"26/05/2024";"03:36:00";"176";"Com vítima";"109,500";"BR-493/RJ";"Decrescente";"Acidentes de outra natureza";1;0;0;0;0;0;0;0;0;0;0;3;0;0;0
"26/05/2024";"04:29:00";"186";"Com vítima";"173,000";"BR-116/RJ";"Decrescente";"Colisão lateral no mesmo sentido";1;0;0;1;0;1;0;0;0;0;2;1;1;0;0
"26/05/2024";"04:29:00";"187";"Com vítima";"477,000";"BR-116/RJ";"Crescente";"Colisão traseira";1;0;0;1;0;0;0;0;0;0;0;2;0;0;0
"26/05/2024";"04:32:00";"189";"Sem vítima";"89,700";"BR-116/RJ";"Crescente";"Choque";1;0;0;0;0;0;0;0;0;0;2;0;0;0;0
"26/05/2024";"04:51:00";"191";"Sem vítima";"95,211";"BR-493/RJ";"Crescente";"Choque";1;0;0;0;0;0;0;0;0;0;3;0;0;0;0
"26/05/2024";"05:47:00";"206";"Com vítima";"742,113";"BR-116/RJ";"Decrescente";"Colisão frontal";1;0;0;1;0;0;0;0;0;0;0;1;0;0;1
"26/05/2024";"06:41:00";"216";"Sem vítima";"179,800";"BR-116/RJ";"Crescente";"Colisão lateral no mesmo sentido";4;0;0;0;0;0;0;0;0;0;12;0;0;0;0
"26/05/2024";"08:11:00";"227";"Com vítima";"148,400";"BR-116/RJ";"Decrescente";"Choque";1;0;0;0;0;0;0;0;0;0;0;1;0;0;0
"26/05/2024";"08:18:00";"228";"Com vítima";"644,000";"BR-116/RJ";"Decrescente";"Choque";1;0;0;0;0;0;0;0;0;0;0;0;0;0;1
"26/05/2024";"10:03:00";"46";"Sem vítima";"78,098";"BR-116/RJ";"Crescente";"Capotamento";1;0;0;0;0;0;0;0;0;0;3;0;0;0;0
"26/05/2024";"11:26:00";"54";"Com vítima";"148,400";"BR-116/RJ";"Decrescente";"Choque";1;0;0;0;0;0;0;0;0;0;1;1;0;0;0
"27/05/2024";"12:48:00";"72";"Sem vítima";"689,000";"BR-116/RJ";"Crescente";"Choque";1;0;0;0;0;0;0;0;0;0;1;0;0;0;0
"27/05/2024";"04:28:00";"92";"Com vítima";"62,200";"BR-116/RJ";"Decrescente";"Colisão lateral em sentido contrário";2;0;0;0;0;0;0;0;0;0;0;8;0;0;0
"27/05/2024";"11:52:00";"182";"Com vítima";"102,000";"BR-116/RJ";"Crescente";"Queda de moto";0;0;0;1;0;0;0;0;0;0;0;0;2;0;0
"27/05/2024";"01:39:00";"210";"Com vítima";"31,780";"BR-116/RJ";"Decrescente";"Colisão lateral em sentido contrário";1;0;0;0;0;1;0;0;0;0;0;2;0;0;0
"27/05/2024";"03:19:00";"231";"Com vítima";"109,581";"BR-116/RJ";"Crescente";"Colisão frontal";2;0;0;0;0;0;0;0;0;0;0;1;1;1;0
"27/05/2024";"05:14:00";"260";"Sem vítima";"139,000";"BR-116/RJ";"Decrescente";"Colisão lateral no mesmo sentido";1;0;0;0;0;1;0;0;0;0;2;0;0;0;0
"27/05/2024";"09:51:00";"40";"Com vítima";"88,000";"BR-493/RJ";"Decrescente";"Tombamento";0;0;0;0;0;0;0;0;0;1;0;1;0;0;0
"28/05/2024";"01:08:00";"97";"Com vítima";"408,664";"BR-116/RJ";"Decrescente";"Choque";1;0;0;0;0;0;0;0;0;0;0;1;0;0;0
"28/05/2024";"01:17:00";"99";"Com vítima";"579,000";"BR-116/RJ";"Crescente";"Choque";1;0;0;0;0;0;0;0;0;0;0;1;0;0;0
"28/05/2024";"03:15:00";"130";"Com vítima";"93,000";"BR-116/RJ";"Decrescente";"Colisão traseira";1;0;0;1;0;0;0;0;0;0;0;2;0;0;0
"28/05/2024";"04:14:00";"139";"Com vítima";"2,000";"BR-493/RJ";"Crescente";"Atropelamento de pedestre";0;0;0;1;0;0;0;0;0;0;0;0;2;0;0
"28/05/2024";"04:23:00";"141";"Com vítima";"115,700";"BR-493/RJ";"Crescente";"Atropelamento de animal";0;0;0;0;0;1;0;0;0;0;1;0;0;0;0
"28/05/2024";"05:10:00";"149";"Com vítima";"173,000";"BR-116/RJ";"Crescente";"Colisão lateral no mesmo sentido";1;0;2;0;0;0;0;0;0;0;0;2;1;1;0
"28/05/2024";"05:39:00";"156";"Com vítima";"674,000";"BR-116/RJ";"Decrescente";"Colisão lateral em sentido contrário";1;0;0;1;0;0;0;0;0;0;0;1;1;0;0
"28/05/2024";"09:06:00";"199";"Com vítima";"183,000";"BR-116/RJ";"Crescente";"Colisão traseira";0;0;1;2;0;0;0;0;0;0;1;2;0;0;0
"28/05/2024";"10:51:00";"222";"Com vítima";"139,000";"BR-116/RJ";"Crescente";"Colisão lateral no mesmo sentido";2;0;0;0;1;0;0;0;0;0;0;3;0;0;0
"28/05/2024";"02:52:00";"269";"Com vítima";"3,000";"BR-465/RJ";"Crescente";"Atropelamento de pedestre";1;0;0;0;0;0;0;0;0;0;1;0;0;1;0
"28/05/2024";"03:13:00";"272";"Com vítima";"13,000";"BR-465/RJ";"Decrescente";"Atropelamento de pedestre";1;0;0;0;0;0;0;0;0;0;1;1;0;0;0
"28/05/2024";"03:48:00";"279";"Com vítima";"102,500";"BR-116/RJ";"Crescente";"Engavetamento";3;0;0;0;0;0;0;0;0;0;0;4;0;0;0
"28/05/2024";"04:02:00";"285";"Com vítima";"673,770";"BR-116/RJ";"Crescente";"Colisão transversal";1;0;0;1;0;0;0;0;0;0;1;0;1;0;0
"28/05/2024";"08:00:00";"327";"Sem vítima";"4,000";"BR-465/RJ";"Crescente";"Colisão lateral em sentido contrário";1;0;0;1;0;0;0;0;0;0;2;0;0;0;0
"28/05/2024";"11:30:00";"14";"Com vítima";"690,000";"BR-116/RJ";"Decrescente";"Atropelamento de animal";0;0;0;1;0;0;0;0;0;0;0;1;0;0;0
"29/05/2024";"01:38:00";"20";"Com vítima";"17,500";"BR-493/RJ";"Decrescente";"Choque";1;0;0;0;0;0;0;0;0;0;0;2;0;0;0
"29/05/2024";"04:05:00";"26";"Com vítima";"522,000";"BR-116/RJ";"Decrescente";"Atropelamento de pedestre";0;0;0;1;0;0;0;0;0;0;1;9;0;0;0
"29/05/2024";"05:05:00";"45";"Com vítima";"184,000";"BR-116/RJ";"Decrescente";"Colisão traseira";1;0;0;1;0;0;0;0;0;0;2;0;1;0;0
"29/05/2024";"08:20:00";"83";"Com vítima";"148,000";"BR-116/RJ";"Crescente";"Queda de moto";0;0;0;1;0;0;0;0;0;0;0;1;0;0;0
"29/05/2024";"01:31:00";"157";"Sem vítima";"91,000";"BR-116/RJ";"Decrescente";"Colisão lateral no mesmo sentido";0;0;1;0;0;0;0;0;0;1;4;0;0;0;0
"29/05/2024";"02:39:00";"170";"Com vítima";"19,568";"BR-493/RJ";"Crescente";"Atropelamento de ciclista";1;1;0;0;0;0;0;0;0;0;0;1;0;0;0
"29/05/2024";"03:13:00";"178";"Com vítima";"179,427";"BR-116/RJ";"Crescente";"Colisão traseira";1;0;0;1;0;0;0;0;0;0;1;0;0;1;0
"29/05/2024";"04:00:00";"192";"Sem vítima";"745,000";"BR-116/RJ";"Crescente";"Choque";1;0;0;0;0;1;0;0;0;0;2;0;0;0;0
"29/05/2024";"04:55:00";"202";"Sem vítima";"93,380";"BR-116/RJ";"Decrescente";"Choque";1;0;0;0;0;0;0;0;0;0;1;0;0;0;0
"29/05/2024";"09:03:00";"3";"Com vítima";"583,634";"BR-116/RJ";"Decrescente";"Choque";1;0;0;0;0;0;0;0;0;0;0;1;0;0;0
"29/05/2024";"11:01:00";"43";"Sem vítima";"581,630";"BR-116/RJ";"Decrescente";"Choque";1;0;0;0;0;0;0;0;0;0;1;0;0;0;0
"30/05/2024";"02:27:00";"60";"Sem vítima";"590,374";"BR-116/RJ";"Decrescente";"Saída de pista";1;0;0;0;0;0;0;0;0;0;4;0;0;0;0
"30/05/2024";"02:28:00";"61";"Sem vítima";"137,786";"BR-116/RJ";"Decrescente";"Choque";1;0;0;0;0;0;0;0;0;0;1;0;0;0;0
"30/05/2024";"02:44:00";"62";"Com vítima";"529,000";"BR-116/RJ";"Decrescente";"Queda de moto";0;0;0;1;0;0;0;0;0;0;0;1;0;0;0
"30/05/2024";"03:16:00";"63";"Com vítima";"136,000";"BR-116/RJ";"Decrescente";"Choque";0;0;0;0;0;0;0;0;0;1;1;2;0;0;0
"30/05/2024";"05:29:00";"84";"Sem vítima";"205,000";"BR-116/RJ";"Crescente";"Colisão traseira";2;0;0;0;0;0;0;0;0;0;2;0;0;0;0
"30/05/2024";"07:37:00";"117";"Com vítima";"20,100";"BR-116/RJ";"Decrescente";"Choque";1;0;0;0;0;1;0;0;0;0;0;2;0;0;0
"30/05/2024";"12:43:00";"180";"Sem vítima";"182,000";"BR-116/RJ";"Decrescente";"Queda de moto";0;0;0;1;0;0;0;0;0;0;1;0;0;0;0
"30/05/2024";"01:38:00";"198";"Com vítima";"672,100";"BR-116/RJ";"Crescente";"Queda de moto";0;0;0;1;0;0;0;0;0;0;0;1;0;0;0
"30/05/2024";"03:06:00";"219";"Com vítima";"107,720";"BR-116/RJ";"Crescente";"Queda de moto";0;0;0;1;0;0;0;0;0;0;0;1;1;0;0
"30/05/2024";"04:53:00";"239";"Com vítima";"654,072";"BR-116/RJ";"Decrescente";"Colisão traseira";2;0;0;0;0;0;0;0;0;0;0;3;0;0;0
"30/05/2024";"05:07:00";"242";"Com vítima";"493,437";"BR-116/RJ";"Decrescente";"Choque";0;0;0;1;0;0;0;0;0;0;0;0;0;1;1
"30/05/2024";"07:27:00";"264";"Com vítima";"135,616";"BR-116/RJ";"Decrescente";"Choque";1;0;0;0;0;0;0;0;0;0;0;2;0;0;0
"31/05/2024";"12:49:00";"37";"Com vítima";"812,000";"BR-116/RJ";"Decrescente";"Choque";1;0;0;0;0;0;0;0;0;0;0;1;0;0;0
"31/05/2024";"04:25:00";"51";"Com vítima";"182,000";"BR-116/RJ";"Decrescente";"Capotamento";1;0;0;0;0;0;0;0;0;0;0;0;1;0;0
"31/05/2024";"04:34:00";"54";"Com vítima";"181,000";"BR-116/RJ";"Crescente";"Colisão lateral no mesmo sentido";1;0;0;1;0;0;0;0;0;0;0;2;0;0;0
"31/05/2024";"04:44:00";"58";"Com vítima";"87,520";"BR-116/RJ";"Decrescente";"Colisão traseira";2;0;0;0;0;0;0;0;0;0;1;2;0;0;0
"31/05/2024";"05:20:00";"65";"Com vítima";"778,000";"BR-116/RJ";"Decrescente";"Colisão lateral em sentido contrário";2;0;0;0;0;0;0;0;0;0;0;6;1;0;0
"31/05/2024";"06:24:00";"73";"Com vítima";"3,200";"BR-465/RJ";"Crescente";"Colisão lateral em sentido contrário";2;0;0;0;0;0;0;0;0;0;0;2;0;0;0
"31/05/2024";"07:42:00";"89";"Sem vítima";"172,000";"BR-116/RJ";"Decrescente";"Colisão lateral no mesmo sentido";0;0;0;0;0;1;0;0;0;0;1;0;0;0;0
"31/05/2024";"08:02:00";"97";"Com vítima";"169,700";"BR-116/RJ";"Crescente";"Colisão lateral no mesmo sentido";1;0;0;0;0;1;0;0;0;1;0;4;0;0;0
"31/05/2024";"08:48:00";"103";"Com vítima";"176,000";"BR-116/RJ";"Decrescente";"Choque";1;0;0;0;0;0;0;0;0;0;0;1;0;0;0
"31/05/2024";"10:21:00";"125";"Com vítima";"177,000";"BR-116/RJ";"Crescente";"Choque";1;0;0;0;0;0;0;0;0;0;0;1;0;0;0
"31/05/2024";"11:04:00";"131";"Com vítima";"754,000";"BR-116/RJ";"Crescente";"Saída de pista";1;0;0;0;0;0;0;0;0;0;0;1;0;0;0
"31/05/2024";"04:16:00";"212";"Com vítima";"523,000";"BR-116/RJ";"Crescente";"Colisão lateral no mesmo sentido";1;0;0;1;0;0;0;0;0;0;1;1;0;0;0
"31/05/2024";"05:19:00";"225";"Sem vítima";"422,000";"BR-116/RJ";"Decrescente";"Saída de pista";1;0;0;0;0;0;0;0;0;0;1;0;0;0;0
"31/05/2024";"05:50:00";"234";"Com vítima";"180,000";"BR-116/RJ";"Crescente";"Colisão traseira";2;0;0;0;0;0;0;0;0;0;0;4;0;0;0
"31/05/2024";"07:46:00";"244";"Com vítima";"551,314";"BR-116/RJ";"Crescente";"Choque";0;0;0;1;0;0;0;0;0;0;0;1;0;0;0
"31/05/2024";"08:00:00";"248";"Com vítima";"175,000";"BR-116/RJ";"Decrescente";"Colisão traseira";2;0;0;0;0;0;0;0;0;0;0;4;0;0;0
"31/05/2024";"08:13:00";"250";"Com vítima";"146,000";"BR-116/RJ";"Decrescente";"Colisão lateral no mesmo sentido";0;1;0;1;0;0;0;0;0;0;0;1;0;0;0
"31/05/2024";"09:16:00";"3";"Sem vítima";"460,218";"BR-116/RJ";"Decrescente";"Choque";1;0;0;0;0;0;0;0;0;0;1;0;0;0;0
"31/05/2024";"10:48:00";"14";"Com vítima";"543,600";"BR-116/RJ";"Crescente";"Queda de moto";0;0;0;1;0;0;0;0;0;0;0;2;0;0;0
"01/06/2024";"12:02:00";"15";"Com vítima";"706,123";"BR-116/RJ";"Decrescente";"Acidentes de outra natureza";1;0;0;0;0;0;0;0;0;0;0;1;0;0;0
"01/06/2024";"01:49:00";"63";"Com vítima";"412,000";"BR-116/RJ";"Decrescente";"Colisão frontal";2;0;0;0;0;0;0;0;0;0;1;1;0;0;0
"01/06/2024";"03:41:00";"69";"Com vítima";"2,300";"BR-493/RJ";"Crescente";"Choque";1;0;0;0;0;0;0;0;0;0;0;0;0;1;0
"01/06/2024";"04:09:00";"75";"Sem vítima";"559,000";"BR-116/RJ";"Decrescente";"Choque";1;0;0;0;0;0;0;0;0;0;1;0;0;0;0
"01/06/2024";"04:12:00";"76";"Com vítima";"188,000";"BR-116/RJ";"Decrescente";"Queda de moto";0;0;0;1;0;0;0;0;0;0;0;2;0;0;0
"01/06/2024";"05:57:00";"90";"Com vítima";"211,000";"BR-116/RJ";"Decrescente";"Capotamento";1;0;0;0;1;0;0;0;0;0;0;3;0;0;0
"01/06/2024";"08:31:00";"130";"Com vítima";"132,800";"BR-116/RJ";"Crescente";"Colisão lateral no mesmo sentido";1;0;0;0;0;1;0;0;0;0;0;2;0;0;0
"01/06/2024";"10:31:00";"154";"Com vítima";"105,000";"BR-116/RJ";"Crescente";"Choque";1;0;0;0;0;0;0;0;0;0;0;1;0;0;0
"01/06/2024";"11:42:00";"169";"Com vítima";"108,193";"BR-116/RJ";"Decrescente";"Colisão transversal";1;0;1;0;0;0;0;0;0;0;0;4;0;0;0
"01/06/2024";"12:11:00";"172";"Com vítima";"49,800";"BR-116/RJ";"Decrescente";"Colisão transversal";0;0;0;1;1;0;0;0;0;0;0;1;0;0;1
"01/06/2024";"04:35:00";"211";"Com vítima";"422,000";"BR-116/RJ";"Crescente";"Queda de moto";0;0;0;1;0;0;0;0;0;0;0;1;0;0;0
"01/06/2024";"04:45:00";"214";"Com vítima";"70,000";"BR-116/RJ";"Crescente";"Colisão traseira";1;0;0;2;0;0;0;0;0;0;0;2;2;0;0
"01/06/2024";"08:15:00";"234";"Com vítima";"198,097";"BR-116/RJ";"Crescente";"Atropelamento de pedestre";1;0;0;0;0;0;0;0;0;0;0;2;0;0;9
"01/06/2024";"11:51:00";"50";"Com vítima";"144,735";"BR-116/RJ";"Decrescente";"Colisão traseira";2;0;0;0;0;0;0;0;0;0;0;2;0;0;0
"02/06/2024";"01:58:00";"56";"Com vítima";"182,000";"BR-116/RJ";"Crescente";"Engavetamento";3;0;0;0;0;0;0;0;0;0;0;3;0;0;0
"02/06/2024";"07:22:00";"101";"Com vítima";"2,000";"BR-465/RJ";"Crescente";"Colisão lateral no mesmo sentido";0;0;0;2;0;0;0;0;0;0;0;3;1;0;0
"02/06/2024";"10:45:00";"143";"Com vítima";"118,000";"BR-116/RJ";"Crescente";"Queda de moto";0;0;0;1;0;0;0;0;0;0;0;1;0;0;0