data;horario;n_da_ocorrencia;tipo_de_ocorrencia;km;trecho;sentido;tipo_de_acidente;automovel;bicicleta;caminhao;moto;onibus;outros;tracao_animal;transporte_de_cargas_especiais;trator_maquinas;utilitarios;ilesos;levemente_feridos;moderadamente_feridos;gravemente_feridos;mortos
"02/06/2024";"12:35:00";"161";"Com vítima";"192,000";"BR-116/RJ";"Decrescente";"Engavetamento";5;0;0;0;0;1;0;0;0;0;2;4;2;0;0
"02/06/2024";"12:53:00";"165";"Com vítima";"199,514";"BR-116/RJ";"Decrescente";"Engavetamento";2;0;0;0;0;0;0;0;0;0;0;2;0;0;0
"02/06/2024";"01:14:00";"169";"Com vítima";"106,000";"BR-116/RJ";"Crescente";"Queda de moto";0;0;0;1;0;0;0;0;0;0;0;1;0;0;0
"02/06/2024";"02:58:00";"186";"Com vítima";"424,870";"BR-116/RJ";"Crescente";"Colisão lateral no mesmo sentido";0;1;0;1;0;0;0;0;0;0;0;0;2;0;0
"02/06/2024";"03:02:00";"188";"Com vítima";"631,300";"BR-116/RJ";"Crescente";"Colisão lateral em sentido contrário";2;0;0;1;0;0;0;0;0;0;2;1;2;0;0
"02/06/2024";"04:08:00";"201";"Com vítima";"14,500";"BR-465/RJ";"Decrescente";"Atropelamento de pedestre";0;0;0;0;0;1;0;0;0;0;1;1;0;0;0
"02/06/2024";"06:45:00";"229";"Com vítima";"77,000";"BR-493/RJ";"Crescente";"Atropelamento de animal";1;0;0;0;0;0;0;0;0;0;1;0;0;0;0
"02/06/2024";"08:40:00";"250";"Sem vítima";"145,318";"BR-116/RJ";"Decrescente";"Choque";1;0;0;0;0;0;0;0;0;0;1;0;0;0;0
"02/06/2024";"09:47:00";"36";"Com vítima";"142,360";"BR-116/RJ";"Crescente";"Colisão traseira";1;0;0;1;0;0;0;0;0;0;0;2;1;0;0
"02/06/2024";"09:57:00";"40";"Com vítima";"176,218";"BR-116/RJ";"Decrescente";"Colisão traseira";1;0;0;0;0;1;0;0;0;0;1;1;0;0;0
"02/06/2024";"10:19:00";"67";"Com vítima";"118,500";"BR-116/RJ";"Decrescente";"Capotamento";1;0;0;0;0;0;0;0;0;0;0;1;0;0;0
"02/06/2024";"10:22:00";"68";"Com vítima";"176,204";"BR-116/RJ";"Decrescente";"Colisão traseira";2;0;0;0;0;0;0;0;0;0;0;2;0;0;0
"02/06/2024";"11:11:00";"70";"Com vítima";"177,146";"BR-116/RJ";"Decrescente";"Colisão traseira";1;0;0;0;0;1;0;0;0;0;1;1;0;0;0
"03/06/2024";"02:12:00";"84";"Com vítima";"529,490";"BR-116/RJ";"Decrescente";"Atropelamento de animal";0;0;0;1;0;0;0;0;0;0;0;0;1;0;0
"03/06/2024";"03:39:00";"90";"Com vítima";"145,300";"BR-116/RJ";"Crescente";"Queda de moto";0;0;0;1;0;0;0;0;0;0;0;2;0;0;0
"03/06/2024";"03:56:00";"96";"Sem vítima";"6,000";"BR-493/RJ";"Decrescente";"Colisão transversal";2;0;0;0;0;0;0;0;0;0;2;0;0;0;0
"03/06/2024";"05:31:00";"119";"Com vítima";"170,000";"BR-116/RJ";"Decrescente";"Colisão traseira";0;0;0;1;0;1;0;0;0;0;1;1;0;0;0
"03/06/2024";"07:05:00";"151";"Com vítima";"174,000";"BR-116/RJ";"Decrescente";"Colisão traseira";0;0;2;0;0;0;0;0;0;0;0;2;0;0;0
"03/06/2024";"08:39:00";"167";"Com vítima";"87,000";"BR-116/RJ";"Decrescente";"Colisão transversal";2;0;0;0;0;0;0;0;0;0;0;4;0;0;0
"03/06/2024";"11:21:00";"204";"Com vítima";"147,000";"BR-116/RJ";"Crescente";"Queda de moto";0;0;0;1;0;0;0;0;0;0;0;1;0;0;0
"03/06/2024";"01:25:00";"231";"Com vítima";"23,897";"BR-493/RJ";"Decrescente";"Colisão frontal";2;0;0;0;0;0;0;0;0;0;0;1;1;1;0
"03/06/2024";"02:15:00";"241";"Com vítima";"132,000";"BR-116/RJ";"Decrescente";"Choque";1;0;0;0;0;1;0;0;0;0;1;1;0;0;0
"03/06/2024";"02:39:00";"248";"Com vítima";"704,608";"BR-116/RJ";"Crescente";"Colisão transversal";0;0;0;1;0;1;0;0;0;0;1;1;0;0;0
"03/06/2024";"03:09:00";"251";"Com vítima";"173,191";"BR-116/RJ";"Decrescente";"Engavetamento";2;0;0;0;0;1;0;0;0;0;1;2;0;0;0
"03/06/2024";"03:34:00";"254";"Com vítima";"82,700";"BR-116/RJ";"Decrescente";"Acidentes de outra natureza";1;0;0;0;0;0;0;0;0;0;0;1;0;0;0
"03/06/2024";"04:07:00";"259";"Com vítima";"184,000";"BR-116/RJ";"Crescente";"Colisão traseira";2;0;0;0;0;0;0;0;0;0;1;2;0;0;0
"03/06/2024";"04:27:00";"263";"Com vítima";"108,998";"BR-116/RJ";"Crescente";"Colisão traseira";1;0;0;0;0;0;0;0;0;1;0;5;0;0;0
"03/06/2024";"06:16:00";"285";"Com vítima";"42,485";"BR-116/RJ";"Crescente";"Colisão transversal";0;0;1;1;0;0;0;0;0;0;1;0;0;0;1
"03/06/2024";"07:39:00";"297";"Sem vítima";"51,902";"BR-493/RJ";"Decrescente";"Choque";1;0;0;0;0;0;0;0;0;0;1;0;0;0;0
"04/06/2024";"02:34:00";"73";"Com vítima";"182,900";"BR-116/RJ";"Decrescente";"Colisão traseira";0;0;0;1;0;0;0;0;0;1;0;0;2;0;0
"04/06/2024";"03:19:00";"77";"Com vítima";"776,000";"BR-116/RJ";"Decrescente";"Tombamento";0;0;0;0;0;1;0;0;0;0;0;0;1;0;0
"04/06/2024";"06:41:00";"112";"Sem vítima";"187,000";"BR-116/RJ";"Decrescente";"Colisão traseira";0;0;0;1;0;0;0;0;0;1;4;0;0;0;0
"04/06/2024";"10:35:00";"168";"Com vítima";"761,000";"BR-116/RJ";"Crescente";"Colisão transversal";1;0;0;1;0;0;0;0;0;0;1;1;0;0;0
"04/06/2024";"11:11:00";"175";"Com vítima";"90,000";"BR-493/RJ";"Decrescente";"Saída de pista";1;0;0;0;0;0;0;0;0;0;0;1;0;1;0
"04/06/2024";"12:30:00";"186";"Com vítima";"67,000";"BR-493/RJ";"Crescente";"Capotamento";0;0;0;0;0;0;0;0;0;1;0;2;0;0;0
"04/06/2024";"03:03:00";"214";"Com vítima";"6,667";"BR-493/RJ";"Decrescente";"Colisão traseira";1;0;1;0;0;0;0;0;0;1;2;2;0;0;0
"04/06/2024";"03:47:00";"222";"Com vítima";"12,000";"BR-493/RJ";"Decrescente";"Atropelamento de animal";0;1;0;0;0;0;0;0;0;0;0;0;0;0;0
"04/06/2024";"04:20:00";"229";"Com vítima";"186,600";"BR-116/RJ";"Decrescente";"Colisão lateral no mesmo sentido";2;0;0;0;0;0;0;0;0;0;0;2;0;0;0
"04/06/2024";"04:37:00";"231";"Sem vítima";"189,000";"BR-116/RJ";"Crescente";"Colisão traseira";0;0;0;2;0;0;0;0;0;0;2;0;0;0;0
"05/06/2024";"02:00:00";"14";"Com vítima";"17,478";"BR-493/RJ";"Decrescente";"Tombamento";0;0;0;0;0;1;0;0;0;0;0;2;0;0;0
"05/06/2024";"03:10:00";"18";"Com vítima";"195,000";"BR-116/RJ";"Decrescente";"Colisão lateral no mesmo sentido";1;0;0;1;0;0;0;0;0;0;1;1;0;0;0
"05/06/2024";"04:16:00";"29";"Com vítima";"556,000";"BR-116/RJ";"Crescente";"Colisão lateral no mesmo sentido";0;0;0;1;0;1;0;0;0;0;1;0;1;0;0
"05/06/2024";"04:58:00";"40";"Com vítima";"170,300";"BR-116/RJ";"Crescente";"Colisão traseira";0;0;1;1;0;0;0;0;0;0;0;1;0;0;1
"05/06/2024";"05:14:00";"42";"Com vítima";"507,820";"BR-116/RJ";"Decrescente";"Choque";0;0;0;1;0;0;0;0;0;0;0;0;1;0;0
"05/06/2024";"05:31:00";"47";"Com vítima";"196,800";"BR-116/RJ";"Crescente";"Choque";0;0;1;0;0;0;0;0;0;0;0;1;0;0;0
"05/06/2024";"05:37:00";"48";"Com vítima";"171,000";"BR-116/RJ";"Crescente";"Colisão traseira";0;0;0;0;1;1;0;0;0;0;1;6;0;0;0
"05/06/2024";"09:44:00";"95";"Com vítima";"174,000";"BR-116/RJ";"Decrescente";"Colisão traseira";1;0;0;2;0;0;0;0;0;0;0;3;0;0;0
"05/06/2024";"11:23:00";"110";"Com vítima";"193,100";"BR-116/RJ";"Decrescente";"Engavetamento";2;0;1;0;0;0;0;0;0;0;0;3;0;0;0
"05/06/2024";"12:19:00";"120";"Sem vítima";"212,900";"BR-116/RJ";"Crescente";"Colisão traseira";0;0;0;0;0;2;0;0;0;0;2;0;0;0;0
"05/06/2024";"12:56:00";"129";"Com vítima";"776,350";"BR-116/RJ";"Decrescente";"Tombamento";0;0;0;0;0;1;0;0;0;0;0;1;0;0;0
"05/06/2024";"03:06:00";"149";"Com vítima";"193,000";"BR-116/RJ";"Crescente";"Colisão lateral no mesmo sentido";1;0;0;1;0;0;0;0;0;0;1;1;0;0;0
"05/06/2024";"04:06:00";"165";"Com vítima";"179,000";"BR-116/RJ";"Crescente";"Engavetamento";2;0;0;0;0;1;0;0;0;0;1;2;0;0;0
"05/06/2024";"04:06:00";"166";"Com vítima";"0,800";"BR-493/RJ";"Decrescente";"Colisão traseira";1;0;0;1;0;0;0;0;0;0;0;3;0;0;0
"05/06/2024";"04:51:00";"176";"Com vítima";"184,000";"BR-116/RJ";"Crescente";"Colisão traseira";2;0;0;0;0;0;0;0;0;0;0;4;0;0;0
"05/06/2024";"09:00:00";"2";"Com vítima";"103,336";"BR-116/RJ";"Crescente";"Tombamento";0;0;1;0;0;0;0;0;0;0;0;1;0;0;0
"05/06/2024";"09:36:00";"9";"Com vítima";"198,000";"BR-116/RJ";"Decrescente";"Colisão traseira";0;0;1;0;0;0;0;0;0;1;1;2;0;0;0
"05/06/2024";"10:41:00";"22";"Sem vítima";"790,000";"BR-116/RJ";"Decrescente";"Choque";0;0;0;0;0;0;0;0;0;1;1;0;0;0;0
"06/06/2024";"01:41:00";"127";"Com vítima";"173,136";"BR-116/RJ";"Decrescente";"Colisão lateral no mesmo sentido";1;0;1;0;1;1;0;0;0;0;0;6;0;0;0
"06/06/2024";"02:29:00";"131";"Sem vítima";"131,000";"BR-116/RJ";"Decrescente";"Saída de pista";1;0;0;0;0;0;0;0;0;0;1;0;0;0;0
"06/06/2024";"02:48:00";"132";"Com vítima";"548,000";"BR-116/RJ";"Decrescente";"Atropelamento de pedestre";0;0;0;1;0;0;0;0;0;0;0;1;9;0;0
"06/06/2024";"03:56:00";"140";"Com vítima";"607,000";"BR-116/RJ";"Decrescente";"Colisão traseira";1;0;0;0;1;0;0;0;0;0;0;2;0;0;0
"06/06/2024";"05:50:00";"165";"Com vítima";"176,000";"BR-116/RJ";"Decrescente";"Colisão traseira";1;0;0;2;0;0;0;0;0;0;0;4;0;0;0
"06/06/2024";"06:03:00";"169";"Com vítima";"522,000";"BR-116/RJ";"Decrescente";"Colisão transversal";2;0;0;0;0;0;0;0;0;0;0;0;2;0;0
"06/06/2024";"07:45:00";"199";"Sem vítima";"57,000";"BR-493/RJ";"Crescente";"Colisão lateral no mesmo sentido";0;0;0;0;0;2;0;0;0;0;2;0;0;0;0
"06/06/2024";"09:10:00";"221";"Com vítima";"174,000";"BR-116/RJ";"Decrescente";"Queda de moto";0;0;0;1;0;0;0;0;0;0;0;1;0;0;0
"06/06/2024";"10:55:00";"238";"Sem vítima";"184,000";"BR-116/RJ";"Decrescente";"Engavetamento";4;0;0;0;0;1;0;0;0;0;5;0;0;0;0
"06/06/2024";"11:14:00";"242";"Com vítima";"200,500";"BR-116/RJ";"Decrescente";"Choque";1;0;0;0;0;0;0;0;0;0;0;2;0;0;0
"06/06/2024";"02:25:00";"283";"Com vítima";"143,800";"BR-116/RJ";"Crescente";"Colisão lateral no mesmo sentido";1;0;1;0;0;0;0;0;0;0;1;1;0;0;0
"06/06/2024";"03:08:00";"294";"Com vítima";"526,000";"BR-116/RJ";"Decrescente";"Atropelamento de pedestre";0;0;0;1;0;0;0;0;0;0;0;0;2;15;0
"06/06/2024";"03:23:00";"299";"Sem vítima";"0,100";"BR-493/RJ";"Crescente";"Colisão lateral no mesmo sentido";1;0;0;0;0;1;0;0;0;0;2;0;0;0;0
"06/06/2024";"03:33:00";"301";"Sem vítima";"172,000";"BR-116/RJ";"Decrescente";"Choque";1;0;0;0;0;0;0;0;0;0;1;0;0;0;0
"06/06/2024";"03:35:00";"302";"Com vítima";"173,000";"BR-116/RJ";"Decrescente";"Colisão lateral no mesmo sentido";1;0;0;1;0;0;0;0;0;0;0;2;0;0;0
"06/06/2024";"03:44:00";"303";"Com vítima";"20,000";"BR-465/RJ";"Crescente";"Colisão frontal";2;0;1;0;1;0;0;0;0;0;1;3;0;0;0
"06/06/2024";"03:50:00";"305";"Com vítima";"174,000";"BR-116/RJ";"Decrescente";"Colisão traseira";1;0;0;1;0;0;0;0;0;0;0;1;0;1;0
"07/06/2024";"02:04:00";"102";"Sem vítima";"181,000";"BR-116/RJ";"Crescente";"Choque";0;0;0;0;0;1;0;0;0;0;1;0;0;0;0
"07/06/2024";"06:33:00";"148";"Sem vítima";"172,000";"BR-116/RJ";"Decrescente";"Colisão lateral no mesmo sentido";1;0;0;0;0;1;0;0;0;0;2;0;0;0;0
"07/06/2024";"10:04:00";"206";"Com vítima";"108,000";"BR-116/RJ";"Decrescente";"Colisão transversal";2;0;0;0;0;0;0;0;0;0;0;1;17;0;0
"07/06/2024";"10:10:00";"208";"Com vítima";"703,000";"BR-116/RJ";"Decrescente";"Colisão lateral em sentido contrário";1;0;0;1;0;0;0;0;0;0;0;2;1;0;0
"07/06/2024";"11:27:00";"221";"Com vítima";"120,001";"BR-116/RJ";"Crescente";"Choque";0;0;1;1;0;0;0;0;0;0;0;1;0;1;0
"07/06/2024";"12:19:00";"231";"Com vítima";"178,300";"BR-116/RJ";"Crescente";"Engavetamento";2;0;2;0;1;0;0;0;0;0;20;5;0;0;0
"07/06/2024";"01:20:00";"246";"Com vítima";"181,000";"BR-116/RJ";"Decrescente";"Colisão lateral no mesmo sentido";1;0;0;1;0;0;0;0;0;0;0;3;0;0;0
"07/06/2024";"01:57:00";"253";"Com vítima";"765,000";"BR-116/RJ";"Decrescente";"Colisão transversal";1;0;0;1;0;0;0;0;0;0;2;0;1;0;0
"07/06/2024";"02:52:00";"266";"Com vítima";"5,415";"BR-465/RJ";"Crescente";"Colisão transversal";2;0;0;1;0;0;0;0;0;0;2;1;0;0;0
"07/06/2024";"04:54:00";"294";"Com vítima";"147,000";"BR-116/RJ";"Crescente";"Choque";1;0;0;0;0;0;0;0;0;0;0;1;0;0;0
"07/06/2024";"05:40:00";"304";"Com vítima";"19,981";"BR-465/RJ";"Crescente";"Colisão traseira";1;0;0;0;0;1;0;0;0;0;2;1;0;0;0
"07/06/2024";"09:20:00";"2";"Com vítima";"127,175";"BR-116/RJ";"Decrescente";"Queda de moto";0;0;0;1;0;0;0;0;0;0;0;2;0;0;0
"07/06/2024";"09:36:00";"5";"Com vítima";"20,000";"BR-493/RJ";"Crescente";"Atropelamento de animal";1;0;0;0;0;0;0;0;0;0;0;2;1;0;0
"07/06/2024";"09:47:00";"6";"Com vítima";"64,839";"BR-493/RJ";"Crescente";"Choque";0;0;0;1;0;0;0;0;0;0;0;0;1;0;0
"07/06/2024";"10:24:00";"13";"Com vítima";"78,000";"BR-493/RJ";"Crescente";"Atropelamento de animal";1;0;0;0;0;0;0;0;0;0;0;1;0;0;0
"08/06/2024";"12:24:00";"39";"Com vítima";"118,000";"BR-116/RJ";"Decrescente";"Choque";1;0;0;0;0;0;0;0;0;0;0;2;0;0;0
"08/06/2024";"12:37:00";"42";"Com vítima";"106,097";"BR-116/RJ";"Decrescente";"Choque";1;0;0;0;0;0;0;0;0;0;0;1;0;0;0
"08/06/2024";"12:46:00";"45";"Sem vítima";"716,306";"BR-116/RJ";"Decrescente";"Tombamento";0;0;1;0;0;0;0;0;0;0;1;0;0;0;0
"08/06/2024";"01:57:00";"76";"Sem vítima";"96,000";"BR-493/RJ";"Decrescente";"Saída de pista";1;0;0;0;0;0;0;0;0;0;1;0;0;0;0
"08/06/2024";"02:38:00";"77";"Com vítima";"14,347";"BR-465/RJ";"Crescente";"Atropelamento de pedestre";0;0;0;0;0;0;0;0;0;1;1;0;0;0;1
"08/06/2024";"03:19:00";"83";"Com vítima";"12,067";"BR-116/RJ";"Crescente";"Engavetamento";3;0;0;0;0;0;0;0;0;0;0;4;0;0;0
"08/06/2024";"03:21:00";"85";"Com vítima";"539,000";"BR-116/RJ";"Decrescente";"Tombamento";0;0;1;0;0;0;0;0;0;0;0;0;0;0;1
"08/06/2024";"06:49:00";"128";"Com vítima";"24,700";"BR-493/RJ";"Decrescente";"Colisão transversal";2;0;0;0;0;0;0;0;0;0;0;1;1;0;0
"08/06/2024";"10:55:00";"171";"Com vítima";"184,000";"BR-116/RJ";"Crescente";"Engavetamento";2;0;0;0;0;1;0;0;0;0;4;0;1;0;0
"08/06/2024";"11:30:00";"174";"Com vítima";"174,500";"BR-116/RJ";"Decrescente";"Choque";1;0;0;0;0;0;0;0;0;0;0;1;0;0;0
"08/06/2024";"01:14:00";"205";"Sem vítima";"479,000";"BR-116/RJ";"Decrescente";"Engavetamento";3;0;0;0;0;0;0;0;0;0;3;0;0;0;0
"08/06/2024";"03:19:00";"230";"Com vítima";"83,535";"BR-116/RJ";"Decrescente";"Colisão transversal";1;0;0;1;0;0;0;0;0;0;0;2;0;0;0
"08/06/2024";"03:45:00";"236";"Com vítima";"19,633";"BR-493/RJ";"Decrescente";"Colisão transversal";0;1;0;1;0;0;0;0;0;0;0;1;0;0;0
"08/06/2024";"04:43:00";"252";"Sem vítima";"633,627";"BR-116/RJ";"Decrescente";"Atropelamento de animal";1;0;0;0;0;0;0;0;0;0;1;0;0;0;0
"08/06/2024";"04:45:00";"253";"Com vítima";"70,099";"BR-116/RJ";"Decrescente";"Colisão transversal";0;0;0;1;0;1;0;0;0;0;0;2;0;0;0
"08/06/2024";"04:48:00";"254";"Sem vítima";"185,266";"BR-116/RJ";"Crescente";"Engavetamento";3;0;0;0;0;0;0;0;0;0;7;0;0;0;0
"08/06/2024";"06:42:00";"272";"Com vítima";"18,200";"BR-465/RJ";"Decrescente";"Colisão lateral em sentido contrário";1;0;0;1;0;0;0;0;0;0;1;2;0;0;0
"08/06/2024";"11:29:00";"18";"Com vítima";"213,000";"BR-116/RJ";"Decrescente";"Atropelamento de animal";0;0;1;0;0;0;0;0;0;0;1;0;0;0;0
"08/06/2024";"11:56:00";"21";"Com vítima";"527,617";"BR-116/RJ";"Crescente";"Atropelamento de pedestre";0;0;0;0;0;1;0;0;0;0;2;0;0;0;9
"09/06/2024";"01:21:00";"30";"Com vítima";"89,000";"BR-116/RJ";"Crescente";"Choque";1;0;0;0;0;0;0;0;0;0;0;1;0;0;0
"09/06/2024";"03:46:00";"39";"Com vítima";"1,200";"BR-493/RJ";"Decrescente";"Atropelamento de animal";1;0;0;0;0;0;0;0;0;0;0;1;0;0;0
"09/06/2024";"07:09:00";"69";"Com vítima";"486,000";"BR-116/RJ";"Decrescente";"Colisão transversal";1;0;0;1;0;0;0;0;0;0;1;1;1;0;0
"09/06/2024";"07:18:00";"71";"Com vítima";"136,900";"BR-116/RJ";"Decrescente";"Atropelamento de ciclista";1;1;0;0;0;0;0;0;0;0;0;1;0;0;0
"09/06/2024";"08:09:00";"85";"Sem vítima";"148,000";"BR-116/RJ";"Decrescente";"Colisão lateral em sentido contrário";1;0;0;0;0;0;0;0;0;1;4;0;0;0;0
"09/06/2024";"08:35:00";"91";"Sem vítima";"595,600";"BR-116/RJ";"Decrescente";"Choque";1;0;0;0;0;0;0;0;0;0;1;0;0;0;0
"09/06/2024";"11:55:00";"133";"Com vítima";"108,000";"BR-116/RJ";"Decrescente";"Colisão transversal";2;0;0;0;0;0;0;0;0;0;0;6;0;0;0
"09/06/2024";"03:25:00";"176";"Com vítima";"187,700";"BR-116/RJ";"Decrescente";"Colisão traseira";1;0;0;1;0;0;0;0;0;0;0;3;0;0;0
"09/06/2024";"03:36:00";"183";"Com vítima";"200,451";"BR-116/RJ";"Crescente";"Colisão traseira";1;0;1;0;0;0;0;0;0;0;0;2;2;0;1
"09/06/2024";"03:46:00";"184";"Com vítima";"137,606";"BR-116/RJ";"Decrescente";"Choque";0;0;0;1;0;0;0;0;0;0;0;0;1;0;0
"09/06/2024";"04:46:00";"195";"Sem vítima";"684,388";"BR-116/RJ";"Decrescente";"Colisão traseira";1;0;0;0;0;0;1;0;0;0;3;0;0;0;0
"09/06/2024";"05:54:00";"204";"Sem vítima";"647,337";"BR-116/RJ";"Decrescente";"Capotamento";1;0;0;0;0;0;0;0;0;0;1;0;0;0;0
"09/06/2024";"06:28:00";"209";"Com vítima";"414,417";"BR-116/RJ";"Crescente";"Colisão transversal";1;0;0;1;0;0;0;0;0;0;1;0;2;0;0
"09/06/2024";"09:10:00";"5";"Sem vítima";"781,135";"BR-116/RJ";"Crescente";"Choque";0;0;0;0;0;1;0;0;0;0;1;0;0;0;0
"09/06/2024";"10:38:00";"14";"Com vítima";"179,648";"BR-116/RJ";"Crescente";"Choque";1;0;0;0;0;0;0;0;0;0;0;1;0;0;0
"09/06/2024";"10:47:00";"16";"Sem vítima";"112,000";"BR-493/RJ";"Crescente";"Atropelamento de animal";1;0;0;0;0;0;0;0;0;0;2;0;0;0;0
"10/06/2024";"01:05:00";"54";"Com vítima";"20,600";"BR-465/RJ";"Decrescente";"Colisão lateral em sentido contrário";0;0;0;1;0;0;0;0;0;0;1;0;1;0;0
"10/06/2024";"03:29:00";"76";"Com vítima";"627,800";"BR-116/RJ";"Decrescente";"Atropelamento de animal";1;0;0;0;0;0;0;0;0;0;0;1;0;0;0
"10/06/2024";"03:30:00";"77";"Com vítima";"83,000";"BR-116/RJ";"Decrescente";"Colisão frontal";2;0;0;0;0;0;0;0;0;0;0;3;1;0;0
"10/06/2024";"05:33:00";"95";"Com vítima";"414,000";"BR-116/RJ";"Decrescente";"Colisão traseira";1;0;1;0;0;0;0;0;0;0;0;2;1;0;0
"10/06/2024";"06:10:00";"102";"Com vítima";"705,000";"BR-116/RJ";"Decrescente";"Colisão lateral no mesmo sentido";2;0;0;0;0;0;0;0;0;0;0;2;0;0;0
"10/06/2024";"07:03:00";"108";"Sem vítima";"672,000";"BR-116/RJ";"Crescente";"Colisão lateral no mesmo sentido";2;0;0;0;0;0;0;0;0;0;2;0;0;0;0
"10/06/2024";"08:20:00";"126";"Com vítima";"182,000";"BR-116/RJ";"Crescente";"Colisão traseira";1;0;0;1;0;0;0;0;0;0;0;2;0;0;0
"10/06/2024";"11:05:00";"150";"Com vítima";"783,000";"BR-116/RJ";"Crescente";"Colisão lateral em sentido contrário";2;0;0;0;0;0;0;0;0;0;0;3;0;0;0
"10/06/2024";"12:28:00";"168";"Com vítima";"21,188";"BR-465/RJ";"Crescente";"Colisão transversal";1;0;0;1;0;0;0;0;0;0;0;1;2;0;0
"10/06/2024";"02:39:00";"196";"Com vítima";"205,000";"BR-116/RJ";"Decrescente";"Colisão traseira";0;0;0;1;1;0;0;0;0;0;0;2;0;0;0
"10/06/2024";"03:24:00";"205";"Com vítima";"191,000";"BR-116/RJ";"Decrescente";"Queda de moto";0;0;0;1;0;0;0;0;0;0;0;1;0;0;0
"10/06/2024";"03:29:00";"208";"Com vítima";"12,300";"BR-465/RJ";"Decrescente";"Colisão traseira";1;0;0;0;0;1;0;0;0;0;1;1;1;0;0
"10/06/2024";"05:16:00";"237";"Sem vítima";"98,000";"BR-116/RJ";"Crescente";"Colisão lateral no mesmo sentido";1;0;1;0;0;0;0;0;0;0;3;0;0;0;0
"10/06/2024";"05:46:00";"242";"Com vítima";"753,493";"BR-116/RJ";"Crescente";"Colisão lateral em sentido contrário";2;0;0;0;0;0;0;0;0;0;0;2;0;0;0
"10/06/2024";"09:20:00";"20";"Com vítima";"201,248";"BR-116/RJ";"Crescente";"Choque";0;0;0;0;0;1;0;0;0;0;0;1;0;0;0
"11/06/2024";"04:07:00";"130";"Com vítima";"169,900";"BR-116/RJ";"Decrescente";"Colisão lateral no mesmo sentido";2;0;0;1;0;0;0;0;0;0;4;1;0;0;0
"11/06/2024";"04:18:00";"133";"Com vítima";"634,000";"BR-116/RJ";"Crescente";"Colisão traseira";0;0;1;0;0;1;0;0;0;0;0;3;0;0;0
"11/06/2024";"06:29:00";"152";"Com vítima";"143,675";"BR-116/RJ";"Decrescente";"Colisão traseira";0;0;0;1;1;0;0;0;0;0;0;1;0;1;0
"11/06/2024";"06:47:00";"155";"Sem vítima";"189,000";"BR-116/RJ";"Crescente";"Colisão lateral no mesmo sentido";1;0;0;0;0;1;0;0;0;0;2;0;0;0;0
"11/06/2024";"09:15:00";"186";"Com vítima";"631,477";"BR-116/RJ";"Decrescente";"Colisão transversal";2;0;0;0;0;1;0;0;0;0;0;2;1;1;1
"11/06/2024";"10:36:00";"207";"Com vítima";"442,000";"BR-116/RJ";"Crescente";"Colisão transversal";1;0;0;1;0;0;0;0;0;0;0;1;1;0;0
"11/06/2024";"11:26:00";"214";"Com vítima";"22,000";"BR-493/RJ";"Decrescente";"Colisão traseira";1;0;0;0;0;1;0;0;0;0;0;5;1;1;0
"11/06/2024";"11:36:00";"216";"Com vítima";"516,000";"BR-116/RJ";"Crescente";"Queda de moto";0;0;0;1;0;0;0;0;0;0;0;0;1;0;0
"11/06/2024";"12:25:00";"230";"Com vítima";"182,050";"BR-116/RJ";"Crescente";"Colisão traseira";2;0;0;0;0;0;0;0;0;0;0;2;0;0;0
"11/06/2024";"12:43:00";"233";"Com vítima";"21,200";"BR-465/RJ";"Decrescente";"Colisão traseira";2;0;0;0;0;0;0;0;0;0;0;3;0;0;0
"11/06/2024";"01:06:00";"237";"Sem vítima";"754,000";"BR-116/RJ";"Crescente";"Colisão lateral no mesmo sentido";1;0;0;0;0;1;0;0;0;0;2;0;0;0;0
"11/06/2024";"06:32:00";"304";"Com vítima";"51,264";"BR-493/RJ";"Crescente";"Colisão lateral no mesmo sentido";1;0;0;0;0;1;0;0;0;0;0;4;0;0;0
"12/06/2024";"04:16:00";"144";"Com vítima";"196,000";"BR-116/RJ";"Decrescente";"Queda de moto";0;0;0;1;0;0;0;0;0;0;0;1;0;0;0
"12/06/2024";"05:46:00";"168";"Com vítima";"607,000";"BR-116/RJ";"Decrescente";"Colisão traseira";1;0;0;0;0;1;0;0;0;0;2;4;0;0;0
"12/06/2024";"07:43:00";"195";"Sem vítima";"105,001";"BR-116/RJ";"Decrescente";"Choque";1;0;0;0;0;0;0;0;0;0;1;0;0;0;0