data;horario;n_da_ocorrencia;tipo_de_ocorrencia;km;trecho;sentido;tipo_de_acidente;automovel;bicicleta;caminhao;moto;onibus;outros;tracao_animal;transporte_de_cargas_especiais;trator_maquinas;utilitarios;ilesos;levemente_feridos;moderadamente_feridos;gravemente_feridos;mortos
"12/06/2024";"07:45:00";"196";"Sem vítima";"130,000";"BR-116/RJ";"Crescente";"Colisão lateral no mesmo sentido";1;0;0;0;1;0;0;0;0;0;2;0;0;0;0
"12/06/2024";"10:36:00";"236";"Com vítima";"196,000";"BR-116/RJ";"Decrescente";"Capotamento";0;0;0;0;0;0;0;0;0;1;0;2;0;0;0
"12/06/2024";"11:04:00";"241";"Sem vítima";"489,000";"BR-116/RJ";"Decrescente";"Choque";1;0;0;0;0;0;0;0;0;0;1;0;0;0;0
"12/06/2024";"12:01:00";"254";"Com vítima";"735,000";"BR-116/RJ";"Crescente";"Colisão traseira";1;0;0;0;0;1;0;0;0;0;1;2;0;0;0
"12/06/2024";"02:28:00";"279";"Com vítima";"412,000";"BR-116/RJ";"Decrescente";"Atropelamento de ciclista";1;1;0;0;0;0;0;0;0;0;1;0;0;0;0
"12/06/2024";"03:07:00";"286";"Com vítima";"185,698";"BR-116/RJ";"Crescente";"Colisão lateral no mesmo sentido";2;0;0;1;0;0;0;0;0;0;0;6;0;0;0
"12/06/2024";"03:26:00";"289";"Com vítima";"509,292";"BR-116/RJ";"Crescente";"Atropelamento de pedestre";0;0;0;0;1;0;0;0;0;0;0;1;0;9;0
"12/06/2024";"03:38:00";"290";"Sem vítima";"413,000";"BR-116/RJ";"Crescente";"Colisão lateral no mesmo sentido";1;0;0;0;0;1;0;0;0;0;2;0;0;0;0
"12/06/2024";"03:42:00";"291";"Sem vítima";"136,743";"BR-116/RJ";"Crescente";"Colisão lateral no mesmo sentido";1;0;1;0;0;0;0;0;0;0;3;0;0;0;0
"12/06/2024";"03:47:00";"292";"Com vítima";"143,527";"BR-116/RJ";"Decrescente";"Capotamento";1;0;0;0;0;0;0;0;0;0;0;1;0;0;0
"12/06/2024";"04:43:00";"308";"Com vítima";"191,717";"BR-116/RJ";"Decrescente";"Queda de moto";0;0;0;1;0;0;0;0;0;0;0;2;0;0;0
"12/06/2024";"05:21:00";"317";"Com vítima";"70,202";"BR-116/RJ";"Decrescente";"Colisão transversal";1;0;0;1;1;0;0;0;0;0;2;0;1;0;0
"12/06/2024";"09:27:00";"2";"Com vítima";"183,300";"BR-116/RJ";"Crescente";"Colisão lateral no mesmo sentido";1;0;0;1;0;0;0;0;0;0;0;3;0;0;0
"12/06/2024";"09:28:00";"4";"Sem vítima";"134,519";"BR-116/RJ";"Decrescente";"Colisão traseira";2;0;0;0;0;0;0;0;0;0;2;0;0;0;0
"13/06/2024";"03:25:00";"115";"Com vítima";"8,000";"BR-465/RJ";"Decrescente";"Colisão lateral no mesmo sentido";1;0;0;1;0;0;0;0;0;0;0;2;0;0;0
"13/06/2024";"04:11:00";"121";"Sem vítima";"8,475";"BR-465/RJ";"Decrescente";"Colisão traseira";2;0;0;0;0;0;0;0;0;0;2;0;0;0;0
"13/06/2024";"04:25:00";"124";"Com vítima";"87,800";"BR-493/RJ";"Crescente";"Atropelamento de animal";1;0;0;0;0;0;0;0;0;0;1;0;0;0;0
"13/06/2024";"06:25:00";"161";"Sem vítima";"18,000";"BR-116/RJ";"Decrescente";"Colisão traseira";1;0;0;0;0;0;0;0;0;0;1;0;0;0;0
"13/06/2024";"09:25:00";"195";"Com vítima";"23,000";"BR-493/RJ";"Decrescente";"Colisão traseira";2;0;0;0;0;0;0;0;0;0;0;5;0;0;0
"13/06/2024";"12:53:00";"239";"Com vítima";"55,000";"BR-493/RJ";"Decrescente";"Saída de pista";1;0;0;0;0;0;0;0;0;0;0;2;0;0;0
"13/06/2024";"02:07:00";"256";"Com vítima";"73,100";"BR-116/RJ";"Decrescente";"Queda de moto";0;0;0;1;0;0;0;0;0;0;0;1;1;0;0
"13/06/2024";"02:50:00";"264";"Com vítima";"703,000";"BR-116/RJ";"Crescente";"Colisão lateral no mesmo sentido";1;0;0;0;0;1;0;0;0;0;0;2;0;0;0
"13/06/2024";"04:25:00";"284";"Com vítima";"517,000";"BR-116/RJ";"Decrescente";"Choque";1;0;0;0;0;0;0;0;0;0;0;1;0;0;0
"13/06/2024";"09:03:00";"1";"Com vítima";"6,000";"BR-465/RJ";"Decrescente";"Choque";0;0;0;1;0;0;0;0;0;0;0;1;0;0;0
"13/06/2024";"10:37:00";"67";"Com vítima";"616,304";"BR-116/RJ";"Crescente";"Colisão traseira";0;0;0;0;1;1;0;0;0;0;33;2;1;0;0
"14/06/2024";"02:53:00";"89";"Com vítima";"52,573";"BR-493/RJ";"Decrescente";"Colisão traseira";2;0;0;0;0;0;0;0;0;0;0;4;0;0;0
"14/06/2024";"03:35:00";"95";"Sem vítima";"528,000";"BR-116/RJ";"Decrescente";"Colisão lateral no mesmo sentido";1;0;0;1;0;0;0;0;0;0;4;0;0;0;0
"14/06/2024";"04:52:00";"106";"Com vítima";"812,000";"BR-116/RJ";"Decrescente";"Colisão lateral no mesmo sentido";2;0;0;0;0;0;0;0;0;0;0;2;0;0;0
"14/06/2024";"08:25:00";"148";"Sem vítima";"201,000";"BR-116/RJ";"Decrescente";"Colisão lateral no mesmo sentido";2;0;0;0;0;0;0;0;0;0;3;0;0;0;0
"14/06/2024";"09:05:00";"153";"Com vítima";"537,000";"BR-116/RJ";"Crescente";"Atropelamento de pedestre";1;0;0;0;0;0;0;0;0;0;0;1;9;0;0
"14/06/2024";"10:23:00";"173";"Com vítima";"5,500";"BR-465/RJ";"Crescente";"Colisão lateral no mesmo sentido";1;0;0;1;0;0;0;0;0;0;0;2;0;0;0
"14/06/2024";"11:02:00";"179";"Com vítima";"699,000";"BR-116/RJ";"Decrescente";"Colisão transversal";2;0;0;0;0;0;0;0;0;0;1;1;0;0;0
"14/06/2024";"01:03:00";"210";"Com vítima";"77,000";"BR-116/RJ";"Crescente";"Colisão lateral em sentido contrário";1;0;0;1;0;0;0;0;0;0;0;2;0;0;0
"14/06/2024";"01:41:00";"218";"Com vítima";"86,900";"BR-493/RJ";"Crescente";"Colisão traseira";1;0;1;0;0;0;0;0;0;0;1;1;0;0;0
"14/06/2024";"01:49:00";"221";"Sem vítima";"7,000";"BR-465/RJ";"Crescente";"Colisão traseira";1;0;1;0;0;0;0;0;0;0;2;0;0;0;0
"14/06/2024";"05:23:00";"285";"Com vítima";"18,500";"BR-465/RJ";"Decrescente";"Colisão lateral em sentido contrário";1;0;0;1;0;0;0;0;0;0;0;1;1;0;0
"14/06/2024";"11:12:00";"80";"Com vítima";"15,705";"BR-465/RJ";"Crescente";"Colisão traseira";0;0;0;0;0;1;1;0;0;0;1;0;0;0;0
"15/06/2024";"12:13:00";"93";"Com vítima";"115,105";"BR-493/RJ";"Crescente";"Choque";1;0;0;0;0;0;0;0;0;0;0;1;0;0;0
"15/06/2024";"04:17:00";"116";"Com vítima";"169,250";"BR-116/RJ";"Decrescente";"Colisão traseira";0;0;0;0;2;0;0;0;0;0;1;1;0;0;0
"15/06/2024";"04:32:00";"122";"Com vítima";"571,400";"BR-116/RJ";"Crescente";"Choque";1;0;0;0;0;0;0;0;0;0;0;1;0;0;0
"15/06/2024";"05:13:00";"129";"Com vítima";"126,000";"BR-116/RJ";"Crescente";"Queda de moto";0;0;0;1;0;0;0;0;0;0;0;1;0;0;0
"15/06/2024";"06:03:00";"137";"Com vítima";"81,000";"BR-116/RJ";"Decrescente";"Atropelamento de animal";0;0;0;1;0;0;0;0;0;0;0;1;0;0;0
"15/06/2024";"07:03:00";"145";"Com vítima";"187,250";"BR-116/RJ";"Crescente";"Colisão lateral no mesmo sentido";2;0;0;0;0;0;0;0;0;0;0;3;0;0;0
"15/06/2024";"09:03:00";"169";"Com vítima";"49,000";"BR-493/RJ";"Decrescente";"Queda de moto";0;0;0;1;0;0;0;0;0;0;0;2;0;0;0
"15/06/2024";"09:13:00";"173";"Com vítima";"511,883";"BR-116/RJ";"Crescente";"Colisão frontal";1;0;0;0;1;0;0;0;0;0;8;2;1;0;1
"15/06/2024";"09:29:00";"177";"Com vítima";"182,604";"BR-116/RJ";"Crescente";"Queda de moto";1;0;0;1;0;0;0;0;0;0;1;1;0;0;0
"15/06/2024";"10:10:00";"185";"Com vítima";"133,000";"BR-116/RJ";"Crescente";"Colisão lateral no mesmo sentido";2;0;0;0;0;0;0;0;0;0;0;2;0;0;0
"15/06/2024";"11:08:00";"193";"Com vítima";"191,000";"BR-116/RJ";"Decrescente";"Colisão traseira";2;0;0;0;0;0;0;0;0;0;0;2;0;0;0
"15/06/2024";"12:28:00";"208";"Com vítima";"185,800";"BR-116/RJ";"Decrescente";"Engavetamento";6;0;0;0;0;0;0;0;0;0;0;7;1;0;0
"15/06/2024";"01:20:00";"215";"Com vítima";"680,000";"BR-116/RJ";"Decrescente";"Queda de moto";0;0;0;1;0;0;0;0;0;0;0;2;0;0;0
"15/06/2024";"03:27:00";"237";"Com vítima";"10,000";"BR-116/RJ";"Crescente";"Colisão lateral em sentido contrário";1;0;0;0;0;1;0;0;0;0;0;2;0;0;0
"15/06/2024";"08:30:00";"290";"Com vítima";"190,500";"BR-116/RJ";"Crescente";"Choque";1;0;0;0;0;0;0;0;0;0;0;1;0;0;0
"16/06/2024";"12:35:00";"39";"Com vítima";"803,500";"BR-116/RJ";"Crescente";"Capotamento";1;0;0;0;0;0;0;0;0;0;0;1;0;1;0
"16/06/2024";"01:52:00";"46";"Com vítima";"671,809";"BR-116/RJ";"Crescente";"Atropelamento de pedestre";0;0;0;0;0;1;0;0;0;0;1;0;0;0;0
"16/06/2024";"03:06:00";"52";"Com vítima";"720,000";"BR-116/RJ";"Decrescente";"Choque";1;0;0;0;0;0;0;0;0;0;0;1;0;0;0
"16/06/2024";"03:26:00";"54";"Com vítima";"195,000";"BR-116/RJ";"Crescente";"Queda de moto";0;0;0;1;0;0;0;0;0;0;0;1;0;0;0
"16/06/2024";"04:34:00";"61";"Com vítima";"185,000";"BR-116/RJ";"Crescente";"Choque";1;0;0;0;0;0;0;0;0;0;0;0;1;0;2
"16/06/2024";"08:41:00";"101";"Com vítima";"606,000";"BR-116/RJ";"Crescente";"Queda de moto";1;0;0;0;0;0;0;0;0;0;0;1;0;0;0
"16/06/2024";"08:59:00";"104";"Com vítima";"132,000";"BR-116/RJ";"Decrescente";"Colisão traseira";2;0;0;0;0;0;0;0;0;0;1;3;0;0;0
"16/06/2024";"01:53:00";"168";"Com vítima";"79,000";"BR-493/RJ";"Decrescente";"Capotamento";0;0;0;0;0;0;0;0;0;1;0;0;3;1;0
"17/06/2024";"12:38:00";"83";"Com vítima";"142,950";"BR-116/RJ";"Decrescente";"Capotamento";1;0;0;0;0;0;0;0;0;0;0;1;0;0;0
"17/06/2024";"03:17:00";"90";"Com vítima";"136,000";"BR-116/RJ";"Crescente";"Choque";1;0;0;0;0;0;0;0;0;0;0;1;0;0;0
"17/06/2024";"03:49:00";"93";"Sem vítima";"142,200";"BR-116/RJ";"Decrescente";"Colisão traseira";1;0;1;0;0;0;0;0;0;0;2;0;0;0;0
"17/06/2024";"03:58:00";"95";"Com vítima";"190,000";"BR-116/RJ";"Decrescente";"Colisão traseira";2;0;0;0;0;0;0;0;0;0;0;2;0;0;0
"17/06/2024";"04:17:00";"101";"Com vítima";"86,000";"BR-493/RJ";"Decrescente";"Choque";1;0;0;0;0;0;0;0;0;0;0;2;0;0;0
"17/06/2024";"04:22:00";"103";"Sem vítima";"75,000";"BR-116/RJ";"Decrescente";"Colisão lateral em sentido contrário";2;0;0;0;0;0;0;0;0;0;2;0;0;0;0
"17/06/2024";"04:27:00";"104";"Com vítima";"553,970";"BR-116/RJ";"Crescente";"Queda de moto";0;0;0;1;0;0;0;0;0;0;0;2;0;0;0
"17/06/2024";"06:34:00";"119";"Com vítima";"97,000";"BR-493/RJ";"Crescente";"Tombamento";0;0;1;0;0;0;0;0;0;1;0;2;0;0;0
"17/06/2024";"07:47:00";"135";"Sem vítima";"92,150";"BR-116/RJ";"Crescente";"Colisão traseira";1;0;0;0;0;0;0;0;0;0;1;0;0;0;0
"17/06/2024";"09:56:00";"173";"Com vítima";"141,000";"BR-116/RJ";"Decrescente";"Queda de moto";0;0;0;1;0;0;0;0;0;0;0;0;1;0;0
"17/06/2024";"10:21:00";"182";"Com vítima";"411,000";"BR-116/RJ";"Crescente";"Queda de moto";0;1;0;1;0;0;0;0;0;0;0;1;0;0;0
"17/06/2024";"11:25:00";"188";"Com vítima";"58,800";"BR-493/RJ";"Crescente";"Colisão traseira";2;0;0;0;0;0;0;0;0;0;2;0;1;0;0
"17/06/2024";"01:58:00";"215";"Com vítima";"4,718";"BR-465/RJ";"Crescente";"Colisão lateral em sentido contrário";0;0;0;1;0;1;0;0;0;0;1;0;0;0;1
"17/06/2024";"02:16:00";"219";"Com vítima";"761,000";"BR-116/RJ";"Crescente";"Colisão transversal";2;0;0;0;0;0;0;0;0;0;0;3;0;0;0
"17/06/2024";"04:29:00";"247";"Com vítima";"23,836";"BR-493/RJ";"Decrescente";"Queda de moto";0;0;0;1;0;0;0;0;0;0;0;0;1;0;0
"17/06/2024";"05:58:00";"267";"Com vítima";"40,915";"BR-116/RJ";"Decrescente";"Colisão frontal";1;0;0;1;0;0;0;0;0;0;0;3;1;0;0
"17/06/2024";"09:28:00";"10";"Com vítima";"426,308";"BR-116/RJ";"Crescente";"Atropelamento de animal";0;0;0;1;0;0;0;0;0;0;0;0;2;0;0
"18/06/2024";"05:26:00";"140";"Com vítima";"212,300";"BR-116/RJ";"Decrescente";"Colisão traseira";0;0;1;0;0;1;0;0;0;0;0;2;0;0;0
"18/06/2024";"05:32:00";"143";"Com vítima";"5,800";"BR-465/RJ";"Crescente";"Colisão traseira";2;0;0;0;0;0;0;0;0;0;1;2;0;0;0
"18/06/2024";"06:58:00";"162";"Com vítima";"190,000";"BR-116/RJ";"Decrescente";"Queda de moto";0;0;0;1;0;0;0;0;0;0;0;0;1;0;0
"18/06/2024";"07:20:00";"168";"Com vítima";"185,000";"BR-116/RJ";"Decrescente";"Colisão traseira";1;0;0;0;0;0;0;0;0;1;0;2;0;0;0
"18/06/2024";"11:19:00";"222";"Com vítima";"197,900";"BR-116/RJ";"Decrescente";"Colisão traseira";2;0;0;0;0;0;0;0;0;0;0;6;0;0;0
"18/06/2024";"11:32:00";"224";"Com vítima";"200,000";"BR-116/RJ";"Decrescente";"Colisão traseira";1;0;1;0;0;0;0;0;0;0;0;6;0;0;0
"18/06/2024";"11:36:00";"225";"Com vítima";"95,000";"BR-493/RJ";"Decrescente";"Colisão lateral no mesmo sentido";2;0;0;0;0;0;0;0;0;0;0;3;0;0;0
"18/06/2024";"02:35:00";"259";"Com vítima";"16,862";"BR-493/RJ";"Crescente";"Colisão transversal";2;0;0;0;0;0;0;0;0;0;0;2;0;0;0
"18/06/2024";"07:00:00";"301";"Com vítima";"193,483";"BR-116/RJ";"Decrescente";"Queda de moto";0;0;0;1;0;0;0;0;0;0;0;2;0;0;0
"19/06/2024";"07:04:00";"149";"Com vítima";"139,000";"BR-116/RJ";"Crescente";"Atropelamento de ciclista";0;1;0;1;0;0;0;0;0;0;0;0;1;0;0
"19/06/2024";"09:28:00";"178";"Com vítima";"180,411";"BR-116/RJ";"Decrescente";"Colisão lateral no mesmo sentido";1;0;0;1;0;0;0;0;0;0;0;2;0;0;0
"19/06/2024";"09:55:00";"182";"Com vítima";"529,000";"BR-116/RJ";"Decrescente";"Colisão traseira";1;0;0;1;0;0;0;0;0;0;0;2;0;0;0
"19/06/2024";"10:12:00";"183";"Com vítima";"83,000";"BR-116/RJ";"Crescente";"Queda de moto";0;0;0;1;0;0;0;0;0;0;0;0;1;0;0
"19/06/2024";"10:23:00";"189";"Com vítima";"761,550";"BR-116/RJ";"Decrescente";"Colisão transversal";1;0;0;1;0;0;0;0;0;0;0;1;2;0;0
"19/06/2024";"10:55:00";"196";"Com vítima";"539,469";"BR-116/RJ";"Crescente";"Saída de pista";0;0;0;1;0;0;0;0;0;0;0;1;0;0;0
"19/06/2024";"01:57:00";"227";"Com vítima";"52,000";"BR-493/RJ";"Crescente";"Choque";1;0;0;0;0;0;0;0;0;0;0;1;0;0;0
"19/06/2024";"02:11:00";"231";"Com vítima";"19,673";"BR-116/RJ";"Crescente";"Colisão traseira";1;0;0;0;0;1;0;0;0;0;3;2;0;0;0
"19/06/2024";"03:00:00";"241";"Com vítima";"5,300";"BR-465/RJ";"Decrescente";"Colisão traseira";1;0;0;0;0;1;0;0;0;0;1;1;0;0;0
"19/06/2024";"03:01:00";"242";"Com vítima";"95,000";"BR-116/RJ";"Crescente";"Engavetamento";3;0;0;0;0;0;0;0;0;0;0;3;0;0;0
"19/06/2024";"03:08:00";"243";"Com vítima";"101,328";"BR-116/RJ";"Decrescente";"Queda de moto";0;0;0;1;0;0;0;0;0;0;0;2;0;0;0
"19/06/2024";"06:07:00";"283";"Com vítima";"211,000";"BR-116/RJ";"Crescente";"Choque";1;0;0;0;0;0;0;0;0;0;0;1;0;0;0
"19/06/2024";"06:37:00";"291";"Com vítima";"192,900";"BR-116/RJ";"Crescente";"Colisão lateral no mesmo sentido";1;0;0;0;0;0;0;0;0;0;0;2;0;0;0
"19/06/2024";"06:50:00";"294";"Sem vítima";"3,000";"BR-465/RJ";"Decrescente";"Choque";1;0;0;0;0;0;0;0;0;0;1;0;0;0;0
"19/06/2024";"07:48:00";"303";"Com vítima";"66,502";"BR-493/RJ";"Decrescente";"Atropelamento de animal";1;0;0;0;0;0;0;0;0;0;0;2;1;1;0
"20/06/2024";"02:15:00";"139";"Com vítima";"76,300";"BR-493/RJ";"Crescente";"Atropelamento de animal";1;0;0;0;0;0;0;0;0;0;0;3;0;0;0
"20/06/2024";"02:46:00";"144";"Com vítima";"147,000";"BR-116/RJ";"Crescente";"Atropelamento de animal";0;0;0;1;0;0;0;0;0;0;0;0;2;0;0
"20/06/2024";"03:51:00";"154";"Com vítima";"147,000";"BR-116/RJ";"Crescente";"Colisão traseira";1;0;0;1;0;0;0;0;0;0;1;1;1;0;0
"20/06/2024";"04:33:00";"163";"Com vítima";"146,200";"BR-116/RJ";"Crescente";"Queda de moto";0;0;0;1;0;0;0;0;0;0;0;1;0;0;0
"20/06/2024";"04:40:00";"164";"Com vítima";"184,200";"BR-116/RJ";"Decrescente";"Colisão lateral no mesmo sentido";1;0;0;1;0;0;0;0;0;0;0;2;0;0;0
"20/06/2024";"04:52:00";"168";"Com vítima";"186,150";"BR-116/RJ";"Decrescente";"Engavetamento";2;0;0;1;0;0;0;0;0;0;0;4;0;1;0
"20/06/2024";"05:28:00";"177";"Com vítima";"188,500";"BR-116/RJ";"Decrescente";"Engavetamento";1;0;0;2;0;0;0;0;0;0;0;3;1;0;0
"20/06/2024";"08:56:00";"213";"Com vítima";"524,000";"BR-116/RJ";"Crescente";"Queda de moto";0;0;0;1;0;0;0;0;0;0;0;1;0;0;0
"20/06/2024";"12:53:00";"265";"Com vítima";"208,872";"BR-116/RJ";"Crescente";"Engavetamento";1;0;1;0;0;1;0;0;0;1;0;2;2;0;0
"20/06/2024";"03:02:00";"293";"Com vítima";"197,000";"BR-116/RJ";"Crescente";"Colisão lateral no mesmo sentido";0;0;0;1;0;0;0;0;0;0;0;1;0;0;0
"20/06/2024";"03:31:00";"299";"Com vítima";"703,280";"BR-116/RJ";"Decrescente";"Colisão traseira";1;0;0;1;0;0;0;0;0;0;1;0;1;0;0
"20/06/2024";"04:27:00";"312";"Com vítima";"483,700";"BR-116/RJ";"Decrescente";"Saída de pista";1;0;0;0;0;0;0;0;0;0;0;1;0;0;0
"20/06/2024";"04:36:00";"315";"Sem vítima";"139,000";"BR-116/RJ";"Decrescente";"Choque";1;0;0;0;0;0;0;0;0;0;1;0;0;0;0
"20/06/2024";"06:49:00";"337";"Sem vítima";"147,446";"BR-116/RJ";"Crescente";"Choque";2;0;0;0;0;0;0;0;0;0;2;0;0;0;0
"20/06/2024";"09:03:00";"1";"Com vítima";"642,833";"BR-116/RJ";"Crescente";"Saída de pista";1;0;0;0;0;0;0;0;0;0;0;1;0;0;0
"21/06/2024";"03:05:00";"99";"Com vítima";"112,000";"BR-493/RJ";"Crescente";"Choque";1;0;0;0;0;0;0;0;0;0;0;5;0;0;0
"21/06/2024";"06:26:00";"131";"Com vítima";"14,000";"BR-465/RJ";"Crescente";"Atropelamento de pedestre";0;0;0;1;0;0;0;0;0;0;1;0;1;0;0
"21/06/2024";"07:37:00";"147";"Sem vítima";"14,000";"BR-465/RJ";"Decrescente";"Colisão traseira";1;0;0;1;0;0;0;0;0;0;2;0;0;0;0
"21/06/2024";"08:36:00";"163";"Sem vítima";"454,000";"BR-116/RJ";"Decrescente";"Saída de pista";1;0;0;0;0;0;0;0;0;0;1;0;0;0;0
"21/06/2024";"11:59:00";"202";"Com vítima";"101,000";"BR-493/RJ";"Decrescente";"Colisão traseira";1;0;0;0;0;1;0;0;0;0;0;2;0;0;0
"21/06/2024";"12:27:00";"207";"Com vítima";"187,000";"BR-116/RJ";"Decrescente";"Colisão traseira";2;0;0;0;0;0;0;0;0;0;0;3;0;0;0
"21/06/2024";"01:09:00";"221";"Com vítima";"193,000";"BR-116/RJ";"Decrescente";"Colisão traseira";1;0;0;0;0;0;0;0;1;0;0;2;0;0;0
"21/06/2024";"03:48:00";"250";"Sem vítima";"174,000";"BR-116/RJ";"Crescente";"Engavetamento";2;0;0;1;0;0;0;0;0;0;3;0;0;0;0
"21/06/2024";"04:59:00";"272";"Com vítima";"143,432";"BR-116/RJ";"Decrescente";"Engavetamento";2;0;0;0;0;0;0;0;0;1;0;3;0;0;0
"21/06/2024";"06:03:00";"278";"Sem vítima";"201,555";"BR-116/RJ";"Crescente";"Choque";1;0;0;0;0;0;0;0;0;0;1;0;0;0;0
"21/06/2024";"06:31:00";"283";"Sem vítima";"414,420";"BR-116/RJ";"Decrescente";"Queda de moto";0;0;0;1;0;0;0;0;0;0;1;0;0;0;0
"21/06/2024";"06:48:00";"286";"Sem vítima";"179,332";"BR-116/RJ";"Decrescente";"Choque";1;0;0;0;1;0;0;0;0;0;2;0;0;0;0
"21/06/2024";"07:16:00";"292";"Com vítima";"179,332";"BR-116/RJ";"Decrescente";"Queda de moto";0;0;0;1;0;0;0;0;0;0;0;2;0;0;0
"21/06/2024";"09:23:00";"10";"Sem vítima";"112,484";"BR-493/RJ";"Crescente";"Atropelamento de animal";0;0;0;0;0;1;0;0;0;0;2;0;0;0;0
"21/06/2024";"09:29:00";"14";"Sem vítima";"455,430";"BR-116/RJ";"Crescente";"Colisão traseira";1;0;0;0;0;0;0;0;0;0;1;0;0;0;0
"22/06/2024";"04:26:00";"110";"Com vítima";"20,879";"BR-493/RJ";"Crescente";"Colisão lateral no mesmo sentido";0;0;1;1;0;0;0;0;0;0;1;2;0;0;0
"22/06/2024";"09:49:00";"191";"Com vítima";"97,000";"BR-116/RJ";"Decrescente";"Queda de moto";0;0;0;1;0;0;0;0;0;0;0;2;0;0;0
"22/06/2024";"10:06:00";"198";"Com vítima";"745,000";"BR-116/RJ";"Crescente";"Colisão transversal";1;0;0;1;0;0;0;0;0;0;0;0;0;0;3
"22/06/2024";"10:18:00";"201";"Com vítima";"173,000";"BR-116/RJ";"Crescente";"Colisão traseira";0;0;0;1;0;0;0;0;0;1;0;1;1;0;0
"22/06/2024";"11:27:00";"213";"Sem vítima";"634,000";"BR-116/RJ";"Crescente";"Colisão traseira";1;0;0;0;0;0;0;0;0;0;1;0;0;0;0
"22/06/2024";"11:42:00";"215";"Com vítima";"174,000";"BR-116/RJ";"Decrescente";"Colisão traseira";2;0;0;0;0;0;0;0;0;0;0;5;0;0;0
"22/06/2024";"12:11:00";"220";"Com vítima";"173,000";"BR-116/RJ";"Decrescente";"Choque";1;0;0;0;0;0;0;0;0;0;0;1;0;0;0
"22/06/2024";"12:37:00";"226";"Com vítima";"21,884";"BR-116/RJ";"Decrescente";"Queda de moto";0;0;0;1;0;0;0;0;0;0;0;1;0;0;0
"22/06/2024";"01:41:00";"245";"Com vítima";"182,000";"BR-116/RJ";"Decrescente";"Colisão lateral no mesmo sentido";0;0;0;1;1;0;0;0;0;0;1;0;1;0;0
"22/06/2024";"02:42:00";"259";"Sem vítima";"185,100";"BR-116/RJ";"Crescente";"Colisão lateral no mesmo sentido";1;0;1;0;0;0;0;0;0;0;2;0;0;0;0
"22/06/2024";"04:06:00";"280";"Sem vítima";"142,000";"BR-116/RJ";"Decrescente";"Colisão traseira";2;0;0;0;0;0;0;0;0;0;3;0;0;0;0
"22/06/2024";"05:17:00";"298";"Sem vítima";"605,822";"BR-116/RJ";"Decrescente";"Colisão transversal";2;0;0;0;0;0;0;0;0;0;3;0;0;0;0
"22/06/2024";"07:45:00";"315";"Com vítima";"83,956";"BR-116/RJ";"Crescente";"Colisão transversal";2;0;0;0;0;0;0;0;0;0;0;5;1;0;1
"22/06/2024";"08:30:00";"324";"Com vítima";"0,350";"BR-465/RJ";"Crescente";"Colisão traseira";1;0;0;0;0;1;0;0;0;0;1;1;1;0;0
"22/06/2024";"08:43:00";"327";"Sem vítima";"583,000";"BR-116/RJ";"Decrescente";"Choque";1;0;0;0;0;0;0;0;0;0;1;0;0;0;0
"23/06/2024";"12:43:00";"15";"Com vítima";"190,000";"BR-116/RJ";"Crescente";"Colisão traseira";1;0;0;0;0;0;0;0;0;0;0;0;1;0;0
"23/06/2024";"02:57:00";"32";"Com vítima";"110,748";"BR-116/RJ";"Decrescente";"Colisão traseira";2;0;0;0;0;0;0;0;0;0;1;1;0;0;0
"23/06/2024";"03:25:00";"33";"Com vítima";"626,000";"BR-116/RJ";"Decrescente";"Atropelamento de animal";1;0;0;0;0;0;0;0;0;0;0;5;0;0;0
"23/06/2024";"03:50:00";"38";"Com vítima";"124,456";"BR-116/RJ";"Crescente";"Capotamento";1;0;0;0;0;0;0;0;0;0;0;1;0;0;0
"23/06/2024";"08:24:00";"87";"Com vítima";"577,201";"BR-116/RJ";"Crescente";"Engavetamento";2;0;0;1;0;0;0;0;0;0;2;3;1;0;0
"23/06/2024";"08:33:00";"91";"Com vítima";"529,000";"BR-116/RJ";"Decrescente";"Queda de moto";0;0;0;1;0;0;0;0;0;0;0;2;0;0;0
"23/06/2024";"09:58:00";"100";"Com vítima";"752,000";"BR-116/RJ";"Crescente";"Colisão transversal";2;0;0;0;0;0;0;0;0;0;0;8;1;0;0
"23/06/2024";"11:58:00";"130";"Com vítima";"17,000";"BR-465/RJ";"Decrescente";"Colisão traseira";2;0;0;0;0;0;0;0;0;0;0;2;0;0;0