data;horario;n_da_ocorrencia;tipo_de_ocorrencia;km;trecho;sentido;tipo_de_acidente;automovel;bicicleta;caminhao;moto;onibus;outros;tracao_animal;transporte_de_cargas_especiais;trator_maquinas;utilitarios;ilesos;levemente_feridos;moderadamente_feridos;gravemente_feridos;mortos
"23/06/2024";"06:23:00";"208";"Com vítima";"3,975";"BR-465/RJ";"Crescente";"Colisão frontal";2;0;0;0;0;0;0;0;0;0;1;2;2;0;0
"23/06/2024";"07:03:00";"216";"Com vítima";"22,216";"BR-493/RJ";"Crescente";"Choque";1;0;0;0;0;1;0;0;0;0;1;1;0;0;0
"23/06/2024";"09:35:00";"24";"Com vítima";"181,500";"BR-116/RJ";"Decrescente";"Colisão traseira";2;0;0;0;0;0;0;0;0;0;1;0;2;0;0
"24/06/2024";"02:41:00";"96";"Com vítima";"661,050";"BR-116/RJ";"Decrescente";"Choque";1;0;0;0;0;0;0;0;0;0;0;1;0;0;0
"24/06/2024";"04:45:00";"109";"Com vítima";"102,500";"BR-493/RJ";"Decrescente";"Atropelamento de animal";1;0;0;0;0;0;0;0;0;0;0;4;0;0;0
"24/06/2024";"05:57:00";"124";"Com vítima";"101,900";"BR-493/RJ";"Crescente";"Choque";1;0;0;0;0;0;0;0;0;0;0;2;0;0;0
"24/06/2024";"06:39:00";"135";"Com vítima";"21,630";"BR-493/RJ";"Decrescente";"Colisão traseira";0;0;1;0;0;1;0;0;0;0;0;4;0;0;0
"24/06/2024";"08:25:00";"147";"Sem vítima";"771,000";"BR-116/RJ";"Crescente";"Choque";1;0;0;0;0;0;0;0;0;0;1;0;0;0;0
"24/06/2024";"09:55:00";"162";"Com vítima";"183,000";"BR-116/RJ";"Crescente";"Colisão traseira";1;0;0;1;0;0;0;0;0;0;1;1;0;0;0
"24/06/2024";"10:27:00";"169";"Com vítima";"103,000";"BR-493/RJ";"Decrescente";"Choque";0;0;0;1;0;0;0;0;0;0;0;1;0;0;0
"24/06/2024";"10:40:00";"175";"Com vítima";"185,000";"BR-116/RJ";"Decrescente";"Queda de moto";0;0;0;1;0;0;0;0;0;0;0;1;0;0;0
"24/06/2024";"12:03:00";"187";"Sem vítima";"200,000";"BR-116/RJ";"Decrescente";"Colisão traseira";1;0;1;0;0;0;0;0;0;0;2;0;0;0;0
"24/06/2024";"02:17:00";"212";"Com vítima";"42,100";"BR-116/RJ";"Crescente";"Queda de moto";0;0;0;1;0;0;0;0;0;0;0;1;0;0;0
"24/06/2024";"02:31:00";"216";"Com vítima";"185,000";"BR-116/RJ";"Decrescente";"Queda de moto";0;0;0;1;0;0;0;0;0;0;0;0;1;0;0
"24/06/2024";"02:58:00";"221";"Com vítima";"194,000";"BR-116/RJ";"Crescente";"Atropelamento de pedestre";0;0;0;1;0;0;0;0;0;0;1;0;0;0;0
"24/06/2024";"03:11:00";"224";"Com vítima";"180,319";"BR-116/RJ";"Crescente";"Colisão lateral no mesmo sentido";1;0;0;0;0;0;0;0;0;0;0;0;1;0;0
"24/06/2024";"04:34:00";"240";"Com vítima";"110,000";"BR-116/RJ";"Decrescente";"Colisão lateral em sentido contrário";0;1;0;1;0;0;0;0;0;0;0;2;0;0;0
"24/06/2024";"08:06:00";"277";"Com vítima";"67,959";"BR-493/RJ";"Crescente";"Choque";1;0;0;0;0;0;0;0;0;0;0;1;0;0;0
"25/06/2024";"02:52:00";"26";"Com vítima";"184,000";"BR-116/RJ";"Decrescente";"Queda de moto";0;0;0;1;0;0;0;0;0;0;0;1;0;0;0
"25/06/2024";"08:18:00";"83";"Com vítima";"545,000";"BR-116/RJ";"Decrescente";"Queda de moto";0;0;0;1;0;0;0;0;0;0;0;0;1;0;0
"25/06/2024";"02:39:00";"165";"Com vítima";"13,948";"BR-116/RJ";"Crescente";"Tombamento";0;0;1;0;0;0;0;0;0;0;0;0;1;0;0
"25/06/2024";"04:17:00";"186";"Com vítima";"182,400";"BR-116/RJ";"Crescente";"Queda de moto";2;0;0;1;0;0;0;0;0;0;2;1;0;0;0
"26/06/2024";"12:50:00";"129";"Com vítima";"698,800";"BR-116/RJ";"Crescente";"Atropelamento de animal";0;0;1;0;0;0;0;0;0;0;1;0;0;0;0
"26/06/2024";"02:19:00";"141";"Com vítima";"212,900";"BR-116/RJ";"Decrescente";"Engavetamento";0;0;1;0;0;0;0;0;0;2;0;3;0;0;0
"26/06/2024";"02:53:00";"146";"Com vítima";"182,000";"BR-116/RJ";"Decrescente";"Queda de moto";0;0;0;1;0;0;0;0;0;0;0;1;1;0;0
"26/06/2024";"04:41:00";"161";"Com vítima";"20,000";"BR-465/RJ";"Decrescente";"Atropelamento de pedestre";0;0;0;1;0;0;0;0;0;0;1;0;1;0;0
"26/06/2024";"05:03:00";"169";"Com vítima";"1,455";"BR-493/RJ";"Decrescente";"Atropelamento de pedestre";0;0;0;1;0;0;0;0;0;0;2;1;0;0;0
"26/06/2024";"05:15:00";"170";"Com vítima";"19,000";"BR-493/RJ";"Decrescente";"Atropelamento de ciclista";0;1;0;1;0;0;0;0;0;0;1;0;0;0;0
"26/06/2024";"07:16:00";"204";"Com vítima";"5,000";"BR-465/RJ";"Decrescente";"Colisão lateral em sentido contrário";0;0;0;1;1;0;0;0;0;0;0;3;0;0;0
"26/06/2024";"08:34:00";"218";"Com vítima";"493,000";"BR-116/RJ";"Crescente";"Queda de moto";0;0;0;1;0;0;0;0;0;0;0;1;0;0;0
"26/06/2024";"10:18:00";"245";"Com vítima";"559,000";"BR-116/RJ";"Crescente";"Saída de pista";1;0;0;0;0;0;0;0;0;0;0;1;0;0;0
"26/06/2024";"12:33:00";"273";"Com vítima";"497,372";"BR-116/RJ";"Decrescente";"Capotamento";1;0;1;0;0;0;0;0;0;0;1;0;1;0;0
"26/06/2024";"12:44:00";"274";"Com vítima";"184,000";"BR-116/RJ";"Crescente";"Queda de moto";0;0;0;1;0;0;0;0;0;0;0;0;1;0;0
"26/06/2024";"01:42:00";"289";"Com vítima";"510,325";"BR-116/RJ";"Crescente";"Tombamento";0;0;0;0;0;0;0;0;0;1;0;0;1;0;0
"26/06/2024";"01:45:00";"291";"Sem vítima";"52,836";"BR-493/RJ";"Crescente";"Colisão lateral no mesmo sentido";2;0;0;0;0;0;0;0;0;0;2;0;0;0;0
"26/06/2024";"03:10:00";"309";"Com vítima";"183,678";"BR-116/RJ";"Decrescente";"Choque";1;0;0;0;0;0;0;0;0;0;0;2;0;0;0
"26/06/2024";"05:45:00";"344";"Com vítima";"32,964";"BR-116/RJ";"Decrescente";"Colisão lateral no mesmo sentido";0;0;0;0;0;2;0;0;0;0;1;0;0;1;0
"26/06/2024";"07:11:00";"354";"Com vítima";"48,287";"BR-493/RJ";"Crescente";"Queda de moto";0;0;0;1;0;0;0;0;0;0;1;1;0;0;0
"26/06/2024";"08:56:00";"363";"Sem vítima";"181,100";"BR-116/RJ";"Decrescente";"Colisão lateral no mesmo sentido";0;0;2;0;0;1;0;0;0;0;3;0;0;0;0
"27/06/2024";"01:04:00";"87";"Com vítima";"145,762";"BR-116/RJ";"Crescente";"Colisão traseira";1;0;0;0;0;1;0;0;0;0;1;1;1;0;0
"27/06/2024";"01:19:00";"103";"Sem vítima";"4,000";"BR-465/RJ";"Crescente";"Colisão traseira";0;0;0;0;1;1;0;0;0;0;2;0;0;0;0
"27/06/2024";"03:43:00";"119";"Com vítima";"173,200";"BR-116/RJ";"Decrescente";"Engavetamento";2;0;1;0;0;0;0;0;0;0;0;5;0;0;0
"27/06/2024";"04:03:00";"127";"Sem vítima";"509,080";"BR-116/RJ";"Decrescente";"Colisão lateral no mesmo sentido";0;0;1;0;0;0;0;0;0;1;2;0;0;0;0
"27/06/2024";"05:19:00";"141";"Com vítima";"176,000";"BR-116/RJ";"Decrescente";"Colisão traseira";2;0;0;0;0;0;0;0;0;0;0;2;0;0;0
"27/06/2024";"06:00:00";"151";"Com vítima";"184,500";"BR-116/RJ";"Crescente";"Colisão lateral no mesmo sentido";1;0;0;1;0;0;0;0;0;0;0;3;0;0;0
"27/06/2024";"08:09:00";"198";"Sem vítima";"414,000";"BR-116/RJ";"Crescente";"Colisão lateral no mesmo sentido";2;0;0;0;0;0;0;0;0;0;2;0;0;0;0
"27/06/2024";"08:50:00";"203";"Com vítima";"98,000";"BR-116/RJ";"Crescente";"Queda de moto";0;0;0;1;0;0;0;0;0;0;0;1;1;0;0
"27/06/2024";"09:28:00";"213";"Com vítima";"463,000";"BR-116/RJ";"Crescente";"Saída de pista";0;0;0;0;0;1;0;0;0;0;0;1;0;0;0
"27/06/2024";"01:01:00";"259";"Com vítima";"772,000";"BR-116/RJ";"Crescente";"Colisão lateral no mesmo sentido";0;0;1;0;0;1;0;0;0;0;0;2;0;0;0
"27/06/2024";"01:47:00";"273";"Com vítima";"12,800";"BR-465/RJ";"Decrescente";"Atropelamento de ciclista";1;1;0;0;0;0;0;0;0;0;0;1;0;0;0
"27/06/2024";"02:59:00";"290";"Com vítima";"172,000";"BR-116/RJ";"Crescente";"Engavetamento";3;0;0;0;0;0;0;0;0;0;1;2;0;0;0
"27/06/2024";"06:50:00";"324";"Com vítima";"0,230";"BR-493/RJ";"Decrescente";"Colisão frontal";1;0;0;1;0;0;0;0;0;0;1;0;0;2;0
"27/06/2024";"11:19:00";"104";"Sem vítima";"107,121";"BR-116/RJ";"Decrescente";"Choque";1;0;0;0;0;0;0;0;0;0;1;0;0;0;0
"28/06/2024";"01:29:00";"113";"Com vítima";"694,046";"BR-116/RJ";"Decrescente";"Capotamento";1;0;0;0;0;0;0;0;0;0;0;1;0;0;0
"28/06/2024";"05:03:00";"139";"Com vítima";"641,400";"BR-116/RJ";"Decrescente";"Tombamento";0;0;0;0;0;1;0;0;0;0;0;1;0;0;0
"28/06/2024";"07:10:00";"168";"Com vítima";"186,000";"BR-116/RJ";"Decrescente";"Colisão lateral no mesmo sentido";1;0;0;1;0;0;0;0;0;0;0;1;2;0;0
"28/06/2024";"08:24:00";"187";"Sem vítima";"174,000";"BR-116/RJ";"Decrescente";"Colisão traseira";2;0;0;0;0;0;0;0;0;0;2;0;0;0;0
"28/06/2024";"09:01:00";"195";"Sem vítima";"14,000";"BR-493/RJ";"Crescente";"Colisão lateral no mesmo sentido";2;0;0;0;0;0;0;0;0;0;2;0;0;0;0
"28/06/2024";"12:12:00";"248";"Com vítima";"174,000";"BR-116/RJ";"Crescente";"Colisão traseira";1;0;0;0;0;0;0;0;0;1;0;3;0;0;0
"28/06/2024";"01:29:00";"264";"Com vítima";"194,000";"BR-116/RJ";"Decrescente";"Engavetamento";2;0;0;0;1;0;0;0;0;0;0;3;0;0;0
"28/06/2024";"02:04:00";"278";"Com vítima";"180,400";"BR-116/RJ";"Crescente";"Queda de moto";0;0;0;1;0;0;0;0;0;0;0;0;1;0;0
"28/06/2024";"06:10:00";"355";"Sem vítima";"173,400";"BR-116/RJ";"Decrescente";"Engavetamento";1;0;0;0;0;1;0;0;0;0;4;0;0;0;0
"28/06/2024";"06:30:00";"358";"Com vítima";"140,721";"BR-116/RJ";"Crescente";"Colisão frontal";1;0;0;1;0;0;0;0;0;0;0;1;0;0;1
"28/06/2024";"07:42:00";"373";"Com vítima";"19,700";"BR-465/RJ";"Decrescente";"Atropelamento de ciclista";0;1;1;0;0;0;0;0;0;0;1;0;0;0;0
"28/06/2024";"07:45:00";"372";"Com vítima";"103,223";"BR-116/RJ";"Crescente";"Engavetamento";3;0;1;0;0;0;0;0;0;0;1;6;0;0;0
"29/06/2024";"12:22:00";"102";"Com vítima";"84,400";"BR-116/RJ";"Crescente";"Queda de moto";0;0;0;1;0;0;0;0;0;0;0;0;1;0;0
"29/06/2024";"12:51:00";"108";"Com vítima";"176,835";"BR-116/RJ";"Crescente";"Colisão lateral no mesmo sentido";2;0;0;0;0;0;0;0;0;0;0;5;0;0;0
"29/06/2024";"02:07:00";"120";"Sem vítima";"122,000";"BR-493/RJ";"Crescente";"Choque";1;0;0;0;0;0;0;0;0;0;1;0;0;0;0
"29/06/2024";"04:27:00";"138";"Com vítima";"94,000";"BR-116/RJ";"Crescente";"Colisão traseira";2;0;0;0;0;0;0;0;0;0;0;2;0;0;0
"29/06/2024";"04:54:00";"141";"Com vítima";"36,000";"BR-116/RJ";"Crescente";"Queda de moto";0;0;0;1;0;0;0;0;0;0;0;1;0;0;0
"29/06/2024";"08:35:00";"191";"Com vítima";"170,259";"BR-116/RJ";"Crescente";"Colisão lateral no mesmo sentido";1;0;0;0;1;0;0;0;0;0;1;0;2;0;0
"29/06/2024";"10:26:00";"213";"Com vítima";"531,000";"BR-116/RJ";"Decrescente";"Queda de moto";0;0;0;1;0;0;0;0;0;0;0;2;0;0;0
"29/06/2024";"12:31:00";"239";"Com vítima";"173,000";"BR-116/RJ";"Decrescente";"Queda de moto";0;0;0;1;0;0;0;0;0;0;0;1;1;0;0
"29/06/2024";"01:24:00";"253";"Com vítima";"0,800";"BR-493/RJ";"Crescente";"Atropelamento de pedestre";1;0;0;0;0;0;0;0;0;0;0;2;0;0;0
"29/06/2024";"02:21:00";"261";"Sem vítima";"522,125";"BR-116/RJ";"Decrescente";"Choque";1;0;0;0;0;0;0;0;0;0;1;0;0;0;0
"29/06/2024";"02:56:00";"267";"Com vítima";"98,893";"BR-116/RJ";"Crescente";"Colisão lateral em sentido contrário";2;0;0;0;0;0;0;0;0;0;0;3;1;0;0
"29/06/2024";"03:10:00";"269";"Com vítima";"762,000";"BR-116/RJ";"Decrescente";"Colisão transversal";0;0;1;1;0;0;0;0;0;0;1;1;0;0;0
"29/06/2024";"03:52:00";"277";"Com vítima";"101,000";"BR-116/RJ";"Crescente";"Queda de moto";0;0;0;1;0;0;0;0;0;0;0;1;0;0;0
"29/06/2024";"04:06:00";"280";"Sem vítima";"174,800";"BR-116/RJ";"Crescente";"Colisão traseira";2;0;0;0;0;0;0;0;0;0;3;0;0;0;0
"29/06/2024";"05:24:00";"299";"Com vítima";"52,249";"BR-493/RJ";"Decrescente";"Atropelamento de animal";1;0;0;0;0;1;0;0;0;0;2;1;1;0;0
"29/06/2024";"05:35:00";"303";"Com vítima";"187,700";"BR-116/RJ";"Decrescente";"Atropelamento de animal";0;0;0;1;0;0;0;0;0;0;0;0;1;0;0
"29/06/2024";"08:13:00";"325";"Com vítima";"0,300";"BR-493/RJ";"Crescente";"Colisão frontal";2;0;0;0;0;0;0;0;0;0;0;3;0;0;0
"29/06/2024";"10:12:00";"10";"Sem vítima";"112,000";"BR-493/RJ";"Decrescente";"Saída de pista";1;0;0;0;0;0;0;0;0;0;1;0;0;0;0
"30/06/2024";"12:06:00";"27";"Com vítima";"193,066";"BR-116/RJ";"Decrescente";"Atropelamento de animal";0;0;0;0;0;1;0;0;0;0;0;1;0;0;0
"30/06/2024";"02:36:00";"35";"Com vítima";"802,163";"BR-116/RJ";"Decrescente";"Capotamento";1;0;0;0;0;0;0;0;0;0;0;2;0;1;0
"30/06/2024";"02:39:00";"36";"Com vítima";"581,500";"BR-116/RJ";"Decrescente";"Colisão traseira";1;0;0;1;0;0;0;0;0;0;0;0;1;0;1
"30/06/2024";"03:01:00";"38";"Sem vítima";"176,000";"BR-116/RJ";"Crescente";"Choque";1;0;0;0;0;0;0;0;0;0;1;0;0;0;0
"30/06/2024";"05:48:00";"62";"Sem vítima";"82,000";"BR-493/RJ";"Decrescente";"Choque";1;0;0;0;0;0;0;0;0;0;1;0;0;0;0
"30/06/2024";"08:15:00";"85";"Com vítima";"549,000";"BR-116/RJ";"Decrescente";"Colisão transversal";1;0;0;0;0;1;0;0;0;0;2;1;1;0;0
"30/06/2024";"08:37:00";"87";"Com vítima";"189,000";"BR-116/RJ";"Crescente";"Colisão traseira";2;0;0;0;0;0;0;0;0;0;0;2;0;0;0
"30/06/2024";"09:51:00";"101";"Com vítima";"104,300";"BR-116/RJ";"Decrescente";"Choque";1;0;0;0;0;0;0;0;0;0;0;5;0;0;0
"30/06/2024";"09:52:00";"102";"Com vítima";"189,000";"BR-116/RJ";"Decrescente";"Queda de moto";0;0;0;1;0;0;0;0;0;0;0;0;1;0;0
"30/06/2024";"10:30:00";"109";"Com vítima";"118,000";"BR-116/RJ";"Crescente";"Colisão traseira";2;0;0;0;0;0;0;0;0;0;0;2;0;0;0
"30/06/2024";"10:32:00";"111";"Com vítima";"20,000";"BR-465/RJ";"Decrescente";"Colisão transversal";1;0;0;1;0;0;0;0;0;0;0;1;2;0;0
"30/06/2024";"10:48:00";"114";"Com vítima";"0,573";"BR-465/RJ";"Crescente";"Choque";1;0;0;0;0;0;0;0;0;0;0;1;0;0;0
"30/06/2024";"12:16:00";"127";"Com vítima";"133,368";"BR-116/RJ";"Decrescente";"Choque";1;0;0;0;0;0;0;0;0;0;0;0;1;0;0
"30/06/2024";"12:46:00";"133";"Sem vítima";"22,800";"BR-465/RJ";"Decrescente";"Choque";1;0;0;0;0;0;0;0;0;0;1;0;0;0;0
"30/06/2024";"01:17:00";"139";"Com vítima";"191,000";"BR-116/RJ";"Decrescente";"Queda de moto";0;0;0;1;0;0;0;0;0;0;0;1;0;0;0
"30/06/2024";"03:27:00";"163";"Com vítima";"780,000";"BR-116/RJ";"Crescente";"Engavetamento";3;0;0;0;0;1;0;0;0;0;0;7;0;0;0
"30/06/2024";"04:01:00";"168";"Sem vítima";"190,000";"BR-116/RJ";"Crescente";"Saída de pista";1;0;0;0;0;0;0;0;0;0;1;0;0;0;0
"30/06/2024";"05:42:00";"187";"Com vítima";"103,000";"BR-116/RJ";"Decrescente";"Saída de pista";1;0;0;0;0;0;0;0;0;0;0;1;0;0;0
"30/06/2024";"06:52:00";"199";"Com vítima";"99,000";"BR-116/RJ";"Crescente";"Saída de pista";0;0;0;0;0;0;0;0;0;1;0;2;0;0;0
"30/06/2024";"06:59:00";"201";"Com vítima";"62,000";"BR-493/RJ";"Decrescente";"Atropelamento de animal";1;0;0;0;0;0;0;0;0;0;0;2;0;0;0
"30/06/2024";"10:23:00";"42";"Com vítima";"197,000";"BR-116/RJ";"Crescente";"Queda de moto";0;0;0;1;0;0;0;0;0;0;0;1;0;0;0
"01/07/2024";"03:26:00";"89";"Sem vítima";"181,000";"BR-116/RJ";"Crescente";"Colisão traseira";2;0;0;0;0;0;0;0;0;0;2;0;0;0;0
"01/07/2024";"03:42:00";"93";"Sem vítima";"208,000";"BR-116/RJ";"Crescente";"Choque";1;0;0;0;0;0;0;0;0;0;1;0;0;0;0
"01/07/2024";"03:49:00";"100";"Com vítima";"758,000";"BR-116/RJ";"Decrescente";"Atropelamento de animal";0;0;0;0;0;1;0;0;0;0;0;1;0;0;0
"01/07/2024";"04:09:00";"103";"Com vítima";"181,000";"BR-116/RJ";"Decrescente";"Colisão transversal";1;0;0;1;0;0;0;0;0;0;2;0;2;0;0
"01/07/2024";"04:14:00";"105";"Com vítima";"173,552";"BR-116/RJ";"Decrescente";"Colisão traseira";0;0;0;1;0;0;0;0;0;1;1;1;0;0;0
"01/07/2024";"04:37:00";"113";"Com vítima";"776,000";"BR-116/RJ";"Decrescente";"Saída de pista";1;0;0;0;0;0;0;0;0;0;0;1;0;0;0
"01/07/2024";"05:20:00";"121";"Com vítima";"780,000";"BR-116/RJ";"Crescente";"Capotamento";1;0;0;0;0;0;0;0;0;0;0;3;0;0;0
"01/07/2024";"07:15:00";"145";"Com vítima";"813,000";"BR-116/RJ";"Decrescente";"Capotamento";1;0;0;0;0;0;0;0;0;0;0;1;0;0;0
"01/07/2024";"07:19:00";"146";"Com vítima";"418,000";"BR-116/RJ";"Crescente";"Queda de moto";0;0;0;1;0;0;0;0;0;0;0;1;0;0;0
"01/07/2024";"09:02:00";"173";"Com vítima";"416,000";"BR-116/RJ";"Decrescente";"Colisão traseira";1;0;0;1;0;0;0;0;0;0;0;2;0;0;0
"01/07/2024";"10:01:00";"191";"Com vítima";"814,000";"BR-116/RJ";"Crescente";"Colisão frontal";2;0;0;0;0;0;0;0;0;0;0;5;0;0;0
"01/07/2024";"10:16:00";"196";"Com vítima";"14,000";"BR-116/RJ";"Decrescente";"Tombamento";0;0;1;0;0;0;0;0;0;0;0;3;1;0;0
"01/07/2024";"12:20:00";"210";"Com vítima";"516,000";"BR-116/RJ";"Decrescente";"Colisão transversal";0;0;0;0;0;1;0;0;1;0;0;2;0;0;0
"01/07/2024";"02:05:00";"230";"Com vítima";"196,000";"BR-116/RJ";"Decrescente";"Engavetamento";4;0;0;0;0;0;0;0;0;0;1;3;3;0;0
"01/07/2024";"02:19:00";"235";"Com vítima";"147,000";"BR-116/RJ";"Decrescente";"Colisão traseira";1;0;0;0;0;0;0;0;0;0;0;1;0;0;0
"01/07/2024";"02:45:00";"237";"Sem vítima";"196,500";"BR-116/RJ";"Decrescente";"Colisão lateral no mesmo sentido";1;0;0;1;0;0;0;0;0;0;2;0;0;0;0
"01/07/2024";"03:40:00";"250";"Com vítima";"1,300";"BR-465/RJ";"Crescente";"Colisão transversal";3;0;0;0;0;0;0;0;0;0;0;5;1;0;0
"01/07/2024";"04:15:00";"257";"Com vítima";"171,750";"BR-116/RJ";"Crescente";"Colisão traseira";2;0;0;0;0;0;0;0;0;0;0;7;0;0;0
"01/07/2024";"04:28:00";"262";"Com vítima";"775,000";"BR-116/RJ";"Decrescente";"Saída de pista";1;0;0;0;0;0;0;0;0;0;0;1;0;0;0
"01/07/2024";"04:28:00";"271";"Sem vítima";"102,000";"BR-116/RJ";"Decrescente";"Choque";1;0;0;0;0;0;0;0;0;0;1;0;0;0;0
"01/07/2024";"05:06:00";"268";"Com vítima";"177,600";"BR-116/RJ";"Crescente";"Colisão lateral no mesmo sentido";3;0;1;0;0;1;0;0;0;0;4;5;0;0;0
"01/07/2024";"05:26:00";"270";"Sem vítima";"104,000";"BR-116/RJ";"Decrescente";"Saída de pista";1;0;0;0;0;0;0;0;0;0;1;0;0;0;0
"01/07/2024";"06:25:00";"277";"Sem vítima";"213,000";"BR-116/RJ";"Crescente";"Colisão traseira";0;0;0;0;0;2;0;0;0;0;2;0;0;0;0
"01/07/2024";"08:15:00";"289";"Com vítima";"96,184";"BR-493/RJ";"Crescente";"Capotamento";1;0;0;0;0;0;0;0;0;0;0;1;0;0;0
"01/07/2024";"10:53:00";"11";"Sem vítima";"176,382";"BR-116/RJ";"Decrescente";"Colisão transversal";1;0;0;0;1;0;0;0;0;0;3;0;0;0;0
"01/07/2024";"11:32:00";"16";"Com vítima";"91,187";"BR-493/RJ";"Decrescente";"Atropelamento de animal";1;0;0;0;0;0;0;0;0;0;0;3;0;0;0
"02/07/2024";"02:35:00";"93";"Sem vítima";"173,722";"BR-116/RJ";"Decrescente";"Colisão traseira";1;0;1;0;0;0;0;0;0;0;2;0;0;0;0
"02/07/2024";"03:24:00";"95";"Com vítima";"5,600";"BR-465/RJ";"Crescente";"Atropelamento de pedestre";1;0;1;0;0;0;0;0;0;0;1;2;0;0;1
"02/07/2024";"05:50:00";"119";"Com vítima";"21,000";"BR-465/RJ";"Crescente";"Atropelamento de ciclista";0;1;0;1;0;0;0;0;0;0;0;1;0;0;0
"02/07/2024";"06:53:00";"132";"Com vítima";"415,000";"BR-116/RJ";"Decrescente";"Colisão transversal";1;0;0;1;0;0;0;0;0;0;0;3;0;0;0
"02/07/2024";"07:02:00";"135";"Com vítima";"118,000";"BR-116/RJ";"Crescente";"Colisão traseira";2;0;0;0;0;0;0;0;0;0;0;2;0;0;0
"02/07/2024";"08:08:00";"146";"Com vítima";"606,000";"BR-116/RJ";"Decrescente";"Colisão lateral no mesmo sentido";1;0;0;0;0;1;0;0;0;0;1;2;0;0;0
"02/07/2024";"08:44:00";"151";"Com vítima";"189,000";"BR-116/RJ";"Decrescente";"Queda de moto";0;0;0;1;0;0;0;0;0;0;0;1;1;0;0
"02/07/2024";"12:41:00";"191";"Com vítima";"702,300";"BR-116/RJ";"Decrescente";"Colisão lateral no mesmo sentido";0;0;1;1;0;0;0;0;0;0;0;2;0;0;0
"02/07/2024";"01:00:00";"195";"Sem vítima";"181,000";"BR-116/RJ";"Crescente";"Colisão traseira";2;0;0;0;0;0;0;0;0;0;5;0;0;0;0
"02/07/2024";"01:00:00";"196";"Com vítima";"765,000";"BR-116/RJ";"Crescente";"Colisão transversal";2;0;0;0;0;0;0;0;0;0;0;2;0;0;0
"02/07/2024";"02:24:00";"213";"Com vítima";"179,000";"BR-116/RJ";"Crescente";"Colisão traseira";1;0;0;1;0;0;0;0;0;0;3;0;1;0;0
"02/07/2024";"02:35:00";"215";"Com vítima";"571,000";"BR-116/RJ";"Crescente";"Colisão frontal";1;0;0;1;0;0;0;0;0;0;0;1;1;1;0
"02/07/2024";"03:22:00";"218";"Com vítima";"181,495";"BR-116/RJ";"Decrescente";"Colisão lateral no mesmo sentido";1;0;0;1;0;0;0;0;0;0;1;2;0;0;0
"02/07/2024";"03:55:00";"223";"Com vítima";"415,000";"BR-116/RJ";"Decrescente";"Atropelamento de ciclista";0;1;0;1;0;0;0;0;0;0;0;1;0;0;0
"02/07/2024";"10:33:00";"30";"Com vítima";"69,295";"BR-493/RJ";"Decrescente";"Atropelamento de animal";0;0;1;0;0;0;0;0;0;0;1;0;0;0;0
"03/07/2024";"01:45:00";"87";"Com vítima";"744,000";"BR-116/RJ";"Decrescente";"Tombamento";0;0;0;0;0;1;0;0;0;0;0;0;1;0;0
"03/07/2024";"02:09:00";"88";"Com vítima";"183,000";"BR-116/RJ";"Decrescente";"Colisão traseira";1;0;0;0;0;1;0;0;0;0;1;1;0;0;0
"03/07/2024";"03:16:00";"95";"Com vítima";"18,100";"BR-465/RJ";"Decrescente";"Colisão traseira";0;0;2;0;0;0;0;0;0;0;0;2;0;0;0
"03/07/2024";"03:48:00";"101";"Com vítima";"557,220";"BR-116/RJ";"Decrescente";"Colisão transversal";1;0;0;0;0;0;0;0;0;1;0;2;1;0;0
"03/07/2024";"04:10:00";"106";"Sem vítima";"105,000";"BR-116/RJ";"Decrescente";"Choque";0;0;1;0;0;0;0;0;0;0;1;0;0;0;0
"03/07/2024";"06:48:00";"142";"Com vítima";"148,100";"BR-116/RJ";"Crescente";"Colisão lateral no mesmo sentido";0;0;1;0;0;1;0;0;0;0;0;3;0;0;0
"03/07/2024";"07:25:00";"151";"Com vítima";"186,000";"BR-116/RJ";"Decrescente";"Choque";1;0;0;0;0;0;0;0;0;0;0;1;0;0;0
"03/07/2024";"09:31:00";"170";"Com vítima";"106,200";"BR-116/RJ";"Crescente";"Colisão traseira";1;0;1;0;0;0;0;0;0;0;0;4;0;0;0
"03/07/2024";"11:12:00";"196";"Com vítima";"638,500";"BR-116/RJ";"Decrescente";"Capotamento";0;0;0;0;0;0;0;0;0;1;0;0;1;0;0