data;horario;n_da_ocorrencia;tipo_de_ocorrencia;km;trecho;sentido;tipo_de_acidente;automovel;bicicleta;caminhao;moto;onibus;outros;tracao_animal;transporte_de_cargas_especiais;trator_maquinas;utilitarios;ilesos;levemente_feridos;moderadamente_feridos;gravemente_feridos;mortos
"03/07/2024";"12:31:00";"209";"Com vítima";"180,000";"BR-116/RJ";"Crescente";"Colisão traseira";5;0;1;0;0;0;0;0;0;0;0;7;0;0;0
"03/07/2024";"12:39:00";"210";"Sem vítima";"212,900";"BR-116/RJ";"Crescente";"Colisão lateral no mesmo sentido";1;0;0;0;0;1;0;0;0;0;2;0;0;0;0
"03/07/2024";"01:47:00";"220";"Com vítima";"108,189";"BR-116/RJ";"Decrescente";"Colisão lateral no mesmo sentido";0;0;2;0;0;0;0;0;0;0;0;7;0;0;0
"03/07/2024";"03:24:00";"237";"Com vítima";"176,000";"BR-116/RJ";"Crescente";"Colisão lateral no mesmo sentido";1;0;0;1;0;0;0;0;0;0;1;0;1;1;0
"03/07/2024";"04:04:00";"242";"Com vítima";"651,000";"BR-116/RJ";"Decrescente";"Colisão frontal";1;0;0;1;0;0;0;0;0;0;0;1;1;0;0
"03/07/2024";"05:05:00";"253";"Sem vítima";"170,000";"BR-116/RJ";"Crescente";"Tombamento";1;0;0;0;0;0;0;0;0;0;1;0;0;0;0
"03/07/2024";"06:07:00";"266";"Com vítima";"80,000";"BR-116/RJ";"Decrescente";"Colisão lateral no mesmo sentido";0;0;0;1;0;1;0;0;0;0;1;0;1;0;0
"03/07/2024";"06:51:00";"273";"Sem vítima";"525,000";"BR-116/RJ";"Decrescente";"Colisão transversal";2;0;0;0;0;0;0;0;0;0;2;0;0;0;0
"03/07/2024";"07:07:00";"274";"Com vítima";"459,000";"BR-116/RJ";"Crescente";"Colisão lateral em sentido contrário";0;0;1;0;0;1;0;0;0;0;1;1;0;0;0
"04/07/2024";"01:42:00";"132";"Com vítima";"515,000";"BR-116/RJ";"Decrescente";"Queda de moto";0;0;0;1;0;0;0;0;0;0;0;0;1;0;0
"04/07/2024";"02:13:00";"133";"Com vítima";"607,500";"BR-116/RJ";"Decrescente";"Colisão traseira";0;0;1;0;1;0;0;0;0;0;0;15;0;0;0
"04/07/2024";"03:37:00";"137";"Com vítima";"592,700";"BR-116/RJ";"Crescente";"Choque";1;0;0;0;0;0;0;0;0;0;0;4;0;0;0
"04/07/2024";"04:29:00";"148";"Com vítima";"86,000";"BR-116/RJ";"Crescente";"Colisão lateral no mesmo sentido";1;0;0;0;0;0;0;0;0;1;0;3;0;0;0
"04/07/2024";"05:24:00";"154";"Com vítima";"108,000";"BR-116/RJ";"Crescente";"Choque";1;0;0;0;0;0;0;0;0;0;0;1;0;0;0
"04/07/2024";"06:53:00";"173";"Com vítima";"22,000";"BR-465/RJ";"Crescente";"Engavetamento";1;0;0;0;0;2;0;0;0;0;2;1;0;0;0
"04/07/2024";"12:55:00";"242";"Com vítima";"203,000";"BR-116/RJ";"Crescente";"Queda de moto";0;0;0;1;0;0;0;0;0;0;0;2;0;0;0
"04/07/2024";"12:58:00";"246";"Com vítima";"110,497";"BR-116/RJ";"Crescente";"Colisão frontal";1;0;0;1;0;0;0;0;0;0;0;1;1;0;0
"04/07/2024";"03:07:00";"269";"Com vítima";"22,010";"BR-465/RJ";"Decrescente";"Colisão lateral no mesmo sentido";1;0;0;1;0;0;0;0;0;0;4;1;0;0;0
"04/07/2024";"04:04:00";"281";"Com vítima";"5,000";"BR-465/RJ";"Crescente";"Atropelamento de pedestre";1;0;0;0;0;0;0;0;0;0;1;1;0;0;0
"04/07/2024";"04:05:00";"282";"Com vítima";"107,900";"BR-116/RJ";"Crescente";"Colisão frontal";0;1;0;0;0;0;0;0;0;0;0;0;0;0;0
"04/07/2024";"04:20:00";"290";"Com vítima";"182,000";"BR-116/RJ";"Crescente";"Colisão traseira";1;0;0;0;0;1;0;0;0;0;1;1;1;0;0
"04/07/2024";"04:24:00";"292";"Com vítima";"148,000";"BR-116/RJ";"Crescente";"Queda de moto";0;0;0;1;0;0;0;0;0;0;0;0;1;0;0
"04/07/2024";"04:35:00";"297";"Com vítima";"187,000";"BR-116/RJ";"Decrescente";"Engavetamento";3;0;0;0;0;0;0;0;0;1;3;1;0;0;0
"04/07/2024";"05:05:00";"303";"Com vítima";"702,000";"BR-116/RJ";"Crescente";"Colisão traseira";1;0;0;1;0;0;0;0;0;0;0;2;0;0;0
"04/07/2024";"08:00:00";"334";"Com vítima";"123,800";"BR-116/RJ";"Decrescente";"Atropelamento de animal";1;0;0;0;0;0;0;0;0;0;0;5;0;0;0
"05/07/2024";"12:19:00";"114";"Sem vítima";"84,372";"BR-493/RJ";"Decrescente";"Choque";1;0;0;0;0;0;0;0;0;0;2;0;0;0;0
"05/07/2024";"12:45:00";"122";"Com vítima";"685,000";"BR-116/RJ";"Crescente";"Colisão lateral em sentido contrário";1;0;1;0;0;0;0;0;0;0;0;5;0;0;0
"05/07/2024";"02:51:00";"134";"Com vítima";"178,000";"BR-116/RJ";"Decrescente";"Queda de moto";0;0;0;1;0;0;0;0;0;0;0;1;1;0;0
"05/07/2024";"03:33:00";"137";"Com vítima";"97,000";"BR-493/RJ";"Crescente";"Atropelamento de animal";0;0;0;0;1;0;0;0;0;0;0;1;0;0;0
"05/07/2024";"04:01:00";"143";"Com vítima";"553,700";"BR-116/RJ";"Crescente";"Choque";1;0;0;0;0;0;0;0;0;0;0;1;0;0;0
"05/07/2024";"07:42:00";"196";"Com vítima";"6,000";"BR-493/RJ";"Decrescente";"Colisão transversal";1;0;1;0;0;0;0;0;0;0;0;4;0;0;0
"05/07/2024";"08:18:00";"206";"Com vítima";"184,000";"BR-116/RJ";"Crescente";"Colisão traseira";1;0;0;3;0;0;0;0;0;0;2;2;0;0;0
"05/07/2024";"08:26:00";"212";"Com vítima";"176,000";"BR-116/RJ";"Crescente";"Colisão traseira";1;0;0;1;0;0;0;0;0;0;1;1;0;0;0
"05/07/2024";"10:43:00";"232";"Com vítima";"138,815";"BR-116/RJ";"Decrescente";"Choque";0;0;0;0;0;1;0;0;0;0;0;1;0;0;0
"05/07/2024";"01:42:00";"270";"Com vítima";"414,000";"BR-116/RJ";"Decrescente";"Colisão traseira";2;0;0;0;0;0;0;0;0;0;0;2;0;0;0
"05/07/2024";"02:05:00";"278";"Sem vítima";"526,000";"BR-116/RJ";"Crescente";"Colisão lateral no mesmo sentido";1;0;0;0;0;1;0;0;0;0;2;0;0;0;0
"05/07/2024";"02:10:00";"281";"Com vítima";"144,000";"BR-116/RJ";"Decrescente";"Engavetamento";1;0;1;0;0;0;0;0;0;1;3;3;0;0;0
"05/07/2024";"05:32:00";"322";"Com vítima";"197,000";"BR-116/RJ";"Decrescente";"Queda de moto";0;0;0;1;0;0;0;0;0;0;0;2;0;0;0
"05/07/2024";"05:34:00";"323";"Com vítima";"686,441";"BR-116/RJ";"Decrescente";"Colisão frontal";1;0;0;1;0;0;0;0;0;0;0;0;2;0;2
"05/07/2024";"06:08:00";"328";"Sem vítima";"814,967";"BR-116/RJ";"Decrescente";"Choque";1;0;0;0;0;0;0;0;0;0;1;0;0;0;0
"05/07/2024";"06:45:00";"338";"Com vítima";"79,144";"BR-493/RJ";"Decrescente";"Capotamento";1;0;0;0;0;0;0;0;0;0;1;1;0;0;0
"05/07/2024";"07:34:00";"345";"Com vítima";"2,000";"BR-493/RJ";"Crescente";"Colisão frontal";1;0;0;1;0;0;0;0;0;0;0;1;1;0;0
"05/07/2024";"09:37:00";"20";"Com vítima";"693,770";"BR-116/RJ";"Crescente";"Queda de moto";0;0;0;1;0;0;0;0;0;0;0;0;2;0;0
"06/07/2024";"12:45:00";"64";"Com vítima";"188,400";"BR-116/RJ";"Crescente";"Colisão traseira";2;0;0;0;0;0;0;0;0;0;0;1;1;0;0
"06/07/2024";"01:45:00";"89";"Com vítima";"112,700";"BR-493/RJ";"Crescente";"Atropelamento de animal";0;0;0;0;0;1;0;0;0;0;1;0;0;0;0
"06/07/2024";"01:52:00";"90";"Sem vítima";"701,000";"BR-116/RJ";"Crescente";"Colisão traseira";2;0;0;0;0;1;0;0;0;0;3;0;0;0;0
"06/07/2024";"03:21:00";"97";"Com vítima";"750,000";"BR-116/RJ";"Decrescente";"Colisão transversal";1;0;1;0;0;0;0;0;0;0;0;1;1;0;0
"06/07/2024";"03:27:00";"98";"Sem vítima";"171,000";"BR-116/RJ";"Decrescente";"Colisão lateral no mesmo sentido";1;0;1;0;0;0;0;0;0;0;2;0;0;0;0
"06/07/2024";"03:43:00";"101";"Com vítima";"183,696";"BR-116/RJ";"Decrescente";"Colisão frontal";1;0;0;1;0;0;0;0;0;0;1;0;0;1;0
"06/07/2024";"04:05:00";"109";"Sem vítima";"694,000";"BR-116/RJ";"Decrescente";"Colisão traseira";1;0;0;1;0;0;0;0;0;0;2;0;0;0;0
"06/07/2024";"05:32:00";"122";"Sem vítima";"172,000";"BR-116/RJ";"Decrescente";"Colisão traseira";2;0;0;0;0;0;0;0;0;0;2;0;0;0;0
"06/07/2024";"06:14:00";"134";"Sem vítima";"414,000";"BR-116/RJ";"Decrescente";"Colisão transversal";2;0;0;0;0;0;0;0;0;0;2;0;0;0;0
"06/07/2024";"06:36:00";"140";"Com vítima";"548,000";"BR-116/RJ";"Crescente";"Colisão frontal";1;0;0;1;0;0;0;0;0;0;0;0;1;0;1
"06/07/2024";"08:18:00";"160";"Com vítima";"189,000";"BR-116/RJ";"Decrescente";"Queda de moto";0;0;0;1;0;0;0;0;0;0;0;0;1;0;0
"06/07/2024";"11:19:00";"198";"Com vítima";"18,000";"BR-116/RJ";"Decrescente";"Capotamento";1;0;0;0;0;0;0;0;0;0;0;0;2;0;0
"06/07/2024";"01:13:00";"225";"Sem vítima";"184,000";"BR-116/RJ";"Crescente";"Engavetamento";3;0;0;0;0;0;0;0;0;0;3;0;0;0;0
"06/07/2024";"03:06:00";"252";"Com vítima";"1,000";"BR-465/RJ";"Crescente";"Colisão frontal";1;0;0;1;0;0;0;0;0;0;0;3;0;0;0
"06/07/2024";"03:06:00";"256";"Com vítima";"446,735";"BR-116/RJ";"Decrescente";"Colisão lateral no mesmo sentido";1;0;1;0;0;0;0;0;0;0;1;1;0;0;0
"06/07/2024";"03:11:00";"254";"Com vítima";"93,350";"BR-116/RJ";"Crescente";"Queda de moto";0;0;0;1;0;0;0;0;0;0;0;1;0;0;0
"06/07/2024";"08:00:00";"292";"Sem vítima";"183,548";"BR-116/RJ";"Decrescente";"Capotamento";1;0;0;0;0;0;0;0;0;0;1;0;0;0;0
"06/07/2024";"09:59:00";"4";"Sem vítima";"595,500";"BR-116/RJ";"Crescente";"Choque";1;0;0;0;0;0;0;0;0;0;1;0;0;0;0
"06/07/2024";"10:07:00";"6";"Sem vítima";"626,946";"BR-116/RJ";"Decrescente";"Capotamento";1;0;0;0;0;0;0;0;0;0;1;0;0;0;0
"06/07/2024";"10:27:00";"8";"Com vítima";"648,047";"BR-116/RJ";"Decrescente";"Atropelamento de pedestre";0;0;0;1;0;0;0;0;0;0;0;2;1;0;0
"07/07/2024";"01:13:00";"21";"Sem vítima";"505,389";"BR-116/RJ";"Crescente";"Choque";1;0;0;0;0;0;0;0;0;0;1;0;0;0;0
"07/07/2024";"01:51:00";"24";"Com vítima";"809,735";"BR-116/RJ";"Decrescente";"Choque";1;0;0;0;0;0;0;0;0;0;0;1;1;0;0
"07/07/2024";"02:17:00";"27";"Com vítima";"698,000";"BR-116/RJ";"Crescente";"Capotamento";1;0;0;0;0;0;0;0;0;0;0;1;0;0;0
"07/07/2024";"02:35:00";"28";"Com vítima";"59,300";"BR-493/RJ";"Crescente";"Capotamento";0;0;1;0;0;0;0;0;0;0;0;1;0;0;0
"07/07/2024";"02:50:00";"30";"Com vítima";"529,000";"BR-116/RJ";"Decrescente";"Capotamento";1;0;0;0;0;0;0;0;0;0;0;1;0;0;0
"07/07/2024";"06:19:00";"63";"Com vítima";"17,800";"BR-493/RJ";"Crescente";"Choque";1;0;0;0;0;0;0;0;0;0;0;1;0;0;0
"07/07/2024";"07:17:00";"70";"Sem vítima";"181,000";"BR-116/RJ";"Decrescente";"Colisão lateral no mesmo sentido";1;0;0;1;0;0;0;0;0;0;2;0;0;0;0
"07/07/2024";"08:34:00";"80";"Com vítima";"129,000";"BR-116/RJ";"Crescente";"Choque";1;0;0;0;0;1;0;0;0;0;1;0;1;0;0
"07/07/2024";"08:49:00";"82";"Com vítima";"577,000";"BR-116/RJ";"Crescente";"Tombamento";0;0;1;0;0;0;0;0;0;0;0;1;0;0;0
"07/07/2024";"08:51:00";"85";"Com vítima";"600,001";"BR-116/RJ";"Decrescente";"Queda de moto";0;0;0;1;0;0;0;0;0;0;0;0;2;0;0
"07/07/2024";"01:09:00";"137";"Com vítima";"770,000";"BR-116/RJ";"Decrescente";"Colisão lateral em sentido contrário";2;0;0;0;0;1;0;0;0;0;1;5;0;0;0
"07/07/2024";"02:20:00";"151";"Com vítima";"176,000";"BR-116/RJ";"Decrescente";"Colisão traseira";2;0;0;0;0;0;0;0;0;0;2;1;0;0;0
"07/07/2024";"02:21:00";"152";"Sem vítima";"112,367";"BR-493/RJ";"Crescente";"Colisão lateral no mesmo sentido";2;0;0;0;0;0;0;0;0;0;6;0;0;0;0
"07/07/2024";"02:23:00";"155";"Com vítima";"82,000";"BR-116/RJ";"Decrescente";"Colisão transversal";1;0;0;1;0;0;0;0;0;0;0;4;0;0;0
"07/07/2024";"02:39:00";"160";"Com vítima";"24,000";"BR-116/RJ";"Decrescente";"Colisão traseira";2;0;0;0;0;0;0;0;0;0;1;1;0;0;0
"07/07/2024";"03:24:00";"167";"Sem vítima";"195,000";"BR-116/RJ";"Crescente";"Colisão lateral no mesmo sentido";1;0;1;0;0;0;0;0;0;0;3;0;0;0;0
"07/07/2024";"04:03:00";"177";"Com vítima";"82,000";"BR-116/RJ";"Decrescente";"Colisão traseira";2;0;0;0;0;0;0;0;0;0;1;0;1;0;0
"07/07/2024";"04:33:00";"184";"Com vítima";"63,537";"BR-493/RJ";"Decrescente";"Colisão lateral no mesmo sentido";0;0;0;1;0;1;0;0;0;0;0;1;0;0;1
"07/07/2024";"06:52:00";"207";"Com vítima";"141,180";"BR-116/RJ";"Decrescente";"Atropelamento de animal";0;0;0;0;0;1;0;0;0;0;2;0;0;0;0
"07/07/2024";"07:03:00";"208";"Com vítima";"23,000";"BR-493/RJ";"Crescente";"Colisão traseira";2;0;0;0;0;0;0;0;0;0;0;2;0;0;0
"08/07/2024";"04:28:00";"109";"Com vítima";"413,271";"BR-116/RJ";"Crescente";"Colisão traseira";2;0;0;0;0;0;0;0;0;0;0;2;0;0;0
"08/07/2024";"05:14:00";"125";"Com vítima";"413,271";"BR-116/RJ";"Crescente";"Colisão traseira";2;0;0;0;0;0;0;0;0;0;0;2;0;0;0
"08/07/2024";"06:46:00";"143";"Com vítima";"414,700";"BR-116/RJ";"Decrescente";"Engavetamento";2;0;1;0;0;0;0;0;0;1;3;1;0;0;0
"08/07/2024";"10:24:00";"201";"Com vítima";"184,000";"BR-116/RJ";"Decrescente";"Colisão lateral no mesmo sentido";1;0;0;2;0;0;0;0;0;0;1;1;1;0;0
"08/07/2024";"01:31:00";"244";"Com vítima";"99,000";"BR-116/RJ";"Crescente";"Colisão lateral em sentido contrário";2;0;0;0;0;0;0;0;0;0;0;4;0;0;0
"08/07/2024";"02:36:00";"255";"Com vítima";"176,000";"BR-116/RJ";"Crescente";"Colisão traseira";1;0;0;1;0;0;0;0;0;0;0;2;0;0;0
"08/07/2024";"03:05:00";"263";"Sem vítima";"521,587";"BR-116/RJ";"Crescente";"Engavetamento";2;0;0;0;0;0;0;0;0;1;4;0;0;0;0
"08/07/2024";"03:31:00";"267";"Sem vítima";"584,700";"BR-116/RJ";"Decrescente";"Colisão lateral no mesmo sentido";1;0;1;0;0;0;0;0;0;0;2;0;0;0;0
"08/07/2024";"04:59:00";"284";"Com vítima";"197,000";"BR-116/RJ";"Crescente";"Colisão lateral no mesmo sentido";0;0;0;1;0;1;0;0;0;0;1;1;1;0;0
"08/07/2024";"05:07:00";"286";"Com vítima";"412,370";"BR-116/RJ";"Decrescente";"Atropelamento de pedestre";0;0;0;0;1;0;0;0;0;0;1;0;0;0;1
"08/07/2024";"05:07:00";"287";"Com vítima";"190,000";"BR-116/RJ";"Crescente";"Atropelamento de pedestre";0;0;1;0;0;0;0;0;0;0;1;3;0;0;0
"08/07/2024";"09:00:00";"1";"Com vítima";"507,235";"BR-116/RJ";"Decrescente";"Choque";1;0;0;0;0;0;0;0;0;0;0;1;0;0;0
"09/07/2024";"01:54:00";"130";"Com vítima";"21,394";"BR-493/RJ";"Decrescente";"Saída de pista";1;0;0;0;0;0;0;0;0;0;0;1;0;0;0
"09/07/2024";"04:13:00";"140";"Com vítima";"777,785";"BR-116/RJ";"Decrescente";"Colisão lateral em sentido contrário";0;0;0;0;0;1;0;0;0;1;0;3;1;0;0
"09/07/2024";"04:49:00";"151";"Com vítima";"796,000";"BR-116/RJ";"Crescente";"Capotamento";1;0;0;0;0;0;0;0;0;0;0;3;0;0;0
"09/07/2024";"08:37:00";"195";"Com vítima";"418,921";"BR-116/RJ";"Decrescente";"Colisão frontal";0;0;1;1;0;0;0;0;0;0;0;1;0;0;1
"09/07/2024";"12:48:00";"243";"Com vítima";"187,000";"BR-116/RJ";"Crescente";"Colisão lateral no mesmo sentido";1;0;0;1;0;0;0;0;0;0;1;1;0;0;0
"09/07/2024";"01:04:00";"246";"Com vítima";"79,300";"BR-493/RJ";"Crescente";"Choque";1;0;0;1;0;0;0;0;0;0;0;2;0;0;0
"09/07/2024";"01:05:00";"247";"Com vítima";"538,334";"BR-116/RJ";"Decrescente";"Colisão transversal";1;0;0;1;0;0;0;0;0;0;0;2;0;0;0
"09/07/2024";"02:48:00";"264";"Com vítima";"0,500";"BR-493/RJ";"Crescente";"Colisão lateral no mesmo sentido";1;0;0;0;0;1;0;0;0;0;0;2;0;0;0
"09/07/2024";"02:49:00";"265";"Com vítima";"173,000";"BR-116/RJ";"Decrescente";"Colisão traseira";1;0;0;1;0;0;0;0;0;0;1;1;0;0;0
"09/07/2024";"03:11:00";"267";"Com vítima";"176,000";"BR-116/RJ";"Decrescente";"Engavetamento";3;0;0;0;0;0;0;0;0;0;0;8;0;0;0
"09/07/2024";"04:49:00";"293";"Com vítima";"97,877";"BR-116/RJ";"Crescente";"Choque";1;0;0;0;0;0;0;0;0;0;0;2;0;0;0
"10/07/2024";"06:48:00";"183";"Com vítima";"576,600";"BR-116/RJ";"Crescente";"Choque";1;0;0;0;0;0;0;0;0;0;0;3;0;0;0
"10/07/2024";"07:13:00";"192";"Com vítima";"178,554";"BR-116/RJ";"Decrescente";"Queda de moto";0;0;0;1;0;0;0;0;0;0;0;2;0;0;0
"10/07/2024";"07:51:00";"201";"Com vítima";"200,300";"BR-116/RJ";"Decrescente";"Colisão traseira";0;0;1;0;1;0;0;0;0;0;0;2;0;0;0
"10/07/2024";"10:08:00";"237";"Com vítima";"720,000";"BR-116/RJ";"Decrescente";"Choque";1;0;0;0;0;0;0;0;0;0;0;4;0;0;0
"10/07/2024";"10:41:00";"246";"Com vítima";"700,000";"BR-116/RJ";"Crescente";"Queda de moto";0;0;0;1;0;0;0;0;0;0;0;0;1;0;0
"10/07/2024";"11:34:00";"255";"Com vítima";"20,500";"BR-465/RJ";"Decrescente";"Colisão transversal";1;0;0;1;0;0;0;0;0;0;1;0;1;0;0
"10/07/2024";"01:00:00";"271";"Com vítima";"600,000";"BR-116/RJ";"Decrescente";"Capotamento";1;0;0;0;0;0;0;0;0;0;0;0;1;0;0
"10/07/2024";"03:54:00";"321";"Com vítima";"183,901";"BR-116/RJ";"Crescente";"Colisão lateral no mesmo sentido";0;0;0;1;0;1;0;0;0;0;1;2;0;0;0
"10/07/2024";"04:46:00";"340";"Com vítima";"192,975";"BR-116/RJ";"Crescente";"Colisão traseira";1;0;0;1;0;0;0;0;0;0;1;2;0;0;0
"10/07/2024";"05:22:00";"346";"Com vítima";"180,000";"BR-116/RJ";"Crescente";"Colisão traseira";0;0;0;2;0;0;0;0;0;0;0;2;0;0;0
"10/07/2024";"07:00:00";"363";"Com vítima";"68,747";"BR-116/RJ";"Decrescente";"Colisão transversal";1;0;0;1;0;0;0;0;0;0;0;1;1;0;0
"11/07/2024";"02:56:00";"102";"Com vítima";"203,000";"BR-116/RJ";"Crescente";"Choque";1;0;0;0;0;0;0;0;0;0;0;3;0;0;0
"11/07/2024";"04:04:00";"105";"Com vítima";"83,661";"BR-493/RJ";"Crescente";"Colisão traseira";1;0;1;0;0;0;0;0;0;0;2;0;4;0;0
"11/07/2024";"04:39:00";"109";"Sem vítima";"551,000";"BR-116/RJ";"Decrescente";"Colisão traseira";0;0;1;0;1;0;0;0;0;0;2;0;0;0;0
"11/07/2024";"06:38:00";"139";"Sem vítima";"530,000";"BR-116/RJ";"Crescente";"Colisão lateral no mesmo sentido";1;0;0;0;1;0;0;0;0;0;2;0;0;0;0
"11/07/2024";"08:45:00";"161";"Com vítima";"142,000";"BR-116/RJ";"Decrescente";"Queda de moto";1;0;0;0;0;0;0;0;0;0;0;1;0;0;0
"11/07/2024";"01:20:00";"223";"Com vítima";"206,000";"BR-116/RJ";"Crescente";"Colisão traseira";1;0;0;0;1;0;0;0;0;0;1;1;0;0;0
"11/07/2024";"01:59:00";"228";"Com vítima";"182,200";"BR-116/RJ";"Crescente";"Colisão traseira";1;0;0;1;0;0;0;0;0;0;1;0;1;0;0
"11/07/2024";"02:42:00";"240";"Com vítima";"193,000";"BR-116/RJ";"Crescente";"Queda de moto";0;0;0;1;0;0;0;0;0;0;0;2;0;0;0
"11/07/2024";"11:08:00";"68";"Com vítima";"88,195";"BR-116/RJ";"Crescente";"Choque";0;0;1;0;0;0;0;0;0;0;0;1;0;0;0
"12/07/2024";"03:43:00";"91";"Com vítima";"10,000";"BR-465/RJ";"Crescente";"Colisão traseira";1;0;0;0;0;1;0;0;0;0;0;3;0;0;0
"12/07/2024";"04:10:00";"95";"Com vítima";"180,000";"BR-116/RJ";"Decrescente";"Colisão traseira";1;0;0;1;0;0;0;0;0;0;0;2;0;0;0
"12/07/2024";"04:29:00";"100";"Com vítima";"203,000";"BR-116/RJ";"Crescente";"Colisão traseira";1;0;0;0;0;1;0;0;0;0;1;1;0;0;0
"12/07/2024";"07:10:00";"131";"Com vítima";"183,000";"BR-116/RJ";"Crescente";"Colisão traseira";0;0;0;1;0;0;0;0;0;1;0;3;0;0;0
"12/07/2024";"10:16:00";"174";"Com vítima";"577,010";"BR-116/RJ";"Crescente";"Tombamento";0;0;0;0;0;1;0;0;0;0;0;1;0;0;0
"12/07/2024";"11:20:00";"190";"Com vítima";"197,000";"BR-116/RJ";"Decrescente";"Choque";1;0;0;0;0;0;0;0;0;0;0;2;0;0;0
"12/07/2024";"12:08:00";"196";"Sem vítima";"411,700";"BR-116/RJ";"Crescente";"Colisão traseira";1;0;0;0;1;0;0;0;0;0;2;0;0;0;0
"12/07/2024";"12:12:00";"197";"Com vítima";"95,500";"BR-116/RJ";"Crescente";"Colisão lateral em sentido contrário";1;0;0;0;0;1;0;0;0;0;0;2;0;0;0
"12/07/2024";"01:20:00";"218";"Com vítima";"63,000";"BR-493/RJ";"Crescente";"Atropelamento de animal";1;0;0;0;0;0;0;0;0;0;0;1;0;0;0
"12/07/2024";"02:17:00";"236";"Com vítima";"178,000";"BR-116/RJ";"Crescente";"Engavetamento";3;0;0;0;0;0;0;0;0;0;1;2;0;0;0
"12/07/2024";"05:17:00";"280";"Com vítima";"419,000";"BR-116/RJ";"Decrescente";"Colisão lateral no mesmo sentido";0;0;1;1;0;0;0;0;0;0;1;2;0;0;0
"12/07/2024";"05:45:00";"286";"Sem vítima";"180,800";"BR-116/RJ";"Crescente";"Colisão traseira";2;0;0;0;0;0;0;0;0;0;2;0;0;0;0
"12/07/2024";"06:30:00";"290";"Com vítima";"182,000";"BR-116/RJ";"Crescente";"Colisão lateral no mesmo sentido";1;0;0;1;0;0;0;0;0;0;1;1;0;0;0
"12/07/2024";"09:09:00";"3";"Com vítima";"142,151";"BR-116/RJ";"Crescente";"Engavetamento";3;0;0;0;0;0;0;0;0;0;0;7;0;0;0
"13/07/2024";"01:25:00";"92";"Sem vítima";"147,728";"BR-116/RJ";"Crescente";"Choque";1;0;0;0;0;0;0;0;0;0;5;0;0;0;0
"13/07/2024";"05:40:00";"162";"Sem vítima";"583,000";"BR-116/RJ";"Crescente";"Colisão traseira";2;0;0;0;0;0;0;0;0;0;2;0;0;0;0
"13/07/2024";"06:07:00";"165";"Com vítima";"67,000";"BR-493/RJ";"Crescente";"Choque";1;0;0;0;0;0;0;0;0;0;0;1;0;0;0
"13/07/2024";"09:00:00";"195";"Com vítima";"174,000";"BR-116/RJ";"Crescente";"Queda de moto";0;0;0;1;0;1;0;0;0;0;1;1;0;0;0
"13/07/2024";"10:01:00";"208";"Com vítima";"147,000";"BR-116/RJ";"Decrescente";"Colisão traseira";1;0;1;0;0;0;0;0;0;0;1;1;0;0;0
"13/07/2024";"01:29:00";"248";"Com vítima";"184,800";"BR-116/RJ";"Crescente";"Colisão lateral no mesmo sentido";1;0;0;0;0;1;0;0;0;0;0;2;0;0;0
"13/07/2024";"01:35:00";"251";"Com vítima";"178,000";"BR-116/RJ";"Crescente";"Atropelamento de animal";0;0;0;1;0;0;0;0;0;0;0;2;0;0;0
"13/07/2024";"01:57:00";"255";"Com vítima";"176,000";"BR-116/RJ";"Crescente";"Queda de moto";1;0;0;1;0;0;0;0;0;0;1;1;0;0;0
"13/07/2024";"03:04:00";"277";"Com vítima";"61,000";"BR-116/RJ";"Crescente";"Colisão lateral no mesmo sentido";1;0;1;0;0;0;0;0;0;0;0;2;0;0;0
"13/07/2024";"03:45:00";"289";"Sem vítima";"185,000";"BR-116/RJ";"Decrescente";"Engavetamento";3;0;0;0;0;0;0;0;0;0;3;0;0;0;0
"13/07/2024";"04:10:00";"294";"Com vítima";"187,000";"BR-116/RJ";"Crescente";"Colisão lateral no mesmo sentido";1;0;0;1;0;0;0;0;0;0;1;1;1;0;0
"13/07/2024";"05:26:00";"302";"Sem vítima";"724,000";"BR-116/RJ";"Decrescente";"Colisão traseira";1;0;0;0;0;1;0;0;0;0;2;0;0;0;0
"13/07/2024";"06:14:00";"306";"Com vítima";"22,400";"BR-465/RJ";"Decrescente";"Colisão traseira";1;0;0;1;0;0;0;0;0;0;1;0;1;0;0
"13/07/2024";"09:58:00";"13";"Sem vítima";"412,000";"BR-116/RJ";"Crescente";"Choque";1;0;0;0;0;0;0;0;0;0;1;0;0;0;0