data;horario;n_da_ocorrencia;tipo_de_ocorrencia;km;trecho;sentido;tipo_de_acidente;automovel;bicicleta;caminhao;moto;onibus;outros;tracao_animal;transporte_de_cargas_especiais;trator_maquinas;utilitarios;ilesos;levemente_feridos;moderadamente_feridos;gravemente_feridos;mortos
"13/07/2024";"10:30:00";"19";"Com vítima";"133,000";"BR-116/RJ";"Decrescente";"Colisão traseira";1;0;0;0;0;1;0;0;0;0;1;3;0;0;0
"14/07/2024";"12:19:00";"26";"Com vítima";"538,420";"BR-116/RJ";"Decrescente";"Choque";0;0;0;1;0;0;0;0;0;0;0;0;1;0;0
"14/07/2024";"12:32:00";"29";"Com vítima";"118,785";"BR-493/RJ";"Crescente";"Atropelamento de animal";1;0;0;0;0;0;0;0;0;0;1;0;0;0;0
"14/07/2024";"01:43:00";"35";"Com vítima";"86,686";"BR-493/RJ";"Crescente";"Atropelamento de animal";1;0;0;0;0;0;0;0;0;0;0;2;0;0;0
"14/07/2024";"02:53:00";"37";"Com vítima";"177,316";"BR-116/RJ";"Crescente";"Capotamento";1;0;0;0;0;0;0;0;0;0;0;3;0;0;0
"14/07/2024";"04:15:00";"45";"Com vítima";"734,500";"BR-116/RJ";"Decrescente";"Choque";1;0;0;0;0;0;0;0;0;0;0;1;0;0;0
"14/07/2024";"06:29:00";"68";"Com vítima";"118,000";"BR-116/RJ";"Decrescente";"Colisão traseira";2;0;0;0;0;0;0;0;0;0;0;5;0;0;0
"14/07/2024";"08:03:00";"90";"Com vítima";"190,990";"BR-116/RJ";"Decrescente";"Colisão lateral no mesmo sentido";1;0;0;1;0;0;0;0;0;0;1;0;0;0;1
"14/07/2024";"09:55:00";"117";"Com vítima";"139,000";"BR-116/RJ";"Decrescente";"Queda de moto";0;0;0;1;0;0;0;0;0;0;0;2;0;0;0
"14/07/2024";"12:08:00";"149";"Com vítima";"517,050";"BR-116/RJ";"Crescente";"Colisão traseira";2;0;0;0;0;0;0;0;0;0;0;5;0;2;0
"14/07/2024";"12:49:00";"155";"Com vítima";"486,660";"BR-116/RJ";"Decrescente";"Colisão transversal";2;0;0;0;0;0;0;0;0;0;0;3;0;0;0
"14/07/2024";"02:18:00";"171";"Com vítima";"211,900";"BR-116/RJ";"Crescente";"Queda de moto";0;0;0;1;0;0;0;0;0;0;0;1;1;0;0
"14/07/2024";"05:41:00";"206";"Com vítima";"80,500";"BR-116/RJ";"Crescente";"Colisão lateral no mesmo sentido";1;0;0;1;0;0;0;0;0;0;0;1;1;0;0
"14/07/2024";"06:10:00";"212";"Com vítima";"3,000";"BR-465/RJ";"Crescente";"Queda de moto";0;0;0;1;0;0;0;0;0;0;0;1;1;0;0
"14/07/2024";"06:35:00";"219";"Sem vítima";"172,000";"BR-116/RJ";"Crescente";"Engavetamento";3;0;0;0;0;0;0;0;0;0;3;0;0;0;0
"14/07/2024";"07:05:00";"225";"Com vítima";"132,300";"BR-116/RJ";"Crescente";"Colisão traseira";1;0;0;1;0;0;0;0;0;0;1;0;2;0;0
"14/07/2024";"07:15:00";"227";"Com vítima";"132,300";"BR-116/RJ";"Crescente";"Colisão traseira";1;0;0;0;0;1;0;0;0;0;1;2;0;0;0
"14/07/2024";"07:19:00";"229";"Sem vítima";"132,300";"BR-116/RJ";"Crescente";"Colisão lateral no mesmo sentido";0;0;0;1;0;1;0;0;0;0;2;0;0;0;0
"14/07/2024";"07:27:00";"231";"Com vítima";"589,300";"BR-116/RJ";"Crescente";"Capotamento";0;0;0;0;0;0;0;0;0;1;0;1;0;0;0
"14/07/2024";"09:36:00";"12";"Com vítima";"548,565";"BR-116/RJ";"Decrescente";"Colisão lateral em sentido contrário";1;0;0;1;0;0;0;0;0;0;1;0;0;2;0
"14/07/2024";"11:08:00";"70";"Com vítima";"180,000";"BR-116/RJ";"Decrescente";"Choque";1;0;0;0;0;0;0;0;0;0;1;2;0;0;0
"15/07/2024";"01:45:00";"116";"Com vítima";"145,659";"BR-116/RJ";"Crescente";"Colisão traseira";2;0;0;0;0;0;0;0;0;0;0;2;0;0;0
"15/07/2024";"01:56:00";"119";"Com vítima";"56,827";"BR-493/RJ";"Decrescente";"Capotamento";1;0;0;0;0;0;0;0;0;0;0;0;1;0;0
"15/07/2024";"05:47:00";"150";"Sem vítima";"813,000";"BR-116/RJ";"Crescente";"Colisão lateral em sentido contrário";2;0;0;0;0;0;0;0;0;0;2;0;0;0;0
"15/07/2024";"06:14:00";"158";"Com vítima";"177,000";"BR-116/RJ";"Crescente";"Queda de moto";0;0;0;1;0;0;0;0;0;0;0;1;0;1;0
"15/07/2024";"06:48:00";"166";"Com vítima";"179,000";"BR-116/RJ";"Crescente";"Queda de moto";0;0;0;1;0;0;0;0;0;0;0;1;1;0;0
"15/07/2024";"09:53:00";"214";"Com vítima";"62,000";"BR-116/RJ";"Crescente";"Colisão traseira";1;0;0;1;0;0;0;0;0;0;0;4;0;0;0
"15/07/2024";"09:59:00";"216";"Com vítima";"414,000";"BR-116/RJ";"Decrescente";"Colisão transversal";1;0;0;1;0;0;0;0;0;0;1;2;0;0;0
"15/07/2024";"11:16:00";"229";"Com vítima";"143,000";"BR-116/RJ";"Crescente";"Colisão lateral no mesmo sentido";0;0;0;1;0;0;0;0;0;1;0;2;0;0;0
"15/07/2024";"12:36:00";"248";"Sem vítima";"510,000";"BR-116/RJ";"Crescente";"Choque";1;0;0;0;0;0;0;0;0;0;1;0;0;0;0
"15/07/2024";"01:12:00";"257";"Com vítima";"19,900";"BR-465/RJ";"Crescente";"Colisão lateral no mesmo sentido";1;0;0;1;0;0;0;0;0;0;0;3;0;0;0
"15/07/2024";"02:26:00";"276";"Com vítima";"182,000";"BR-116/RJ";"Crescente";"Colisão traseira";0;0;0;2;0;0;0;0;0;0;0;1;1;0;0
"15/07/2024";"02:47:00";"283";"Com vítima";"24,235";"BR-493/RJ";"Decrescente";"Colisão lateral em sentido contrário";1;0;1;0;1;0;0;0;0;0;2;0;1;0;0
"15/07/2024";"03:20:00";"291";"Com vítima";"180,500";"BR-116/RJ";"Crescente";"Colisão traseira";2;0;1;0;0;0;0;0;0;0;0;6;0;0;0
"15/07/2024";"03:57:00";"302";"Com vítima";"528,000";"BR-116/RJ";"Decrescente";"Colisão transversal";1;0;0;1;0;0;0;0;0;0;0;1;1;0;0
"15/07/2024";"04:23:00";"308";"Sem vítima";"0,200";"BR-493/RJ";"Crescente";"Colisão transversal";1;0;0;1;0;0;0;0;0;0;2;0;0;0;0
"15/07/2024";"08:05:00";"334";"Com vítima";"690,000";"BR-116/RJ";"Crescente";"Atropelamento de animal";1;0;0;0;0;0;0;0;0;0;2;0;0;0;0
"15/07/2024";"08:09:00";"335";"Com vítima";"98,712";"BR-116/RJ";"Decrescente";"Capotamento";1;0;0;0;0;0;0;0;0;0;0;1;0;0;0
"16/07/2024";"04:43:00";"151";"Sem vítima";"14,000";"BR-493/RJ";"Crescente";"Colisão lateral no mesmo sentido";1;0;1;0;0;0;0;0;0;0;2;0;0;0;0
"16/07/2024";"07:16:00";"188";"Com vítima";"202,000";"BR-116/RJ";"Crescente";"Choque";1;0;0;0;0;0;0;0;0;0;0;1;0;0;0
"16/07/2024";"07:31:00";"189";"Sem vítima";"784,000";"BR-116/RJ";"Crescente";"Colisão traseira";1;0;0;0;0;0;0;0;0;1;2;0;0;0;0
"16/07/2024";"10:05:00";"225";"Com vítima";"602,000";"BR-116/RJ";"Crescente";"Choque";1;0;0;0;0;0;0;0;0;0;0;2;0;0;0
"16/07/2024";"12:44:00";"255";"Com vítima";"172,900";"BR-116/RJ";"Crescente";"Queda de moto";0;0;0;1;0;0;0;0;0;0;0;1;0;0;0
"16/07/2024";"01:41:00";"269";"Sem vítima";"650,000";"BR-116/RJ";"Decrescente";"Colisão lateral no mesmo sentido";1;0;0;1;0;0;0;0;0;0;2;0;0;0;0
"16/07/2024";"11:01:00";"82";"Com vítima";"548,000";"BR-116/RJ";"Decrescente";"Capotamento";1;0;0;0;0;0;0;0;0;0;0;0;1;0;0
"17/07/2024";"01:30:00";"127";"Com vítima";"183,664";"BR-116/RJ";"Crescente";"Colisão traseira";2;0;0;0;0;0;0;0;0;0;0;4;0;0;0
"17/07/2024";"03:56:00";"139";"Com vítima";"537,000";"BR-116/RJ";"Crescente";"Queda de moto";0;0;0;1;0;0;0;0;0;0;0;1;0;0;0
"17/07/2024";"04:34:00";"144";"Com vítima";"96,000";"BR-493/RJ";"Decrescente";"Saída de pista";1;0;0;0;0;0;0;0;0;0;0;1;0;0;0
"17/07/2024";"06:05:00";"165";"Com vítima";"81,000";"BR-116/RJ";"Decrescente";"Engavetamento";1;0;1;0;0;1;0;0;0;0;1;4;0;0;0
"17/07/2024";"09:12:00";"208";"Com vítima";"424,980";"BR-116/RJ";"Decrescente";"Choque";0;0;1;0;0;0;0;0;0;0;0;1;0;0;0
"17/07/2024";"09:53:00";"214";"Com vítima";"138,000";"BR-116/RJ";"Crescente";"Colisão lateral no mesmo sentido";2;0;0;0;0;0;0;0;0;0;0;2;0;0;0
"17/07/2024";"10:13:00";"220";"Com vítima";"623,510";"BR-116/RJ";"Crescente";"Colisão traseira";1;0;1;0;0;0;0;0;0;0;0;2;0;0;0
"17/07/2024";"10:18:00";"221";"Com vítima";"174,300";"BR-116/RJ";"Crescente";"Queda de moto";0;0;0;1;0;0;0;0;0;0;0;1;1;0;0
"17/07/2024";"10:19:00";"223";"Com vítima";"415,691";"BR-116/RJ";"Crescente";"Choque";1;0;0;0;0;0;0;0;0;0;0;0;0;0;1
"17/07/2024";"12:43:00";"256";"Com vítima";"676,100";"BR-116/RJ";"Decrescente";"Colisão lateral no mesmo sentido";0;0;1;0;0;0;0;0;0;1;0;4;0;0;0
"17/07/2024";"01:11:00";"262";"Com vítima";"19,151";"BR-493/RJ";"Crescente";"Colisão traseira";1;0;0;1;0;0;0;0;0;0;0;3;1;0;0
"17/07/2024";"03:37:00";"294";"Com vítima";"196,000";"BR-116/RJ";"Crescente";"Atropelamento de ciclista";0;1;0;0;0;1;0;0;0;0;1;0;0;0;0
"18/07/2024";"02:26:00";"124";"Com vítima";"183,000";"BR-116/RJ";"Crescente";"Engavetamento";0;0;0;0;0;0;0;0;0;3;0;6;0;0;0
"18/07/2024";"03:47:00";"130";"Com vítima";"135,000";"BR-116/RJ";"Decrescente";"Atropelamento de pedestre";0;0;0;0;1;0;0;0;0;0;0;1;1;0;0
"18/07/2024";"03:49:00";"131";"Com vítima";"104,000";"BR-493/RJ";"Crescente";"Queda de moto";0;0;0;1;0;0;0;0;0;0;0;2;0;0;0
"18/07/2024";"08:09:00";"178";"Com vítima";"137,790";"BR-116/RJ";"Decrescente";"Choque";0;0;0;0;0;1;0;0;0;0;0;0;1;0;0
"18/07/2024";"09:04:00";"187";"Com vítima";"174,000";"BR-116/RJ";"Decrescente";"Colisão traseira";2;0;0;0;0;0;0;0;0;0;0;3;0;0;0
"18/07/2024";"11:26:00";"210";"Com vítima";"183,000";"BR-116/RJ";"Decrescente";"Colisão traseira";2;0;0;0;0;0;0;0;0;0;1;1;0;0;0
"18/07/2024";"12:49:00";"227";"Com vítima";"183,811";"BR-116/RJ";"Crescente";"Colisão lateral no mesmo sentido";0;0;1;2;0;0;0;0;0;0;0;3;0;0;0
"18/07/2024";"03:45:00";"268";"Com vítima";"185,000";"BR-116/RJ";"Decrescente";"Colisão lateral no mesmo sentido";1;0;0;1;0;0;0;0;0;0;1;1;0;0;0
"18/07/2024";"07:12:00";"310";"Com vítima";"577,010";"BR-116/RJ";"Crescente";"Tombamento";0;0;0;0;0;1;0;0;0;0;0;1;0;0;0
"18/07/2024";"07:26:00";"313";"Com vítima";"18,593";"BR-493/RJ";"Decrescente";"Colisão frontal";1;0;1;0;0;1;0;0;0;0;0;3;0;0;1
"18/07/2024";"10:12:00";"25";"Sem vítima";"193,000";"BR-116/RJ";"Decrescente";"Choque";0;0;1;0;0;0;0;0;0;0;1;0;0;0;0
"19/07/2024";"12:42:00";"105";"Com vítima";"94,449";"BR-116/RJ";"Decrescente";"Colisão lateral em sentido contrário";1;0;0;0;0;1;0;0;0;0;1;3;0;0;0
"19/07/2024";"02:35:00";"115";"Sem vítima";"785,000";"BR-116/RJ";"Decrescente";"Saída de pista";1;0;0;0;0;0;0;0;0;0;1;0;0;0;0
"19/07/2024";"03:17:00";"121";"Com vítima";"118,000";"BR-116/RJ";"Crescente";"Choque";1;0;0;0;0;0;0;0;0;0;0;2;0;0;0
"19/07/2024";"03:42:00";"124";"Com vítima";"411,000";"BR-116/RJ";"Crescente";"Atropelamento de animal";0;0;0;1;0;0;0;0;0;0;0;0;1;0;0
"19/07/2024";"03:45:00";"125";"Com vítima";"20,500";"BR-493/RJ";"Decrescente";"Queda de moto";0;0;0;1;0;0;0;0;0;0;0;0;1;0;0
"19/07/2024";"04:35:00";"133";"Sem vítima";"715,000";"BR-116/RJ";"Crescente";"Queda de moto";1;0;0;0;0;0;0;0;0;0;1;0;0;0;0
"19/07/2024";"05:49:00";"144";"Com vítima";"69,000";"BR-493/RJ";"Crescente";"Choque";0;0;1;0;0;0;0;0;0;0;0;3;0;0;0
"19/07/2024";"08:46:00";"177";"Sem vítima";"174,000";"BR-116/RJ";"Decrescente";"Colisão traseira";1;0;0;0;0;0;0;0;0;1;2;0;0;0;0
"19/07/2024";"09:17:00";"182";"Sem vítima";"184,000";"BR-116/RJ";"Crescente";"Engavetamento";2;0;0;0;0;0;0;0;0;0;3;0;0;0;0
"19/07/2024";"09:43:00";"190";"Sem vítima";"528,000";"BR-116/RJ";"Decrescente";"Colisão lateral no mesmo sentido";1;0;0;0;0;1;0;0;0;0;2;0;0;0;0
"19/07/2024";"10:38:00";"206";"Com vítima";"10,000";"BR-493/RJ";"Crescente";"Colisão frontal";1;0;1;0;0;0;0;0;0;0;1;1;0;0;0
"19/07/2024";"12:42:00";"242";"Sem vítima";"707,000";"BR-116/RJ";"Crescente";"Capotamento";1;0;0;0;0;0;0;0;0;0;3;0;0;0;0
"19/07/2024";"01:43:00";"255";"Com vítima";"173,000";"BR-116/RJ";"Crescente";"Queda de moto";0;0;0;1;0;0;0;0;0;0;0;0;2;0;0
"19/07/2024";"02:14:00";"263";"Com vítima";"105,000";"BR-116/RJ";"Decrescente";"Choque";1;0;0;0;0;0;0;0;0;0;0;2;0;0;0
"19/07/2024";"03:30:00";"278";"Sem vítima";"510,320";"BR-116/RJ";"Decrescente";"Colisão traseira";2;0;0;0;0;0;0;0;0;0;2;0;0;0;0
"19/07/2024";"09:48:00";"18";"Com vítima";"17,918";"BR-116/RJ";"Crescente";"Capotamento";1;0;0;0;0;0;0;0;0;0;0;1;0;0;0
"20/07/2024";"01:58:00";"72";"Com vítima";"173,275";"BR-116/RJ";"Decrescente";"Colisão lateral no mesmo sentido";1;0;0;1;0;0;0;0;0;0;0;6;0;0;0
"20/07/2024";"03:20:00";"79";"Com vítima";"202,000";"BR-116/RJ";"Crescente";"Capotamento";1;0;0;0;0;0;0;0;0;0;0;0;1;0;0
"20/07/2024";"07:04:00";"117";"Sem vítima";"739,000";"BR-116/RJ";"Decrescente";"Colisão transversal";1;0;1;0;0;0;0;0;0;0;2;0;0;0;0
"20/07/2024";"07:22:00";"122";"Com vítima";"188,000";"BR-116/RJ";"Decrescente";"Engavetamento";2;0;0;0;0;1;0;0;0;0;1;2;0;0;0
"20/07/2024";"09:37:00";"163";"Com vítima";"20,000";"BR-465/RJ";"Crescente";"Engavetamento";1;0;0;2;0;0;0;0;0;0;0;2;1;0;0
"20/07/2024";"10:37:00";"178";"Com vítima";"2,000";"BR-465/RJ";"Decrescente";"Atropelamento de ciclista";0;1;1;0;0;0;0;0;0;0;0;1;0;0;0
"20/07/2024";"12:20:00";"198";"Com vítima";"176,000";"BR-116/RJ";"Crescente";"Colisão lateral no mesmo sentido";1;0;0;1;0;0;0;0;0;0;0;2;0;0;0
"20/07/2024";"12:50:00";"204";"Com vítima";"200,000";"BR-116/RJ";"Crescente";"Atropelamento de pedestre";1;0;0;0;0;0;0;0;0;0;0;2;1;0;0
"20/07/2024";"03:17:00";"233";"Com vítima";"606,291";"BR-116/RJ";"Crescente";"Colisão frontal";2;0;0;0;0;0;0;0;0;0;0;2;0;0;0
"20/07/2024";"03:34:00";"241";"Com vítima";"173,931";"BR-116/RJ";"Decrescente";"Engavetamento";3;0;0;0;0;0;0;0;0;0;4;1;0;0;0
"20/07/2024";"04:06:00";"247";"Com vítima";"18,400";"BR-465/RJ";"Decrescente";"Colisão lateral no mesmo sentido";1;0;0;1;0;0;0;0;0;0;1;1;1;0;0
"20/07/2024";"04:10:00";"249";"Com vítima";"503,900";"BR-116/RJ";"Decrescente";"Queda de moto";0;0;0;1;0;0;0;0;0;0;1;1;0;0;0
"20/07/2024";"04:32:00";"252";"Com vítima";"586,000";"BR-116/RJ";"Decrescente";"Colisão transversal";1;0;0;1;0;0;0;0;0;0;1;1;1;0;0
"20/07/2024";"07:10:00";"285";"Com vítima";"423,000";"BR-116/RJ";"Decrescente";"Colisão lateral em sentido contrário";1;0;0;0;0;1;0;0;0;0;1;2;0;0;0
"20/07/2024";"10:52:00";"18";"Com vítima";"3,000";"BR-116/RJ";"Decrescente";"Choque";1;0;0;0;0;0;0;0;0;0;0;1;0;0;0
"20/07/2024";"10:58:00";"19";"Com vítima";"530,000";"BR-116/RJ";"Crescente";"Acidentes de outra natureza";1;0;0;0;0;0;0;0;0;0;0;2;0;0;0
"20/07/2024";"11:23:00";"20";"Com vítima";"147,900";"BR-116/RJ";"Decrescente";"Colisão traseira";2;0;0;0;0;0;0;0;0;0;1;1;1;0;0
"21/07/2024";"02:36:00";"30";"Sem vítima";"581,295";"BR-116/RJ";"Crescente";"Choque";1;0;0;0;0;0;0;0;0;0;1;0;0;0;0
"21/07/2024";"03:16:00";"32";"Com vítima";"789,000";"BR-116/RJ";"Decrescente";"Choque";1;0;0;0;0;0;0;0;0;0;0;0;1;0;0
"21/07/2024";"06:46:00";"60";"Com vítima";"521,879";"BR-116/RJ";"Crescente";"Colisão traseira";1;0;0;1;0;0;0;0;0;0;1;1;0;0;0
"21/07/2024";"07:48:00";"71";"Com vítima";"685,712";"BR-116/RJ";"Decrescente";"Capotamento";1;0;0;0;0;0;0;0;0;0;0;0;1;1;0
"21/07/2024";"08:04:00";"72";"Com vítima";"751,000";"BR-116/RJ";"Crescente";"Colisão frontal";2;0;0;0;0;0;0;0;0;0;0;1;4;0;0
"21/07/2024";"09:59:00";"93";"Com vítima";"82,000";"BR-493/RJ";"Crescente";"Choque";0;0;1;0;0;0;0;0;0;0;0;2;0;0;0
"21/07/2024";"10:43:00";"102";"Com vítima";"94,000";"BR-116/RJ";"Decrescente";"Colisão transversal";1;0;0;1;0;0;0;0;0;0;0;3;0;0;0
"21/07/2024";"12:39:00";"123";"Com vítima";"19,000";"BR-465/RJ";"Crescente";"Colisão traseira";0;0;1;1;0;0;0;0;0;0;0;1;1;0;0
"21/07/2024";"12:41:00";"124";"Com vítima";"73,000";"BR-493/RJ";"Decrescente";"Queda de moto";0;0;0;1;0;0;0;0;0;0;0;2;0;0;0
"21/07/2024";"12:55:00";"128";"Com vítima";"8,000";"BR-493/RJ";"Decrescente";"Colisão frontal";2;0;0;0;0;0;0;0;0;0;0;6;0;0;0
"21/07/2024";"01:16:00";"131";"Sem vítima";"490,000";"BR-116/RJ";"Decrescente";"Atropelamento de animal";0;0;1;0;0;0;0;0;0;0;1;0;0;0;0
"21/07/2024";"02:27:00";"147";"Com vítima";"783,000";"BR-116/RJ";"Crescente";"Colisão transversal";1;0;0;1;0;0;0;0;0;0;0;6;0;0;0
"21/07/2024";"03:30:00";"164";"Com vítima";"94,000";"BR-116/RJ";"Decrescente";"Colisão lateral no mesmo sentido";1;0;0;1;0;0;0;0;0;0;0;1;0;1;0
"21/07/2024";"04:07:00";"179";"Com vítima";"764,000";"BR-116/RJ";"Decrescente";"Colisão traseira";1;0;0;0;0;1;0;0;0;0;1;1;0;0;0
"21/07/2024";"04:33:00";"186";"Com vítima";"199,423";"BR-116/RJ";"Decrescente";"Queda de moto";0;0;0;1;0;1;0;0;0;0;1;1;0;0;1
"21/07/2024";"04:43:00";"189";"Sem vítima";"145,000";"BR-116/RJ";"Crescente";"Colisão lateral no mesmo sentido";2;0;0;0;0;0;0;0;0;0;2;0;0;0;0
"21/07/2024";"05:27:00";"198";"Com vítima";"18,800";"BR-465/RJ";"Crescente";"Colisão transversal";1;0;0;1;0;0;0;0;0;0;0;2;0;0;0
"21/07/2024";"06:03:00";"204";"Sem vítima";"81,992";"BR-116/RJ";"Decrescente";"Atropelamento de pedestre";0;1;0;0;0;0;0;0;0;0;0;0;0;0;0
"21/07/2024";"06:08:00";"205";"Com vítima";"3,000";"BR-465/RJ";"Crescente";"Colisão transversal";2;0;0;0;0;0;0;0;0;0;0;2;0;0;0
"21/07/2024";"07:16:00";"213";"Com vítima";"6,000";"BR-493/RJ";"Decrescente";"Choque";1;0;0;0;0;0;0;0;0;0;0;1;0;0;0
"22/07/2024";"12:12:00";"55";"Sem vítima";"110,134";"BR-116/RJ";"Decrescente";"Saída de pista";1;0;0;0;0;0;0;0;0;0;2;0;0;0;0
"22/07/2024";"04:31:00";"78";"Com vítima";"175,000";"BR-116/RJ";"Crescente";"Colisão lateral no mesmo sentido";1;0;0;1;0;0;0;0;0;0;1;1;0;0;0
"22/07/2024";"04:48:00";"91";"Sem vítima";"739,900";"BR-116/RJ";"Decrescente";"Choque";1;0;0;0;0;0;0;0;0;0;1;0;0;0;0
"22/07/2024";"04:56:00";"83";"Com vítima";"539,419";"BR-116/RJ";"Decrescente";"Tombamento";0;0;1;0;0;2;0;0;0;0;0;3;1;0;0
"22/07/2024";"05:03:00";"85";"Com vítima";"112,000";"BR-493/RJ";"Crescente";"Saída de pista";1;0;0;0;0;0;0;0;0;0;0;3;0;0;0
"22/07/2024";"05:21:00";"92";"Com vítima";"529,000";"BR-116/RJ";"Decrescente";"Colisão traseira";1;0;0;1;0;0;0;0;0;0;0;2;0;0;0
"22/07/2024";"05:58:00";"96";"Com vítima";"169,500";"BR-116/RJ";"Decrescente";"Queda de moto";0;0;0;1;0;0;0;0;0;0;0;2;0;0;0
"22/07/2024";"06:47:00";"108";"Com vítima";"175,927";"BR-116/RJ";"Decrescente";"Colisão lateral no mesmo sentido";1;0;0;1;0;0;0;0;0;0;1;1;0;0;0
"22/07/2024";"08:03:00";"124";"Com vítima";"23,100";"BR-493/RJ";"Decrescente";"Engavetamento";2;0;0;0;0;1;0;0;0;1;0;11;1;0;0
"22/07/2024";"10:51:00";"153";"Com vítima";"186,000";"BR-116/RJ";"Decrescente";"Engavetamento";3;0;0;0;0;0;0;0;0;0;0;5;0;0;0
"22/07/2024";"12:08:00";"167";"Com vítima";"4,300";"BR-465/RJ";"Crescente";"Colisão traseira";2;0;0;0;0;0;0;0;0;0;0;2;1;0;0
"22/07/2024";"02:51:00";"215";"Com vítima";"65,000";"BR-116/RJ";"Decrescente";"Queda de moto";0;0;0;1;0;0;0;0;0;0;1;1;0;0;0
"22/07/2024";"03:19:00";"220";"Com vítima";"186,500";"BR-116/RJ";"Decrescente";"Colisão traseira";0;0;1;1;0;0;0;0;0;0;0;3;0;0;0
"22/07/2024";"04:00:00";"232";"Sem vítima";"72,760";"BR-493/RJ";"Decrescente";"Atropelamento de animal";1;0;0;0;0;0;0;0;0;0;1;0;0;0;0
"22/07/2024";"04:06:00";"235";"Com vítima";"549,320";"BR-116/RJ";"Decrescente";"Colisão lateral no mesmo sentido";1;0;0;1;0;0;0;0;0;0;0;2;0;0;0
"22/07/2024";"06:42:00";"266";"Com vítima";"170,606";"BR-116/RJ";"Decrescente";"Colisão traseira";0;0;0;2;0;0;0;0;0;0;0;1;2;0;0
"22/07/2024";"07:20:00";"268";"Sem vítima";"170,606";"BR-116/RJ";"Decrescente";"Engavetamento";3;0;0;0;0;0;0;0;0;0;6;0;0;0;0
"22/07/2024";"08:48:00";"275";"Com vítima";"192,000";"BR-116/RJ";"Crescente";"Atropelamento de animal";0;0;0;1;0;0;0;0;0;0;0;1;0;0;0
"23/07/2024";"05:07:00";"136";"Com vítima";"146,523";"BR-116/RJ";"Crescente";"Colisão traseira";1;0;0;1;0;0;0;0;0;0;0;2;0;0;0
"23/07/2024";"05:32:00";"139";"Com vítima";"180,000";"BR-116/RJ";"Decrescente";"Colisão traseira";1;0;1;0;0;0;0;0;0;0;0;2;0;0;0
"23/07/2024";"06:51:00";"158";"Com vítima";"20,800";"BR-465/RJ";"Decrescente";"Colisão lateral no mesmo sentido";1;0;0;1;0;0;0;0;0;0;0;3;0;0;0
"23/07/2024";"08:09:00";"168";"Com vítima";"702,500";"BR-116/RJ";"Crescente";"Colisão traseira";2;0;0;0;0;0;0;0;0;0;0;2;0;0;0
"23/07/2024";"09:09:00";"174";"Com vítima";"6,000";"BR-116/RJ";"Decrescente";"Colisão traseira";1;0;1;0;0;0;0;0;0;0;1;1;0;0;0
"23/07/2024";"09:29:00";"180";"Sem vítima";"704,000";"BR-116/RJ";"Crescente";"Colisão lateral no mesmo sentido";1;0;0;1;0;0;0;0;0;0;2;0;0;0;0
"23/07/2024";"09:32:00";"181";"Com vítima";"117,707";"BR-116/RJ";"Crescente";"Choque";1;0;0;0;0;0;0;0;0;0;0;1;0;0;0
"23/07/2024";"10:14:00";"190";"Com vítima";"182,000";"BR-116/RJ";"Crescente";"Colisão traseira";1;0;0;1;0;0;0;0;0;0;0;2;1;0;0
"23/07/2024";"12:35:00";"213";"Sem vítima";"702,000";"BR-116/RJ";"Crescente";"Colisão lateral em sentido contrário";0;0;0;0;0;2;0;0;0;0;2;0;0;0;0
"23/07/2024";"12:50:00";"217";"Com vítima";"170,000";"BR-116/RJ";"Crescente";"Colisão lateral no mesmo sentido";1;0;1;0;0;0;0;0;0;0;0;2;0;0;0
"23/07/2024";"05:58:00";"291";"Com vítima";"196,479";"BR-116/RJ";"Decrescente";"Atropelamento de ciclista";0;1;0;1;0;0;0;0;0;0;0;1;0;0;0
"23/07/2024";"07:12:00";"302";"Com vítima";"199,000";"BR-116/RJ";"Crescente";"Colisão lateral no mesmo sentido";2;0;0;0;0;0;0;0;0;0;0;2;0;0;0
"23/07/2024";"07:24:00";"304";"Com vítima";"33,210";"BR-116/RJ";"Decrescente";"Colisão traseira";0;0;2;0;0;0;0;0;0;0;0;3;1;0;0
"24/07/2024";"01:00:00";"16";"Com vítima";"179,725";"BR-116/RJ";"Decrescente";"Choque";0;0;0;0;0;1;0;0;0;0;0;1;0;0;0