data;horario;n_da_ocorrencia;tipo_de_ocorrencia;km;trecho;sentido;tipo_de_acidente;automovel;bicicleta;caminhao;moto;onibus;outros;tracao_animal;transporte_de_cargas_especiais;trator_maquinas;utilitarios;ilesos;levemente_feridos;moderadamente_feridos;gravemente_feridos;mortos
"24/07/2024";"01:45:00";"18";"Com vítima";"180,000";"BR-116/RJ";"Decrescente";"Engavetamento";3;0;0;0;0;0;0;0;0;0;2;1;0;0;0
"24/07/2024";"05:47:00";"46";"Com vítima";"688,000";"BR-116/RJ";"Crescente";"Colisão lateral no mesmo sentido";1;0;1;0;0;0;0;0;0;0;0;2;0;0;0
"24/07/2024";"05:54:00";"48";"Com vítima";"706,800";"BR-116/RJ";"Decrescente";"Colisão lateral em sentido contrário";1;0;0;0;1;0;0;0;0;0;1;3;0;0;0
"24/07/2024";"10:14:00";"107";"Sem vítima";"10,000";"BR-465/RJ";"Crescente";"Colisão lateral no mesmo sentido";1;0;0;1;0;0;0;0;0;0;2;0;0;0;0
"24/07/2024";"12:09:00";"127";"Com vítima";"183,000";"BR-116/RJ";"Crescente";"Colisão traseira";2;0;0;0;0;0;0;0;0;0;1;1;1;0;0
"24/07/2024";"01:22:00";"145";"Sem vítima";"186,000";"BR-116/RJ";"Decrescente";"Choque";1;0;0;0;0;0;0;0;0;0;1;0;0;0;0
"24/07/2024";"03:36:00";"177";"Com vítima";"414,415";"BR-116/RJ";"Decrescente";"Colisão transversal";1;0;0;1;0;0;0;0;0;0;1;2;0;0;0
"24/07/2024";"04:20:00";"183";"Com vítima";"585,000";"BR-116/RJ";"Crescente";"Colisão traseira";2;0;0;0;0;0;0;0;0;0;1;1;0;0;0
"24/07/2024";"04:41:00";"186";"Sem vítima";"74,900";"BR-493/RJ";"Decrescente";"Atropelamento de ciclista";1;1;0;0;0;0;0;0;0;0;1;0;0;0;0
"24/07/2024";"07:34:00";"213";"Sem vítima";"185,374";"BR-116/RJ";"Crescente";"Choque";0;0;1;0;0;0;0;0;0;0;1;0;0;0;0
"24/07/2024";"11:15:00";"86";"Com vítima";"29,942";"BR-116/RJ";"Decrescente";"Colisão traseira";0;0;1;0;0;1;0;0;0;0;0;4;0;0;0
"25/07/2024";"05:10:00";"153";"Com vítima";"194,000";"BR-116/RJ";"Crescente";"Engavetamento";2;0;0;0;0;1;0;0;0;0;2;3;0;0;0
"25/07/2024";"06:25:00";"168";"Com vítima";"186,300";"BR-116/RJ";"Decrescente";"Engavetamento";1;0;1;2;0;0;0;0;0;0;0;4;1;0;0
"25/07/2024";"06:56:00";"179";"Sem vítima";"96,700";"BR-493/RJ";"Decrescente";"Saída de pista";1;0;0;0;0;0;0;0;0;0;5;0;0;0;0
"25/07/2024";"06:58:00";"180";"Com vítima";"3,000";"BR-116/RJ";"Crescente";"Acidentes de outra natureza";0;0;1;0;0;0;0;0;0;0;0;3;0;0;0
"25/07/2024";"07:29:00";"193";"Com vítima";"117,000";"BR-493/RJ";"Crescente";"Capotamento";0;0;0;0;0;0;0;0;0;1;0;0;1;0;0
"25/07/2024";"07:54:00";"199";"Com vítima";"6,900";"BR-116/RJ";"Crescente";"Tombamento";0;0;0;0;0;1;0;0;0;0;0;1;0;0;0
"25/07/2024";"08:50:00";"210";"Com vítima";"764,000";"BR-116/RJ";"Decrescente";"Colisão traseira";2;0;0;0;0;0;0;0;0;0;0;6;0;0;0
"25/07/2024";"09:18:00";"216";"Com vítima";"5,000";"BR-465/RJ";"Decrescente";"Colisão frontal";1;0;0;1;0;0;0;0;0;0;1;0;2;0;0
"25/07/2024";"10:56:00";"235";"Com vítima";"175,000";"BR-116/RJ";"Decrescente";"Colisão traseira";2;0;0;0;0;0;0;0;0;0;0;2;0;0;0
"25/07/2024";"11:20:00";"241";"Com vítima";"174,700";"BR-116/RJ";"Crescente";"Colisão traseira";1;0;1;0;0;0;0;0;0;0;0;2;0;0;0
"25/07/2024";"11:37:00";"246";"Com vítima";"1,000";"BR-465/RJ";"Crescente";"Colisão traseira";2;0;0;0;0;0;0;0;0;0;0;3;0;0;0
"25/07/2024";"02:04:00";"284";"Sem vítima";"138,000";"BR-116/RJ";"Crescente";"Choque";1;0;0;0;0;0;0;0;0;0;1;0;0;0;0
"26/07/2024";"01:29:00";"108";"Com vítima";"91,683";"BR-493/RJ";"Crescente";"Colisão traseira";0;0;1;0;0;1;0;0;0;0;0;2;0;0;0
"26/07/2024";"01:50:00";"110";"Com vítima";"81,174";"BR-493/RJ";"Crescente";"Choque";0;0;1;0;0;0;0;0;0;0;0;1;0;0;0
"26/07/2024";"02:25:00";"112";"Com vítima";"3,000";"BR-493/RJ";"Decrescente";"Colisão lateral no mesmo sentido";1;0;1;0;0;0;0;0;0;0;0;2;0;0;0
"26/07/2024";"04:13:00";"124";"Com vítima";"189,500";"BR-116/RJ";"Decrescente";"Engavetamento";3;0;0;0;0;0;0;0;0;0;0;3;0;0;0
"26/07/2024";"04:47:00";"129";"Com vítima";"140,197";"BR-116/RJ";"Crescente";"Choque";1;0;0;0;0;0;0;0;0;0;0;1;1;0;0
"26/07/2024";"05:09:00";"134";"Com vítima";"190,000";"BR-116/RJ";"Decrescente";"Colisão traseira";1;0;0;1;0;0;0;0;0;0;0;3;0;0;0
"26/07/2024";"05:48:00";"141";"Com vítima";"69,760";"BR-116/RJ";"Crescente";"Colisão traseira";2;0;0;0;0;0;0;0;0;0;0;6;0;0;0
"26/07/2024";"06:30:00";"149";"Com vítima";"78,196";"BR-116/RJ";"Crescente";"Queda de moto";0;0;0;1;0;0;0;0;0;0;0;1;0;0;0
"26/07/2024";"09:56:00";"188";"Sem vítima";"172,000";"BR-116/RJ";"Decrescente";"Colisão traseira";2;0;0;0;0;0;0;0;0;0;2;0;0;0;0
"26/07/2024";"10:52:00";"205";"Com vítima";"688,135";"BR-116/RJ";"Crescente";"Tombamento";0;0;0;0;0;1;0;0;0;0;0;1;0;0;0
"26/07/2024";"12:22:00";"216";"Com vítima";"6,700";"BR-465/RJ";"Decrescente";"Choque";1;0;0;0;0;0;0;0;0;0;0;1;0;0;0
"26/07/2024";"03:37:00";"259";"Com vítima";"82,000";"BR-116/RJ";"Decrescente";"Colisão lateral em sentido contrário";1;0;0;1;0;0;0;0;0;0;0;2;0;0;0
"26/07/2024";"03:48:00";"262";"Com vítima";"413,000";"BR-116/RJ";"Crescente";"Colisão traseira";1;0;0;1;0;1;0;0;0;0;2;1;0;0;0
"26/07/2024";"04:27:00";"273";"Com vítima";"87,000";"BR-116/RJ";"Decrescente";"Queda de moto";0;0;0;1;0;0;0;0;0;0;0;1;0;0;0
"26/07/2024";"06:55:00";"304";"Com vítima";"197,818";"BR-116/RJ";"Crescente";"Capotamento";1;0;0;0;0;0;0;0;0;0;0;1;0;0;0
"26/07/2024";"07:17:00";"306";"Com vítima";"197,818";"BR-116/RJ";"Crescente";"Colisão traseira";1;0;0;1;0;0;0;0;0;0;0;4;0;0;0
"26/07/2024";"09:43:00";"20";"Com vítima";"172,000";"BR-116/RJ";"Crescente";"Colisão traseira";0;0;0;2;0;0;0;0;0;0;0;4;0;0;0
"26/07/2024";"11:45:00";"60";"Com vítima";"633,200";"BR-116/RJ";"Decrescente";"Saída de pista";1;0;0;0;0;0;0;0;0;0;0;2;0;0;0
"27/07/2024";"04:29:00";"128";"Com vítima";"774,092";"BR-116/RJ";"Crescente";"Tombamento";0;0;0;0;0;1;0;0;0;0;0;1;0;0;0
"27/07/2024";"05:24:00";"138";"Com vítima";"505,000";"BR-116/RJ";"Crescente";"Choque";1;0;0;0;0;0;0;0;0;0;0;2;0;0;0
"27/07/2024";"05:32:00";"142";"Com vítima";"71,760";"BR-116/RJ";"Decrescente";"Colisão traseira";1;0;0;1;0;0;0;0;0;0;0;3;1;0;0
"27/07/2024";"10:35:00";"189";"Com vítima";"171,000";"BR-116/RJ";"Decrescente";"Colisão traseira";0;0;1;0;0;1;0;0;0;0;0;2;0;0;0
"27/07/2024";"10:41:00";"190";"Com vítima";"211,000";"BR-116/RJ";"Decrescente";"Choque";1;0;0;0;0;0;0;0;0;0;0;3;0;0;0
"27/07/2024";"12:22:00";"216";"Com vítima";"148,147";"BR-116/RJ";"Crescente";"Colisão traseira";2;0;0;1;0;1;0;0;0;0;0;5;0;0;0
"27/07/2024";"12:58:00";"220";"Com vítima";"480,000";"BR-116/RJ";"Crescente";"Colisão traseira";2;0;0;0;0;0;0;0;0;0;1;1;0;0;0
"27/07/2024";"01:52:00";"235";"Com vítima";"212,000";"BR-116/RJ";"Decrescente";"Queda de moto";0;0;0;1;0;0;0;0;0;0;0;2;0;0;0
"27/07/2024";"03:26:00";"248";"Com vítima";"500,359";"BR-116/RJ";"Decrescente";"Atropelamento de animal";1;0;0;0;0;0;0;0;0;0;0;1;0;0;0
"27/07/2024";"04:21:00";"258";"Com vítima";"83,000";"BR-116/RJ";"Decrescente";"Colisão transversal";1;0;0;1;0;0;0;0;0;0;1;1;0;0;0
"27/07/2024";"04:24:00";"259";"Com vítima";"99,000";"BR-116/RJ";"Decrescente";"Queda de moto";0;0;0;1;0;0;0;0;0;0;0;1;0;0;0
"27/07/2024";"05:26:00";"277";"Com vítima";"573,955";"BR-116/RJ";"Crescente";"Tombamento";0;0;0;0;0;2;0;0;0;0;0;2;0;0;0
"28/07/2024";"05:16:00";"44";"Sem vítima";"497,000";"BR-116/RJ";"Crescente";"Choque";1;0;0;0;0;0;0;0;0;0;1;0;0;0;0
"28/07/2024";"05:41:00";"46";"Com vítima";"208,000";"BR-116/RJ";"Crescente";"Choque";1;0;0;0;0;0;0;0;0;0;0;1;0;0;0
"28/07/2024";"08:16:00";"65";"Com vítima";"639,000";"BR-116/RJ";"Crescente";"Saída de pista";1;0;0;0;0;0;0;0;0;0;0;2;0;0;0
"28/07/2024";"12:06:00";"126";"Com vítima";"416,000";"BR-116/RJ";"Decrescente";"Atropelamento de pedestre";1;0;0;0;0;0;0;0;0;0;0;1;1;0;0
"28/07/2024";"12:27:00";"134";"Com vítima";"188,548";"BR-116/RJ";"Crescente";"Capotamento";1;0;0;0;0;0;0;0;0;1;0;2;1;0;0
"28/07/2024";"01:29:00";"152";"Com vítima";"192,000";"BR-116/RJ";"Decrescente";"Engavetamento";3;0;0;0;0;0;0;0;0;0;2;1;2;0;0
"28/07/2024";"01:29:00";"153";"Com vítima";"483,560";"BR-116/RJ";"Crescente";"Queda de moto";0;0;0;1;0;0;0;0;0;0;0;1;0;0;0
"28/07/2024";"01:43:00";"156";"Com vítima";"109,800";"BR-116/RJ";"Crescente";"Choque";1;0;0;0;0;0;0;0;0;0;0;2;0;0;0
"28/07/2024";"03:29:00";"183";"Com vítima";"689,249";"BR-116/RJ";"Decrescente";"Atropelamento de animal";0;0;0;1;0;0;1;0;0;0;0;1;0;0;0
"28/07/2024";"03:47:00";"186";"Sem vítima";"144,000";"BR-116/RJ";"Crescente";"Colisão traseira";1;0;0;1;0;0;0;0;0;0;3;0;0;0;0
"28/07/2024";"04:57:00";"205";"Com vítima";"188,500";"BR-116/RJ";"Crescente";"Queda de moto";0;0;0;1;0;0;0;0;0;0;0;2;0;0;0
"28/07/2024";"05:07:00";"206";"Com vítima";"551,880";"BR-116/RJ";"Decrescente";"Queda de moto";0;0;0;1;0;0;0;0;0;0;0;1;0;0;0
"28/07/2024";"06:47:00";"215";"Com vítima";"87,000";"BR-116/RJ";"Crescente";"Atropelamento de pedestre";1;0;0;0;0;0;0;0;0;0;1;1;0;0;0
"28/07/2024";"06:51:00";"216";"Sem vítima";"45,335";"BR-116/RJ";"Decrescente";"Tombamento";0;0;1;0;0;0;0;0;0;0;1;0;0;0;0
"28/07/2024";"07:19:00";"217";"Com vítima";"412,000";"BR-116/RJ";"Decrescente";"Colisão frontal";1;0;0;1;0;0;0;0;0;0;1;0;0;1;0
"29/07/2024";"02:26:00";"84";"Com vítima";"602,711";"BR-116/RJ";"Crescente";"Choque";1;0;0;0;0;0;0;0;0;0;0;0;1;0;0
"29/07/2024";"03:48:00";"90";"Com vítima";"186,000";"BR-116/RJ";"Decrescente";"Queda de moto";0;0;0;1;0;0;0;0;0;0;0;2;0;0;0
"29/07/2024";"03:50:00";"91";"Com vítima";"17,800";"BR-465/RJ";"Crescente";"Colisão lateral em sentido contrário";2;0;0;1;0;0;0;0;0;0;0;2;2;0;0
"29/07/2024";"06:32:00";"122";"Com vítima";"96,000";"BR-116/RJ";"Decrescente";"Colisão traseira";1;0;0;0;0;0;0;0;0;0;0;1;0;0;0
"29/07/2024";"06:57:00";"125";"Sem vítima";"2,800";"BR-116/RJ";"Crescente";"Colisão lateral no mesmo sentido";2;0;0;0;0;0;0;0;0;0;2;0;0;0;0
"29/07/2024";"08:48:00";"146";"Com vítima";"108,000";"BR-116/RJ";"Decrescente";"Engavetamento";2;0;1;0;0;0;0;0;0;0;0;3;0;0;0
"29/07/2024";"08:52:00";"144";"Com vítima";"185,000";"BR-116/RJ";"Crescente";"Engavetamento";2;0;1;0;0;0;0;0;0;0;0;3;0;0;0
"29/07/2024";"11:49:00";"185";"Sem vítima";"127,000";"BR-116/RJ";"Decrescente";"Queda de moto";0;0;0;1;0;0;0;0;0;0;2;0;0;0;0
"29/07/2024";"01:28:00";"211";"Sem vítima";"527,945";"BR-116/RJ";"Crescente";"Choque";0;0;1;0;0;0;0;0;0;0;1;0;0;0;0
"29/07/2024";"03:26:00";"234";"Com vítima";"702,400";"BR-116/RJ";"Decrescente";"Colisão traseira";0;0;0;1;0;0;0;0;0;1;0;3;0;0;0
"29/07/2024";"04:06:00";"240";"Com vítima";"18,500";"BR-465/RJ";"Crescente";"Colisão transversal";2;0;0;0;0;0;0;0;0;0;0;2;0;0;0
"30/07/2024";"03:42:00";"97";"Com vítima";"173,000";"BR-116/RJ";"Decrescente";"Queda de moto";0;0;0;1;0;0;0;0;0;0;0;1;0;0;0
"30/07/2024";"05:29:00";"127";"Com vítima";"181,000";"BR-116/RJ";"Decrescente";"Atropelamento de ciclista";0;1;0;0;1;0;0;0;0;0;1;0;0;0;0
"30/07/2024";"05:41:00";"130";"Sem vítima";"6,000";"BR-493/RJ";"Decrescente";"Colisão lateral em sentido contrário";0;0;1;0;1;0;0;0;0;0;2;0;0;0;0
"30/07/2024";"05:59:00";"133";"Com vítima";"33,000";"BR-116/RJ";"Decrescente";"Colisão lateral em sentido contrário";2;0;0;0;0;0;0;0;0;0;0;2;0;0;0
"30/07/2024";"06:59:00";"146";"Com vítima";"579,450";"BR-116/RJ";"Decrescente";"Colisão lateral no mesmo sentido";1;0;1;0;0;0;0;0;0;0;1;1;0;0;0
"30/07/2024";"07:56:00";"158";"Com vítima";"184,000";"BR-116/RJ";"Decrescente";"Colisão traseira";1;0;0;0;0;0;0;0;0;1;0;2;0;0;0
"30/07/2024";"09:17:00";"174";"Com vítima";"174,000";"BR-116/RJ";"Decrescente";"Queda de moto";0;0;0;1;0;0;0;0;0;0;0;1;0;0;0
"30/07/2024";"10:46:00";"194";"Com vítima";"191,300";"BR-116/RJ";"Decrescente";"Queda de moto";0;0;0;1;0;0;0;0;0;0;0;1;0;0;0
"30/07/2024";"11:08:00";"196";"Com vítima";"191,900";"BR-116/RJ";"Decrescente";"Colisão traseira";1;0;0;1;0;0;0;0;0;0;0;2;0;0;0
"30/07/2024";"12:20:00";"209";"Sem vítima";"35,000";"BR-116/RJ";"Crescente";"Choque";1;0;0;0;0;0;0;0;0;0;1;0;0;0;0
"30/07/2024";"12:48:00";"215";"Com vítima";"60,773";"BR-116/RJ";"Decrescente";"Capotamento";1;0;0;0;0;0;0;0;0;0;0;1;0;0;0
"30/07/2024";"03:12:00";"249";"Com vítima";"22,000";"BR-465/RJ";"Crescente";"Colisão lateral em sentido contrário";0;0;0;1;0;1;0;0;0;0;1;1;0;0;0
"30/07/2024";"03:16:00";"250";"Com vítima";"174,342";"BR-116/RJ";"Crescente";"Choque";1;0;0;0;0;1;0;0;0;0;0;2;0;0;0
"30/07/2024";"03:30:00";"252";"Com vítima";"141,897";"BR-116/RJ";"Crescente";"Colisão traseira";0;0;0;1;0;1;0;0;0;0;1;0;1;0;0
"30/07/2024";"03:46:00";"257";"Com vítima";"0,365";"BR-493/RJ";"Crescente";"Colisão traseira";0;0;0;1;0;1;0;0;0;0;1;0;1;0;0
"30/07/2024";"05:49:00";"283";"Com vítima";"143,500";"BR-116/RJ";"Decrescente";"Atropelamento de pedestre";0;0;0;1;0;0;0;0;0;0;2;1;1;0;0
"30/07/2024";"06:33:00";"289";"Com vítima";"170,225";"BR-116/RJ";"Decrescente";"Colisão transversal";1;0;0;0;0;1;0;0;0;0;1;2;0;0;0
"30/07/2024";"06:33:00";"290";"Com vítima";"146,000";"BR-116/RJ";"Crescente";"Colisão traseira";0;0;0;1;1;0;0;0;0;0;0;2;0;0;0
"31/07/2024";"02:01:00";"118";"Com vítima";"95,995";"BR-493/RJ";"Crescente";"Choque";1;0;0;0;0;0;0;0;0;0;0;2;0;0;0
"31/07/2024";"02:40:00";"120";"Com vítima";"60,856";"BR-493/RJ";"Decrescente";"Atropelamento de animal";3;0;0;0;0;0;0;0;0;0;1;2;0;0;0
"31/07/2024";"02:40:00";"124";"Com vítima";"60,856";"BR-493/RJ";"Decrescente";"Colisão traseira";2;0;0;0;0;0;0;0;0;0;0;2;0;0;0
"31/07/2024";"02:40:00";"140";"Com vítima";"60,856";"BR-493/RJ";"Decrescente";"Atropelamento de animal";3;0;0;0;0;0;0;0;0;0;0;3;0;0;0
"31/07/2024";"04:21:00";"135";"Com vítima";"136,000";"BR-116/RJ";"Crescente";"Choque";1;0;0;0;0;0;0;0;0;0;0;2;0;0;0
"31/07/2024";"04:39:00";"142";"Com vítima";"67,893";"BR-116/RJ";"Crescente";"Choque";0;0;0;1;0;0;0;0;0;0;0;1;0;0;0
"31/07/2024";"05:02:00";"147";"Com vítima";"10,000";"BR-493/RJ";"Crescente";"Colisão lateral em sentido contrário";1;0;1;0;0;0;0;0;0;0;0;3;0;0;0
"31/07/2024";"05:17:00";"153";"Com vítima";"139,893";"BR-116/RJ";"Crescente";"Engavetamento";0;0;2;0;1;0;0;0;0;1;1;4;2;0;0
"31/07/2024";"05:39:00";"155";"Com vítima";"195,000";"BR-116/RJ";"Crescente";"Choque";1;0;0;0;0;0;0;0;0;0;0;2;0;0;0
"31/07/2024";"05:53:00";"162";"Com vítima";"213,000";"BR-116/RJ";"Decrescente";"Colisão traseira";1;0;0;0;0;1;0;0;0;0;0;2;0;0;0
"31/07/2024";"07:41:00";"171";"Sem vítima";"171,000";"BR-116/RJ";"Crescente";"Choque";0;0;0;0;1;0;0;0;0;0;1;0;0;0;0
"31/07/2024";"07:44:00";"172";"Com vítima";"174,000";"BR-116/RJ";"Decrescente";"Engavetamento";1;0;0;1;1;0;0;0;0;0;1;3;0;0;0
"31/07/2024";"08:54:00";"189";"Com vítima";"148,150";"BR-116/RJ";"Crescente";"Colisão traseira";2;0;0;0;0;0;0;0;0;0;0;2;0;0;0
"31/07/2024";"09:10:00";"192";"Com vítima";"726,000";"BR-116/RJ";"Crescente";"Colisão lateral no mesmo sentido";1;0;0;1;0;0;0;0;0;0;1;1;0;0;0
"31/07/2024";"09:28:00";"194";"Com vítima";"181,000";"BR-116/RJ";"Crescente";"Atropelamento de pedestre";0;0;1;0;0;0;0;0;0;0;0;3;0;0;1
"31/07/2024";"09:48:00";"199";"Com vítima";"5,400";"BR-465/RJ";"Decrescente";"Colisão lateral no mesmo sentido";1;0;0;1;0;0;0;0;0;0;0;1;1;0;0
"31/07/2024";"12:24:00";"230";"Com vítima";"97,515";"BR-116/RJ";"Decrescente";"Tombamento";0;0;1;0;0;0;0;0;0;0;0;0;2;0;0
"31/07/2024";"01:11:00";"237";"Com vítima";"764,000";"BR-116/RJ";"Crescente";"Colisão lateral no mesmo sentido";2;0;0;0;0;0;0;0;0;0;0;5;0;0;0
"31/07/2024";"01:54:00";"245";"Com vítima";"189,441";"BR-116/RJ";"Crescente";"Colisão traseira";0;0;0;1;1;0;0;0;0;0;0;1;1;0;0
"31/07/2024";"03:47:00";"263";"Com vítima";"423,000";"BR-116/RJ";"Crescente";"Colisão transversal";2;0;0;0;0;0;0;0;0;0;1;1;0;0;0
"31/07/2024";"03:52:00";"266";"Com vítima";"702,000";"BR-116/RJ";"Decrescente";"Colisão traseira";1;0;0;1;0;0;0;0;0;0;0;2;0;0;0
"31/07/2024";"09:05:00";"6";"Com vítima";"170,000";"BR-116/RJ";"Crescente";"Saída de pista";1;0;0;0;0;0;0;0;0;0;0;1;0;0;0
"31/07/2024";"09:55:00";"74";"Com vítima";"70,600";"BR-116/RJ";"Crescente";"Colisão transversal";1;0;0;1;0;0;0;0;0;0;1;0;0;0;1
"31/07/2024";"11:46:00";"115";"Sem vítima";"430,000";"BR-116/RJ";"Decrescente";"Atropelamento de animal";1;0;0;0;0;0;0;0;0;0;1;0;0;0;0
"01/08/2024";"05:38:00";"198";"Com vítima";"708,000";"BR-116/RJ";"Crescente";"Choque";1;0;0;0;0;1;0;0;0;0;0;2;0;0;0
"01/08/2024";"07:03:00";"215";"Com vítima";"171,800";"BR-116/RJ";"Crescente";"Colisão traseira";2;0;0;0;0;0;0;0;0;0;0;3;0;0;0
"01/08/2024";"08:20:00";"233";"Com vítima";"440,000";"BR-116/RJ";"Crescente";"Choque";1;0;0;0;0;0;0;0;0;0;0;1;0;0;0
"01/08/2024";"09:25:00";"245";"Com vítima";"49,468";"BR-493/RJ";"Crescente";"Queda de moto";0;0;0;1;0;0;0;0;0;0;0;1;0;0;0
"01/08/2024";"09:29:00";"246";"Com vítima";"102,130";"BR-116/RJ";"Crescente";"Choque";0;0;0;1;0;0;0;0;0;0;0;0;1;0;0
"01/08/2024";"10:18:00";"258";"Com vítima";"147,000";"BR-116/RJ";"Crescente";"Engavetamento";3;0;0;0;0;0;0;0;0;0;0;3;0;0;0
"01/08/2024";"12:45:00";"280";"Sem vítima";"413,230";"BR-116/RJ";"Decrescente";"Colisão traseira";2;0;0;0;0;0;0;0;0;0;2;0;0;0;0
"01/08/2024";"02:17:00";"299";"Com vítima";"185,000";"BR-116/RJ";"Crescente";"Colisão traseira";1;0;0;1;0;0;0;0;0;0;1;2;0;0;0
"01/08/2024";"02:42:00";"304";"Com vítima";"181,950";"BR-116/RJ";"Crescente";"Colisão traseira";1;0;0;1;0;0;0;0;0;0;0;3;0;0;0
"01/08/2024";"02:52:00";"307";"Com vítima";"183,000";"BR-116/RJ";"Crescente";"Colisão lateral no mesmo sentido";1;0;0;1;0;0;0;0;0;0;1;1;0;0;0
"01/08/2024";"04:42:00";"329";"Com vítima";"180,000";"BR-116/RJ";"Crescente";"Colisão traseira";1;0;0;1;0;0;0;0;0;0;1;1;0;0;0
"01/08/2024";"07:13:00";"353";"Com vítima";"708,767";"BR-116/RJ";"Crescente";"Tombamento";0;0;0;0;0;1;0;0;0;0;0;0;1;0;0
"02/08/2024";"04:33:00";"166";"Com vítima";"505,000";"BR-116/RJ";"Crescente";"Colisão traseira";1;0;0;1;0;0;0;0;0;0;1;1;0;0;0
"02/08/2024";"05:55:00";"180";"Com vítima";"187,000";"BR-116/RJ";"Decrescente";"Colisão traseira";1;0;0;1;0;0;0;0;0;0;1;0;1;0;0
"02/08/2024";"06:37:00";"191";"Com vítima";"184,100";"BR-116/RJ";"Decrescente";"Engavetamento";2;0;1;0;0;0;0;0;0;0;0;4;0;0;0
"02/08/2024";"06:59:00";"199";"Com vítima";"131,000";"BR-116/RJ";"Decrescente";"Colisão lateral no mesmo sentido";1;0;1;0;0;0;0;0;0;0;0;2;0;0;0
"02/08/2024";"09:17:00";"229";"Sem vítima";"178,000";"BR-116/RJ";"Crescente";"Colisão traseira";1;0;1;0;0;0;0;0;0;0;2;0;0;0;0
"02/08/2024";"11:02:00";"238";"Com vítima";"703,000";"BR-116/RJ";"Decrescente";"Capotamento";1;0;0;0;0;0;0;0;0;0;0;1;0;0;0
"02/08/2024";"11:46:00";"243";"Sem vítima";"702,000";"BR-116/RJ";"Decrescente";"Colisão lateral no mesmo sentido";2;0;0;0;0;0;0;0;0;0;3;0;0;0;0
"02/08/2024";"12:57:00";"261";"Com vítima";"178,200";"BR-116/RJ";"Crescente";"Engavetamento";4;0;0;0;0;0;0;0;0;0;1;6;1;0;0
"02/08/2024";"01:38:00";"275";"Com vítima";"182,000";"BR-116/RJ";"Crescente";"Colisão traseira";1;0;0;1;0;1;0;0;0;0;0;3;0;0;0
"02/08/2024";"01:46:00";"277";"Com vítima";"699,000";"BR-116/RJ";"Decrescente";"Colisão transversal";2;0;0;0;0;0;0;0;0;0;0;2;0;0;0
"02/08/2024";"02:55:00";"288";"Com vítima";"20,726";"BR-465/RJ";"Crescente";"Colisão transversal";1;0;0;1;0;0;0;0;0;0;1;2;0;0;0
"02/08/2024";"04:43:00";"318";"Com vítima";"175,000";"BR-116/RJ";"Crescente";"Colisão lateral no mesmo sentido";1;0;0;1;0;0;0;0;0;0;2;1;0;0;0
"02/08/2024";"04:48:00";"319";"Sem vítima";"173,000";"BR-116/RJ";"Crescente";"Colisão traseira";2;0;0;0;0;0;0;0;0;0;2;0;0;0;0
"02/08/2024";"05:34:00";"325";"Sem vítima";"146,563";"BR-116/RJ";"Decrescente";"Colisão traseira";1;0;1;0;0;0;0;0;0;0;4;0;0;0;0
"02/08/2024";"06:12:00";"331";"Com vítima";"178,865";"BR-116/RJ";"Decrescente";"Colisão traseira";0;0;1;1;0;0;0;0;0;0;1;0;1;0;0
"02/08/2024";"10:03:00";"73";"Com vítima";"178,000";"BR-116/RJ";"Crescente";"Colisão lateral no mesmo sentido";1;0;0;1;0;0;0;0;0;0;2;0;1;0;0
"02/08/2024";"11:42:00";"104";"Com vítima";"195,013";"BR-116/RJ";"Crescente";"Queda de moto";0;0;0;1;0;0;0;0;0;0;0;2;0;0;0
"03/08/2024";"01:08:00";"109";"Com vítima";"204,656";"BR-116/RJ";"Decrescente";"Atropelamento de animal";1;0;0;0;0;0;0;0;0;0;1;0;0;0;0
"03/08/2024";"01:10:00";"110";"Sem vítima";"105,000";"BR-116/RJ";"Decrescente";"Choque";1;0;0;0;0;0;0;0;0;0;1;0;0;0;0
"03/08/2024";"02:34:00";"121";"Com vítima";"10,774";"BR-116/RJ";"Decrescente";"Choque";1;0;0;0;0;0;0;0;0;0;0;1;0;0;0
"03/08/2024";"02:38:00";"122";"Sem vítima";"96,000";"BR-493/RJ";"Crescente";"Choque";1;0;0;0;0;0;0;0;0;0;2;0;0;0;0
"03/08/2024";"03:20:00";"125";"Com vítima";"441,000";"BR-116/RJ";"Crescente";"Queda de moto";0;0;0;1;0;0;0;0;0;0;0;0;2;0;0
"03/08/2024";"04:04:00";"128";"Com vítima";"531,000";"BR-116/RJ";"Crescente";"Tombamento";1;0;0;0;0;0;0;0;0;0;0;0;1;0;0