data;horario;n_da_ocorrencia;tipo_de_ocorrencia;km;trecho;sentido;tipo_de_acidente;automovel;bicicleta;caminhao;moto;onibus;outros;tracao_animal;transporte_de_cargas_especiais;trator_maquinas;utilitarios;ilesos;levemente_feridos;moderadamente_feridos;gravemente_feridos;mortos
"03/08/2024";"04:55:00";"138";"Sem vítima";"136,000";"BR-116/RJ";"Crescente";"Colisão transversal";2;0;0;0;0;0;0;0;0;0;3;0;0;0;0
"03/08/2024";"05:19:00";"144";"Sem vítima";"781,000";"BR-116/RJ";"Crescente";"Saída de pista";1;0;0;0;0;0;0;0;0;0;3;0;0;0;0
"03/08/2024";"05:24:00";"146";"Com vítima";"137,000";"BR-116/RJ";"Decrescente";"Colisão lateral no mesmo sentido";1;0;0;0;0;1;0;0;0;0;1;1;0;0;0
"03/08/2024";"05:53:00";"151";"Sem vítima";"423,000";"BR-116/RJ";"Decrescente";"Colisão traseira";2;0;0;0;0;0;0;0;0;0;3;0;0;0;0
"03/08/2024";"06:06:00";"154";"Com vítima";"204,000";"BR-116/RJ";"Decrescente";"Queda de moto";0;0;0;1;0;0;0;0;0;0;0;1;0;0;0
"03/08/2024";"08:17:00";"179";"Sem vítima";"45,000";"BR-116/RJ";"Crescente";"Saída de pista";1;0;0;0;0;0;0;0;0;0;1;0;0;0;0
"03/08/2024";"08:33:00";"184";"Com vítima";"175,000";"BR-116/RJ";"Decrescente";"Colisão lateral no mesmo sentido";1;0;0;1;0;0;0;0;0;0;0;6;1;0;0
"03/08/2024";"08:40:00";"187";"Com vítima";"19,000";"BR-116/RJ";"Decrescente";"Atropelamento de ciclista";0;1;0;1;0;0;0;0;0;0;2;0;0;0;0
"03/08/2024";"09:01:00";"196";"Com vítima";"175,400";"BR-116/RJ";"Decrescente";"Colisão lateral no mesmo sentido";1;0;0;1;0;0;0;0;0;0;1;0;1;0;0
"03/08/2024";"09:39:00";"206";"Com vítima";"441,000";"BR-116/RJ";"Crescente";"Capotamento";1;0;0;0;0;0;0;0;0;0;0;2;0;0;0
"03/08/2024";"12:06:00";"225";"Com vítima";"77,000";"BR-116/RJ";"Decrescente";"Choque";1;0;0;0;0;0;0;0;0;0;0;1;0;0;0
"03/08/2024";"12:16:00";"229";"Sem vítima";"139,000";"BR-116/RJ";"Crescente";"Choque";1;0;0;0;0;0;0;0;0;0;1;0;0;0;0
"03/08/2024";"02:42:00";"252";"Com vítima";"133,284";"BR-116/RJ";"Crescente";"Colisão traseira";0;0;0;1;0;0;0;0;0;1;1;1;0;0;0
"03/08/2024";"03:07:00";"254";"Com vítima";"70,454";"BR-116/RJ";"Decrescente";"Atropelamento de animal";1;0;0;0;0;0;1;0;0;0;1;0;0;0;0
"03/08/2024";"03:41:00";"262";"Com vítima";"13,800";"BR-465/RJ";"Crescente";"Atropelamento de ciclista";0;1;0;0;0;1;0;0;0;0;1;0;0;0;0
"03/08/2024";"04:05:00";"270";"Sem vítima";"207,000";"BR-116/RJ";"Decrescente";"Colisão lateral no mesmo sentido";2;0;0;0;0;0;0;0;0;0;6;0;0;0;0
"03/08/2024";"06:04:00";"305";"Com vítima";"172,264";"BR-116/RJ";"Decrescente";"Choque";1;0;0;0;0;0;0;0;0;0;0;1;2;0;0
"03/08/2024";"06:57:00";"312";"Com vítima";"7,950";"BR-493/RJ";"Crescente";"Atropelamento de ciclista";0;1;0;1;0;0;0;0;0;0;0;1;0;0;0
"03/08/2024";"08:15:00";"320";"Com vítima";"170,000";"BR-116/RJ";"Crescente";"Choque";1;0;0;0;0;0;0;0;0;0;1;0;1;0;0
"04/08/2024";"01:34:00";"24";"Com vítima";"544,989";"BR-116/RJ";"Crescente";"Capotamento";1;0;0;0;0;0;0;0;0;0;0;1;0;0;0
"04/08/2024";"02:53:00";"30";"Com vítima";"172,000";"BR-116/RJ";"Decrescente";"Colisão traseira";1;0;0;1;0;0;0;0;0;0;0;2;0;0;0
"04/08/2024";"03:55:00";"35";"Com vítima";"176,000";"BR-116/RJ";"Crescente";"Colisão lateral no mesmo sentido";1;0;0;1;0;0;0;0;0;0;0;2;0;0;0
"04/08/2024";"05:42:00";"47";"Com vítima";"181,000";"BR-116/RJ";"Crescente";"Colisão traseira";0;0;0;2;0;0;0;0;0;0;0;2;0;0;0
"04/08/2024";"08:13:00";"69";"Com vítima";"128,000";"BR-116/RJ";"Decrescente";"Tombamento";0;0;1;1;0;0;0;0;0;0;1;1;1;0;0
"04/08/2024";"08:18:00";"70";"Com vítima";"196,100";"BR-116/RJ";"Crescente";"Colisão lateral em sentido contrário";1;0;0;1;0;0;0;0;0;0;0;2;0;0;0
"04/08/2024";"09:22:00";"81";"Com vítima";"647,000";"BR-116/RJ";"Crescente";"Colisão frontal";1;0;0;1;0;0;0;0;0;0;4;0;1;1;0
"04/08/2024";"10:03:00";"90";"Com vítima";"581,000";"BR-116/RJ";"Crescente";"Colisão lateral no mesmo sentido";1;0;0;1;0;0;0;0;0;0;1;0;1;0;0
"04/08/2024";"10:04:00";"91";"Com vítima";"49,483";"BR-116/RJ";"Decrescente";"Queda de moto";0;0;0;1;0;0;0;0;0;0;0;0;1;0;0
"04/08/2024";"01:40:00";"125";"Com vítima";"172,000";"BR-116/RJ";"Crescente";"Atropelamento de pedestre";1;0;0;0;0;0;0;0;0;0;1;0;0;1;0
"04/08/2024";"03:30:00";"159";"Sem vítima";"193,800";"BR-116/RJ";"Decrescente";"Colisão traseira";1;0;0;0;0;1;0;0;0;0;2;0;0;0;0
"04/08/2024";"05:45:00";"179";"Com vítima";"169,157";"BR-116/RJ";"Crescente";"Choque";0;0;0;0;0;1;0;0;0;0;1;1;0;0;0
"04/08/2024";"09:12:00";"12";"Com vítima";"577,000";"BR-116/RJ";"Decrescente";"Capotamento";1;0;0;0;0;0;0;0;0;0;0;1;0;0;0
"04/08/2024";"10:28:00";"84";"Com vítima";"640,500";"BR-116/RJ";"Crescente";"Choque";1;0;0;0;0;0;0;0;0;0;0;2;0;0;0
"05/08/2024";"12:28:00";"107";"Com vítima";"668,853";"BR-116/RJ";"Crescente";"Atropelamento de animal";0;0;1;0;0;0;0;0;0;0;0;1;0;0;0
"05/08/2024";"12:33:00";"109";"Com vítima";"185,155";"BR-116/RJ";"Decrescente";"Capotamento";1;0;0;0;0;0;0;0;0;0;0;1;0;0;0
"05/08/2024";"02:44:00";"118";"Com vítima";"19,800";"BR-465/RJ";"Crescente";"Choque";1;0;0;0;0;0;0;0;0;0;0;2;0;0;0
"05/08/2024";"05:26:00";"140";"Sem vítima";"421,000";"BR-116/RJ";"Decrescente";"Colisão lateral no mesmo sentido";1;0;0;1;0;0;0;0;0;0;2;0;0;0;0
"05/08/2024";"05:38:00";"141";"Com vítima";"24,000";"BR-493/RJ";"Crescente";"Colisão traseira";1;0;1;0;0;0;0;0;0;0;1;1;0;0;0
"05/08/2024";"08:28:00";"167";"Com vítima";"64,000";"BR-493/RJ";"Decrescente";"Colisão lateral no mesmo sentido";2;0;0;0;0;0;0;0;0;0;0;3;0;0;0
"05/08/2024";"09:06:00";"179";"Sem vítima";"172,349";"BR-116/RJ";"Decrescente";"Engavetamento";3;0;0;0;0;0;0;0;0;0;3;0;0;0;0
"05/08/2024";"10:01:00";"190";"Com vítima";"784,000";"BR-116/RJ";"Crescente";"Colisão traseira";1;0;0;0;0;1;0;0;0;0;0;2;0;0;0
"05/08/2024";"11:24:00";"202";"Com vítima";"671,000";"BR-116/RJ";"Decrescente";"Colisão transversal";1;0;0;1;0;0;0;0;0;0;0;3;0;0;0
"05/08/2024";"11:41:00";"205";"Com vítima";"13,239";"BR-465/RJ";"Decrescente";"Colisão lateral no mesmo sentido";1;0;0;1;0;0;0;0;0;0;1;1;0;0;0
"05/08/2024";"12:02:00";"211";"Com vítima";"133,000";"BR-116/RJ";"Decrescente";"Colisão lateral no mesmo sentido";0;0;0;0;1;0;0;0;0;1;0;2;0;0;0
"05/08/2024";"12:50:00";"221";"Com vítima";"701,000";"BR-116/RJ";"Decrescente";"Colisão traseira";2;0;0;0;0;0;0;0;0;0;1;3;0;0;0
"05/08/2024";"01:06:00";"223";"Com vítima";"519,000";"BR-116/RJ";"Decrescente";"Colisão lateral no mesmo sentido";1;0;0;0;0;1;0;0;0;0;1;2;0;0;0
"05/08/2024";"01:07:00";"224";"Com vítima";"182,402";"BR-116/RJ";"Crescente";"Colisão lateral no mesmo sentido";1;0;0;1;0;0;0;0;0;0;2;1;0;0;0
"05/08/2024";"02:13:00";"240";"Sem vítima";"5,500";"BR-465/RJ";"Crescente";"Engavetamento";3;0;0;0;0;0;0;0;0;0;3;0;0;0;0
"05/08/2024";"06:32:00";"300";"Com vítima";"614,000";"BR-116/RJ";"Decrescente";"Colisão traseira";0;0;0;1;0;0;0;0;0;0;0;0;3;0;0
"06/08/2024";"04:15:00";"148";"Com vítima";"613,800";"BR-116/RJ";"Decrescente";"Colisão traseira";0;0;2;0;0;0;0;0;0;0;0;2;0;0;0
"06/08/2024";"05:22:00";"155";"Com vítima";"122,696";"BR-493/RJ";"Crescente";"Capotamento";1;0;1;0;0;0;0;0;0;0;1;1;0;0;0
"06/08/2024";"07:07:00";"171";"Com vítima";"485,690";"BR-116/RJ";"Crescente";"Saída de pista";0;0;0;0;0;1;0;0;0;0;0;2;0;0;0
"06/08/2024";"07:48:00";"180";"Com vítima";"657,000";"BR-116/RJ";"Crescente";"Colisão lateral no mesmo sentido";1;0;0;0;0;1;0;0;0;0;1;1;0;0;0
"06/08/2024";"10:18:00";"211";"Com vítima";"172,016";"BR-116/RJ";"Crescente";"Colisão lateral no mesmo sentido";1;0;0;0;1;0;0;0;0;0;0;5;0;0;1
"06/08/2024";"12:35:00";"230";"Com vítima";"188,546";"BR-116/RJ";"Crescente";"Colisão lateral no mesmo sentido";1;0;0;0;0;1;0;0;0;0;0;2;0;0;0
"06/08/2024";"01:54:00";"245";"Com vítima";"187,321";"BR-116/RJ";"Decrescente";"Colisão lateral no mesmo sentido";1;0;0;1;0;0;0;0;0;0;1;0;1;0;0
"06/08/2024";"02:24:00";"254";"Com vítima";"82,000";"BR-116/RJ";"Crescente";"Colisão lateral em sentido contrário";1;0;0;1;0;0;0;0;0;0;0;2;0;0;0
"06/08/2024";"03:11:00";"259";"Sem vítima";"96,000";"BR-493/RJ";"Crescente";"Saída de pista";1;0;0;0;0;0;0;0;0;0;5;0;0;0;0
"06/08/2024";"03:14:00";"262";"Sem vítima";"796,000";"BR-116/RJ";"Crescente";"Choque";1;0;0;0;0;0;0;0;0;0;1;0;0;0;0
"06/08/2024";"03:25:00";"263";"Com vítima";"415,000";"BR-116/RJ";"Crescente";"Colisão lateral no mesmo sentido";1;0;0;1;0;0;0;0;0;0;0;2;0;0;0
"06/08/2024";"04:01:00";"268";"Com vítima";"0,800";"BR-465/RJ";"Decrescente";"Atropelamento de pedestre";1;0;0;0;0;0;0;0;0;0;2;0;1;0;0
"06/08/2024";"05:31:00";"295";"Com vítima";"137,907";"BR-116/RJ";"Crescente";"Choque";0;0;1;0;0;0;0;0;0;0;0;0;2;0;0
"06/08/2024";"07:00:00";"312";"Sem vítima";"183,380";"BR-116/RJ";"Crescente";"Colisão lateral no mesmo sentido";2;0;0;0;0;0;0;0;0;0;2;0;0;0;0
"06/08/2024";"09:14:00";"1";"Com vítima";"194,000";"BR-116/RJ";"Decrescente";"Capotamento";1;0;0;0;0;0;0;0;0;0;0;1;0;0;0
"06/08/2024";"09:15:00";"5";"Com vítima";"100,795";"BR-116/RJ";"Decrescente";"Choque";0;0;0;0;0;2;0;0;0;0;1;1;0;0;0
"06/08/2024";"10:13:00";"48";"Com vítima";"659,000";"BR-116/RJ";"Crescente";"Choque";1;0;0;0;0;0;0;0;0;0;0;2;1;0;0
"07/08/2024";"03:27:00";"158";"Sem vítima";"141,000";"BR-116/RJ";"Crescente";"Colisão traseira";2;0;0;0;0;0;0;0;0;0;2;0;0;0;0
"07/08/2024";"05:44:00";"194";"Com vítima";"180,000";"BR-116/RJ";"Crescente";"Colisão traseira";1;0;0;0;1;0;0;0;0;0;0;1;2;1;0
"07/08/2024";"06:01:00";"200";"Com vítima";"146,000";"BR-116/RJ";"Crescente";"Colisão lateral no mesmo sentido";0;0;0;1;0;0;0;0;0;1;0;3;0;0;0
"07/08/2024";"07:45:00";"223";"Com vítima";"143,000";"BR-116/RJ";"Crescente";"Atropelamento de pedestre";0;0;0;1;0;0;0;0;0;0;0;2;0;0;0
"07/08/2024";"07:46:00";"224";"Sem vítima";"67,000";"BR-116/RJ";"Crescente";"Queda de moto";0;0;0;1;0;0;0;0;0;0;1;0;0;0;0
"07/08/2024";"10:23:00";"266";"Com vítima";"179,900";"BR-116/RJ";"Decrescente";"Colisão traseira";1;0;0;1;0;0;0;0;0;0;0;1;0;1;0
"07/08/2024";"10:34:00";"272";"Com vítima";"5,000";"BR-116/RJ";"Crescente";"Engavetamento";2;0;1;0;0;1;0;0;0;0;2;2;1;0;0
"07/08/2024";"02:10:00";"307";"Com vítima";"95,000";"BR-116/RJ";"Crescente";"Choque";1;0;0;0;0;0;0;0;0;0;0;2;0;0;0
"07/08/2024";"03:34:00";"321";"Sem vítima";"7,508";"BR-465/RJ";"Crescente";"Queda de moto";0;0;0;1;0;0;0;0;0;0;1;0;0;0;0
"07/08/2024";"03:50:00";"326";"Com vítima";"614,541";"BR-116/RJ";"Crescente";"Colisão transversal";1;0;0;1;0;0;0;0;0;0;0;2;1;0;0
"07/08/2024";"04:09:00";"328";"Com vítima";"4,300";"BR-493/RJ";"Decrescente";"Atropelamento de pedestre";0;0;0;1;0;0;0;0;0;0;0;1;1;0;0
"07/08/2024";"04:39:00";"336";"Com vítima";"516,000";"BR-116/RJ";"Decrescente";"Choque";1;0;0;0;0;0;0;0;0;0;0;1;0;0;0
"07/08/2024";"04:48:00";"342";"Com vítima";"415,107";"BR-116/RJ";"Decrescente";"Colisão traseira";2;0;0;0;0;0;0;0;0;0;0;2;0;0;0
"07/08/2024";"07:47:00";"364";"Com vítima";"2,740";"BR-493/RJ";"Crescente";"Atropelamento de animal";0;0;0;1;0;0;0;0;0;0;0;0;0;0;1
"07/08/2024";"08:10:00";"367";"Sem vítima";"169,955";"BR-116/RJ";"Crescente";"Choque";2;0;0;0;0;0;0;0;0;0;2;0;0;0;0
"07/08/2024";"08:45:00";"373";"Com vítima";"185,000";"BR-116/RJ";"Decrescente";"Colisão traseira";0;0;0;1;0;0;0;0;0;1;1;0;1;0;0
"07/08/2024";"10:42:00";"106";"Sem vítima";"186,543";"BR-116/RJ";"Crescente";"Colisão traseira";2;0;0;0;0;0;0;0;0;0;2;0;0;0;0
"07/08/2024";"11:00:00";"110";"Sem vítima";"210,097";"BR-116/RJ";"Decrescente";"Colisão traseira";0;0;0;0;0;1;0;0;0;1;2;0;0;0;0
"08/08/2024";"12:16:00";"115";"Com vítima";"59,930";"BR-493/RJ";"Decrescente";"Tombamento";0;0;0;0;0;1;0;0;0;0;0;1;0;0;0
"08/08/2024";"01:16:00";"126";"Com vítima";"441,000";"BR-116/RJ";"Decrescente";"Capotamento";1;0;0;0;0;0;0;0;0;0;0;1;0;0;0
"08/08/2024";"02:13:00";"150";"Com vítima";"197,462";"BR-116/RJ";"Crescente";"Atropelamento de pedestre";0;0;0;0;0;1;0;0;0;0;0;1;0;0;1
"08/08/2024";"03:42:00";"162";"Com vítima";"66,000";"BR-493/RJ";"Crescente";"Colisão traseira";2;0;0;0;0;0;0;0;0;0;0;1;1;0;0
"08/08/2024";"06:07:00";"186";"Com vítima";"212,000";"BR-116/RJ";"Crescente";"Colisão traseira";0;0;1;0;0;1;0;0;0;0;0;2;0;0;0
"08/08/2024";"06:53:00";"194";"Com vítima";"91,000";"BR-493/RJ";"Crescente";"Queda de moto";0;0;0;1;0;0;0;0;0;0;0;1;0;0;0
"08/08/2024";"07:05:00";"197";"Com vítima";"490,000";"BR-116/RJ";"Crescente";"Colisão traseira";2;0;0;0;0;0;0;0;0;0;2;1;0;0;0
"08/08/2024";"09:37:00";"235";"Com vítima";"113,837";"BR-493/RJ";"Crescente";"Engavetamento";2;0;0;1;0;2;0;0;0;0;3;0;0;2;2
"08/08/2024";"10:24:00";"244";"Com vítima";"0,600";"BR-465/RJ";"Crescente";"Colisão lateral no mesmo sentido";1;0;0;1;0;0;0;0;0;0;0;2;0;0;0
"08/08/2024";"12:11:00";"263";"Com vítima";"58,000";"BR-493/RJ";"Decrescente";"Capotamento";1;0;0;0;0;0;0;0;0;0;0;1;1;0;0
"08/08/2024";"05:21:00";"342";"Com vítima";"201,035";"BR-116/RJ";"Crescente";"Atropelamento de animal";0;0;0;0;0;1;0;0;0;0;1;0;0;0;0
"08/08/2024";"06:50:00";"352";"Com vítima";"106,677";"BR-493/RJ";"Decrescente";"Atropelamento de animal";1;0;0;0;0;0;0;0;0;0;1;1;0;0;0
"08/08/2024";"08:10:00";"361";"Com vítima";"527,000";"BR-116/RJ";"Crescente";"Colisão traseira";5;0;0;0;0;0;0;0;0;0;3;2;0;0;0
"08/08/2024";"08:27:00";"364";"Com vítima";"702,000";"BR-116/RJ";"Crescente";"Colisão transversal";0;0;0;2;0;0;0;0;0;0;0;0;2;0;0
"09/08/2024";"03:58:00";"149";"Com vítima";"738,000";"BR-116/RJ";"Crescente";"Choque";0;0;1;0;0;0;0;0;0;0;0;2;0;0;0
"09/08/2024";"04:06:00";"152";"Com vítima";"121,000";"BR-116/RJ";"Crescente";"Capotamento";0;0;1;0;0;0;0;0;0;0;0;1;0;0;0
"09/08/2024";"04:39:00";"160";"Com vítima";"147,000";"BR-116/RJ";"Crescente";"Engavetamento";1;0;0;1;0;1;0;0;0;0;1;3;0;0;0
"09/08/2024";"05:13:00";"170";"Sem vítima";"177,500";"BR-116/RJ";"Decrescente";"Queda de moto";0;0;0;1;0;0;0;0;0;0;1;0;0;0;0
"09/08/2024";"07:47:00";"199";"Sem vítima";"212,900";"BR-116/RJ";"Decrescente";"Colisão traseira";1;0;1;0;0;0;0;0;0;0;2;0;0;0;0
"09/08/2024";"12:09:00";"250";"Sem vítima";"178,383";"BR-116/RJ";"Crescente";"Colisão traseira";2;0;0;0;0;0;0;0;0;0;2;0;0;0;0
"09/08/2024";"01:20:00";"267";"Com vítima";"412,000";"BR-116/RJ";"Decrescente";"Colisão lateral no mesmo sentido";0;0;0;2;0;0;0;0;0;0;0;2;0;0;0
"09/08/2024";"02:07:00";"277";"Com vítima";"746,000";"BR-116/RJ";"Decrescente";"Colisão lateral no mesmo sentido";1;0;1;0;0;0;0;0;0;0;0;4;0;0;0
"09/08/2024";"02:09:00";"278";"Com vítima";"1,000";"BR-493/RJ";"Crescente";"Engavetamento";3;0;0;0;0;0;0;0;0;0;0;3;0;0;0
"09/08/2024";"02:50:00";"290";"Com vítima";"541,000";"BR-116/RJ";"Crescente";"Colisão transversal";1;0;0;1;0;0;0;0;0;0;0;2;0;0;0
"09/08/2024";"03:33:00";"298";"Com vítima";"19,200";"BR-493/RJ";"Decrescente";"Colisão transversal";0;0;0;1;1;0;0;0;0;0;1;1;0;0;0
"09/08/2024";"03:52:00";"303";"Com vítima";"178,000";"BR-116/RJ";"Crescente";"Colisão lateral no mesmo sentido";0;0;0;1;0;1;0;0;0;0;1;1;0;0;0
"09/08/2024";"07:34:00";"345";"Com vítima";"605,000";"BR-116/RJ";"Crescente";"Colisão traseira";1;0;0;1;0;0;0;0;0;0;0;2;0;0;0
"09/08/2024";"09:03:00";"24";"Com vítima";"622,000";"BR-116/RJ";"Crescente";"Colisão traseira";2;0;0;0;0;0;0;0;0;0;0;4;0;0;0
"10/08/2024";"12:23:00";"88";"Com vítima";"724,000";"BR-116/RJ";"Decrescente";"Colisão traseira";1;0;0;0;0;1;0;0;0;0;1;2;0;0;0
"10/08/2024";"02:14:00";"114";"Com vítima";"773,212";"BR-116/RJ";"Crescente";"Choque";0;0;1;0;0;0;0;0;0;0;0;2;0;0;0
"10/08/2024";"03:05:00";"124";"Com vítima";"547,000";"BR-116/RJ";"Crescente";"Choque";1;0;0;0;0;0;0;0;0;0;0;1;0;0;0
"10/08/2024";"03:34:00";"128";"Com vítima";"128,000";"BR-116/RJ";"Decrescente";"Choque";1;0;0;0;0;0;0;0;0;0;0;1;0;0;0
"10/08/2024";"03:39:00";"129";"Com vítima";"189,600";"BR-116/RJ";"Crescente";"Choque";1;0;0;0;0;0;0;0;0;0;1;1;0;0;0
"10/08/2024";"04:07:00";"134";"Sem vítima";"469,000";"BR-116/RJ";"Decrescente";"Choque";1;0;0;0;0;0;0;0;0;0;1;0;0;0;0
"10/08/2024";"04:25:00";"139";"Com vítima";"201,244";"BR-116/RJ";"Crescente";"Choque";1;0;0;0;0;0;0;0;0;0;0;3;0;0;0
"10/08/2024";"04:46:00";"145";"Com vítima";"104,000";"BR-116/RJ";"Decrescente";"Choque";1;0;0;0;0;0;0;0;0;0;0;1;0;0;0
"10/08/2024";"05:43:00";"158";"Com vítima";"804,000";"BR-116/RJ";"Crescente";"Choque";1;0;0;0;0;0;0;0;0;0;0;1;0;0;0
"10/08/2024";"06:27:00";"166";"Com vítima";"16,000";"BR-493/RJ";"Decrescente";"Colisão traseira";1;0;0;0;0;1;0;0;0;0;0;2;0;0;0
"10/08/2024";"07:05:00";"170";"Com vítima";"214,700";"BR-116/RJ";"Decrescente";"Choque";1;0;0;0;0;0;0;0;0;0;0;3;0;0;0
"10/08/2024";"07:58:00";"177";"Com vítima";"178,687";"BR-116/RJ";"Decrescente";"Choque";1;0;0;0;0;0;0;0;0;1;0;3;0;0;0
"10/08/2024";"08:05:00";"181";"Com vítima";"181,000";"BR-116/RJ";"Decrescente";"Colisão traseira";1;0;0;0;0;1;0;0;0;0;1;4;0;0;0
"10/08/2024";"09:15:00";"192";"Com vítima";"70,669";"BR-116/RJ";"Crescente";"Colisão lateral em sentido contrário";1;0;1;0;0;0;0;0;0;0;0;1;4;1;0
"10/08/2024";"12:07:00";"220";"Com vítima";"666,583";"BR-116/RJ";"Crescente";"Tombamento";0;0;0;0;0;1;0;0;0;0;0;0;1;0;0
"10/08/2024";"12:24:00";"222";"Com vítima";"648,000";"BR-116/RJ";"Crescente";"Colisão traseira";0;0;0;2;0;0;0;0;0;0;0;0;2;0;0
"10/08/2024";"12:48:00";"229";"Com vítima";"211,546";"BR-116/RJ";"Crescente";"Saída de pista";1;0;0;0;0;0;0;0;0;0;0;2;0;0;0
"10/08/2024";"01:24:00";"233";"Com vítima";"190,523";"BR-116/RJ";"Decrescente";"Colisão traseira";2;0;0;1;0;0;0;0;0;0;0;3;0;0;0
"10/08/2024";"04:49:00";"262";"Com vítima";"529,000";"BR-116/RJ";"Crescente";"Colisão traseira";1;0;0;1;0;0;0;0;0;0;1;1;0;0;0
"10/08/2024";"05:31:00";"271";"Com vítima";"540,000";"BR-116/RJ";"Decrescente";"Colisão traseira";1;0;0;1;0;0;0;0;0;0;0;1;1;0;0
"10/08/2024";"05:57:00";"274";"Com vítima";"0,000";"BR-493/RJ";"Decrescente";"Colisão transversal";1;0;0;1;0;0;0;0;0;0;1;1;0;0;0
"10/08/2024";"08:02:00";"283";"Sem vítima";"530,000";"BR-116/RJ";"Decrescente";"Colisão traseira";2;0;0;0;0;0;0;0;0;0;2;0;0;0;0
"10/08/2024";"10:46:00";"27";"Com vítima";"192,300";"BR-116/RJ";"Crescente";"Choque";2;0;0;1;0;1;0;0;0;0;4;1;0;0;0
"11/08/2024";"01:50:00";"43";"Com vítima";"607,558";"BR-116/RJ";"Crescente";"Colisão frontal";1;0;0;1;0;0;0;0;0;0;0;2;2;0;1
"11/08/2024";"05:37:00";"70";"Com vítima";"638,259";"BR-116/RJ";"Crescente";"Tombamento";0;0;0;0;0;1;0;0;0;0;0;0;1;0;0
"11/08/2024";"05:47:00";"71";"Com vítima";"72,000";"BR-493/RJ";"Decrescente";"Choque";1;0;0;0;0;0;0;0;0;0;0;2;0;0;0
"11/08/2024";"09:51:00";"104";"Com vítima";"564,700";"BR-116/RJ";"Decrescente";"Colisão lateral em sentido contrário";1;0;0;1;0;0;0;0;0;0;0;5;0;0;1
"11/08/2024";"11:33:00";"121";"Sem vítima";"51,000";"BR-493/RJ";"Crescente";"Atropelamento de animal";0;0;0;0;0;0;0;0;0;1;1;0;0;0;0
"11/08/2024";"12:44:00";"132";"Sem vítima";"0,200";"BR-493/RJ";"Decrescente";"Colisão lateral no mesmo sentido";0;0;0;1;0;1;0;0;0;0;2;0;0;0;0
"11/08/2024";"12:57:00";"133";"Com vítima";"815,000";"BR-116/RJ";"Crescente";"Choque";0;0;1;0;0;0;0;0;0;0;0;1;0;0;0
"11/08/2024";"01:32:00";"137";"Com vítima";"409,000";"BR-116/RJ";"Decrescente";"Choque";1;0;0;0;0;0;0;0;0;0;0;1;0;0;0
"11/08/2024";"01:43:00";"140";"Com vítima";"113,000";"BR-116/RJ";"Decrescente";"Choque";1;0;0;0;0;0;0;0;0;0;0;1;0;0;0
"11/08/2024";"03:14:00";"153";"Sem vítima";"144,735";"BR-116/RJ";"Crescente";"Engavetamento";3;0;0;0;0;0;0;0;0;0;3;0;0;0;0
"11/08/2024";"03:29:00";"157";"Com vítima";"147,000";"BR-116/RJ";"Decrescente";"Choque";2;0;0;0;0;0;0;0;0;0;0;1;1;0;0
"11/08/2024";"03:38:00";"159";"Com vítima";"192,300";"BR-116/RJ";"Decrescente";"Engavetamento";3;0;0;0;0;0;0;0;0;0;3;5;0;0;0
"11/08/2024";"03:41:00";"161";"Com vítima";"671,000";"BR-116/RJ";"Crescente";"Colisão transversal";0;0;0;1;0;1;0;0;0;0;1;0;1;0;0
"11/08/2024";"04:33:00";"172";"Com vítima";"5,100";"BR-493/RJ";"Crescente";"Colisão lateral no mesmo sentido";1;0;0;1;0;0;0;0;0;0;0;2;0;0;0
"11/08/2024";"05:02:00";"181";"Com vítima";"625,000";"BR-116/RJ";"Decrescente";"Colisão frontal";2;0;0;0;0;0;0;0;0;0;0;0;0;1;2
"11/08/2024";"06:03:00";"192";"Com vítima";"179,000";"BR-116/RJ";"Decrescente";"Choque";2;0;1;1;0;0;0;0;0;0;3;1;0;0;0
"11/08/2024";"06:43:00";"198";"Sem vítima";"201,000";"BR-116/RJ";"Crescente";"Colisão traseira";1;0;1;0;0;0;0;0;0;0;3;0;0;0;0
"11/08/2024";"07:30:00";"207";"Com vítima";"64,000";"BR-116/RJ";"Crescente";"Queda de moto";0;0;0;1;0;0;0;0;0;0;0;0;1;0;0
"11/08/2024";"08:28:00";"216";"Com vítima";"625,000";"BR-116/RJ";"Decrescente";"Engavetamento";1;0;0;0;1;1;0;0;0;0;3;1;0;0;0