data;horario;n_da_ocorrencia;tipo_de_ocorrencia;km;trecho;sentido;tipo_de_acidente;automovel;bicicleta;caminhao;moto;onibus;outros;tracao_animal;transporte_de_cargas_especiais;trator_maquinas;utilitarios;ilesos;levemente_feridos;moderadamente_feridos;gravemente_feridos;mortos
"11/08/2024";"09:11:00";"3";"Com vítima";"12,200";"BR-465/RJ";"Crescente";"Queda de moto";0;0;0;1;0;0;0;0;0;0;0;1;0;0;0
"11/08/2024";"10:06:00";"11";"Com vítima";"5,306";"BR-493/RJ";"Decrescente";"Atropelamento de animal";0;0;0;0;0;1;0;0;0;0;0;1;0;0;0
"11/08/2024";"11:48:00";"92";"Com vítima";"145,000";"BR-116/RJ";"Decrescente";"Atropelamento de animal";1;0;0;0;0;0;0;0;0;0;1;0;0;0;0
"12/08/2024";"03:13:00";"134";"Com vítima";"141,000";"BR-116/RJ";"Crescente";"Engavetamento";1;0;0;1;1;0;0;0;0;0;3;3;0;0;0
"12/08/2024";"03:28:00";"136";"Com vítima";"6,000";"BR-493/RJ";"Crescente";"Colisão traseira";1;0;0;1;0;0;0;0;0;0;0;1;1;0;0
"12/08/2024";"04:31:00";"145";"Com vítima";"144,000";"BR-116/RJ";"Crescente";"Queda de moto";0;0;0;1;0;0;0;0;0;0;0;0;0;1;0
"12/08/2024";"07:28:00";"182";"Com vítima";"795,000";"BR-116/RJ";"Decrescente";"Colisão traseira";1;0;1;0;0;0;0;0;0;0;1;2;0;0;0
"12/08/2024";"07:46:00";"184";"Sem vítima";"32,900";"BR-116/RJ";"Decrescente";"Saída de pista";1;0;0;0;0;0;0;0;0;0;1;0;0;0;0
"12/08/2024";"08:44:00";"201";"Com vítima";"80,000";"BR-116/RJ";"Decrescente";"Colisão transversal";2;0;0;0;0;0;0;0;0;0;0;0;5;0;0
"12/08/2024";"10:23:00";"214";"Com vítima";"702,000";"BR-116/RJ";"Decrescente";"Colisão transversal";1;0;0;1;0;0;0;0;0;0;0;1;1;0;0
"12/08/2024";"01:30:00";"254";"Com vítima";"182,000";"BR-116/RJ";"Crescente";"Colisão frontal";1;0;0;1;0;0;0;0;0;0;1;2;0;0;0
"12/08/2024";"04:42:00";"286";"Com vítima";"455,000";"BR-116/RJ";"Decrescente";"Colisão frontal";0;0;0;1;0;1;0;0;0;0;1;0;0;1;0
"12/08/2024";"08:23:00";"323";"Com vítima";"4,115";"BR-493/RJ";"Crescente";"Capotamento";1;0;0;0;0;0;0;0;0;0;0;0;0;0;1
"13/08/2024";"01:14:00";"114";"Com vítima";"715,285";"BR-116/RJ";"Crescente";"Acidentes de outra natureza";1;0;0;0;0;0;0;0;0;0;0;0;0;1;0
"13/08/2024";"02:22:00";"117";"Com vítima";"96,117";"BR-493/RJ";"Crescente";"Capotamento";1;0;0;0;0;0;0;0;0;0;0;4;0;0;0
"13/08/2024";"04:45:00";"127";"Com vítima";"145,000";"BR-116/RJ";"Crescente";"Queda de moto";0;0;0;1;0;0;0;0;0;0;0;1;1;0;0
"13/08/2024";"07:14:00";"147";"Com vítima";"622,900";"BR-116/RJ";"Decrescente";"Colisão transversal";1;0;0;1;0;0;0;0;0;0;0;2;1;0;0
"13/08/2024";"08:58:00";"167";"Com vítima";"594,000";"BR-116/RJ";"Decrescente";"Colisão traseira";0;0;1;0;0;1;0;0;0;0;0;2;0;0;0
"13/08/2024";"10:07:00";"176";"Com vítima";"529,000";"BR-116/RJ";"Decrescente";"Queda de bicicleta";0;1;0;0;0;0;0;0;0;0;0;0;0;0;0
"13/08/2024";"11:51:00";"198";"Sem vítima";"511,000";"BR-116/RJ";"Crescente";"Saída de pista";1;0;0;0;0;0;0;0;0;0;2;0;0;0;0
"13/08/2024";"01:12:00";"215";"Com vítima";"419,000";"BR-116/RJ";"Crescente";"Colisão lateral no mesmo sentido";2;0;0;0;0;0;0;0;0;0;0;2;0;0;0
"13/08/2024";"01:19:00";"216";"Com vítima";"539,061";"BR-116/RJ";"Decrescente";"Colisão lateral em sentido contrário";1;0;0;0;0;1;0;0;0;0;1;0;1;0;0
"13/08/2024";"01:40:00";"224";"Com vítima";"21,571";"BR-493/RJ";"Decrescente";"Engavetamento";0;0;1;0;0;3;0;0;0;0;0;4;0;0;0
"13/08/2024";"02:01:00";"225";"Sem vítima";"524,000";"BR-116/RJ";"Crescente";"Colisão traseira";2;0;0;0;0;0;0;0;0;0;2;0;0;0;0
"13/08/2024";"05:05:00";"273";"Com vítima";"80,356";"BR-116/RJ";"Decrescente";"Colisão transversal";1;0;0;1;0;0;0;0;0;0;0;1;1;0;0
"13/08/2024";"05:11:00";"274";"Com vítima";"180,900";"BR-116/RJ";"Crescente";"Choque";0;0;0;1;0;0;0;0;0;0;0;1;1;0;0
"13/08/2024";"05:48:00";"276";"Com vítima";"172,250";"BR-116/RJ";"Crescente";"Engavetamento";2;0;0;2;0;0;0;0;0;0;1;2;2;0;0
"14/08/2024";"04:40:00";"28";"Com vítima";"179,700";"BR-116/RJ";"Decrescente";"Queda de moto";0;0;0;1;0;0;0;0;0;0;0;1;0;0;0
"14/08/2024";"05:19:00";"33";"Com vítima";"189,500";"BR-116/RJ";"Crescente";"Colisão traseira";1;0;0;1;0;0;0;0;0;0;1;1;0;0;0
"14/08/2024";"05:43:00";"38";"Com vítima";"212,900";"BR-116/RJ";"Crescente";"Queda de moto";0;0;0;1;0;0;0;0;0;0;0;1;0;0;0
"14/08/2024";"06:00:00";"44";"Com vítima";"143,000";"BR-116/RJ";"Crescente";"Colisão traseira";1;0;1;0;0;0;0;0;0;0;1;2;0;0;0
"14/08/2024";"06:31:00";"56";"Com vítima";"96,000";"BR-116/RJ";"Decrescente";"Colisão traseira";1;0;0;0;0;0;0;0;0;0;0;1;0;0;0
"14/08/2024";"08:54:00";"84";"Com vítima";"70,000";"BR-116/RJ";"Crescente";"Colisão lateral no mesmo sentido";2;0;0;0;0;0;0;0;0;0;0;4;0;0;0
"14/08/2024";"11:02:00";"105";"Com vítima";"748,000";"BR-116/RJ";"Crescente";"Choque";1;0;0;0;0;0;0;0;0;0;0;1;0;0;0
"14/08/2024";"11:06:00";"108";"Com vítima";"178,676";"BR-116/RJ";"Decrescente";"Colisão traseira";1;0;0;1;0;0;0;0;0;0;0;2;0;0;0
"14/08/2024";"11:30:00";"109";"Com vítima";"585,000";"BR-116/RJ";"Decrescente";"Colisão traseira";1;0;2;0;0;0;0;0;0;0;0;4;0;0;0
"14/08/2024";"01:38:00";"137";"Com vítima";"415,016";"BR-116/RJ";"Crescente";"Colisão traseira";2;0;0;0;0;0;0;0;0;0;0;2;0;0;0
"14/08/2024";"01:56:00";"141";"Com vítima";"634,525";"BR-116/RJ";"Decrescente";"Colisão transversal";2;0;0;0;0;0;0;0;0;0;0;3;0;0;0
"14/08/2024";"03:15:00";"157";"Com vítima";"626,000";"BR-116/RJ";"Decrescente";"Colisão traseira";0;0;0;1;0;1;0;0;0;0;1;1;0;0;0
"14/08/2024";"05:08:00";"188";"Sem vítima";"142,000";"BR-116/RJ";"Crescente";"Colisão traseira";0;0;0;0;0;2;0;0;0;0;2;0;0;0;0
"14/08/2024";"09:52:00";"4";"Com vítima";"716,000";"BR-116/RJ";"Decrescente";"Queda de moto";1;0;0;0;0;0;0;0;0;0;0;1;0;1;0
"15/08/2024";"12:08:00";"141";"Com vítima";"484,000";"BR-116/RJ";"Decrescente";"Queda de moto";0;0;0;1;0;0;0;0;0;0;0;1;1;0;0
"15/08/2024";"05:38:00";"204";"Com vítima";"523,700";"BR-116/RJ";"Decrescente";"Colisão lateral em sentido contrário";2;0;0;0;0;0;0;0;0;1;0;3;0;0;0
"15/08/2024";"09:48:00";"260";"Com vítima";"21,000";"BR-493/RJ";"Decrescente";"Queda de moto";0;0;0;1;0;0;0;0;0;0;0;1;0;0;0
"15/08/2024";"10:48:00";"273";"Com vítima";"0,500";"BR-465/RJ";"Decrescente";"Colisão traseira";1;0;0;0;0;1;0;0;0;0;0;2;0;0;0
"15/08/2024";"11:12:00";"278";"Com vítima";"513,000";"BR-116/RJ";"Crescente";"Choque";1;0;0;0;0;0;0;0;0;0;0;1;0;0;0
"15/08/2024";"01:37:00";"301";"Com vítima";"135,000";"BR-116/RJ";"Crescente";"Queda de moto";0;0;0;1;0;0;0;0;0;0;0;1;0;0;0
"15/08/2024";"02:49:00";"322";"Com vítima";"485,000";"BR-116/RJ";"Crescente";"Queda de moto";0;0;0;1;0;0;0;0;0;0;0;2;0;0;0
"15/08/2024";"04:14:00";"343";"Com vítima";"181,000";"BR-116/RJ";"Crescente";"Colisão traseira";1;0;0;1;0;0;0;0;0;0;1;0;1;0;0
"15/08/2024";"04:30:00";"349";"Sem vítima";"52,000";"BR-493/RJ";"Crescente";"Colisão traseira";0;0;1;0;0;1;0;0;0;0;2;0;0;0;0
"15/08/2024";"05:05:00";"359";"Com vítima";"616,500";"BR-116/RJ";"Crescente";"Colisão traseira";2;0;0;0;0;0;0;0;0;0;0;2;0;0;0
"15/08/2024";"05:41:00";"368";"Sem vítima";"182,100";"BR-116/RJ";"Crescente";"Engavetamento";3;0;0;0;0;0;0;0;0;0;4;0;0;0;0
"16/08/2024";"01:49:00";"155";"Com vítima";"198,589";"BR-116/RJ";"Decrescente";"Atropelamento de animal";0;0;0;0;1;0;0;0;0;0;1;0;0;0;0
"16/08/2024";"04:23:00";"167";"Com vítima";"511,860";"BR-116/RJ";"Decrescente";"Colisão traseira";1;0;0;1;0;0;0;0;0;0;1;1;0;0;0
"16/08/2024";"08:00:00";"220";"Com vítima";"187,000";"BR-116/RJ";"Crescente";"Colisão traseira";2;0;0;0;0;0;0;0;0;0;0;2;0;0;0
"16/08/2024";"02:07:00";"303";"Com vítima";"110,000";"BR-116/RJ";"Decrescente";"Choque";2;0;0;0;0;0;0;0;0;0;1;1;0;0;0
"16/08/2024";"02:26:00";"313";"Com vítima";"85,400";"BR-116/RJ";"Decrescente";"Colisão traseira";1;0;1;0;0;0;0;0;0;0;1;1;0;0;0
"16/08/2024";"03:08:00";"323";"Com vítima";"96,000";"BR-493/RJ";"Crescente";"Queda de moto";0;0;0;1;0;0;0;0;0;0;0;0;1;0;0
"16/08/2024";"03:40:00";"333";"Com vítima";"81,299";"BR-116/RJ";"Decrescente";"Colisão transversal";1;0;0;1;0;0;0;0;0;0;0;4;0;0;0
"16/08/2024";"03:52:00";"338";"Com vítima";"187,600";"BR-116/RJ";"Crescente";"Choque";1;0;0;0;0;0;0;0;0;0;0;1;0;0;0
"16/08/2024";"04:09:00";"345";"Com vítima";"68,537";"BR-493/RJ";"Decrescente";"Atropelamento de ciclista";0;1;1;0;0;0;0;0;0;0;2;0;0;0;0
"16/08/2024";"04:32:00";"352";"Com vítima";"184,000";"BR-116/RJ";"Crescente";"Engavetamento";3;0;0;0;0;1;0;0;0;0;1;7;0;0;0
"16/08/2024";"05:24:00";"361";"Com vítima";"173,877";"BR-116/RJ";"Decrescente";"Colisão traseira";1;0;0;1;0;0;0;0;0;0;0;2;0;0;0
"16/08/2024";"06:55:00";"381";"Com vítima";"491,273";"BR-116/RJ";"Crescente";"Atropelamento de animal";1;0;0;0;0;0;0;0;0;0;0;2;0;0;0
"16/08/2024";"08:58:00";"397";"Com vítima";"758,400";"BR-116/RJ";"Decrescente";"Atropelamento de animal";0;0;1;0;0;0;0;0;0;0;2;0;0;0;0
"16/08/2024";"09:52:00";"67";"Com vítima";"207,000";"BR-116/RJ";"Decrescente";"Colisão lateral no mesmo sentido";1;0;1;0;0;0;0;0;0;0;0;3;0;0;0
"17/08/2024";"12:00:00";"99";"Com vítima";"9,000";"BR-465/RJ";"Crescente";"Colisão traseira";0;0;0;1;0;1;0;0;0;0;1;0;1;0;0
"17/08/2024";"01:16:00";"108";"Sem vítima";"682,000";"BR-116/RJ";"Decrescente";"Choque";1;0;0;0;0;0;0;0;0;0;3;0;0;0;0
"17/08/2024";"01:56:00";"113";"Com vítima";"173,280";"BR-116/RJ";"Crescente";"Choque";1;0;0;0;0;0;0;0;0;0;0;1;0;0;0
"17/08/2024";"05:11:00";"130";"Com vítima";"3,000";"BR-465/RJ";"Decrescente";"Capotamento";2;0;0;0;0;0;0;0;0;0;0;4;0;0;0
"17/08/2024";"05:34:00";"135";"Com vítima";"175,000";"BR-116/RJ";"Decrescente";"Engavetamento";2;0;1;0;0;0;0;0;0;0;0;5;0;0;0
"17/08/2024";"06:27:00";"151";"Sem vítima";"647,000";"BR-116/RJ";"Crescente";"Atropelamento de animal";1;0;0;0;0;0;0;0;0;0;1;0;0;0;0
"17/08/2024";"06:31:00";"154";"Com vítima";"414,000";"BR-116/RJ";"Decrescente";"Colisão traseira";1;0;0;1;0;0;0;0;0;0;0;1;1;0;0
"17/08/2024";"09:42:00";"192";"Com vítima";"5,101";"BR-493/RJ";"Decrescente";"Atropelamento de ciclista";0;1;0;1;0;0;0;0;0;0;0;1;0;0;0
"17/08/2024";"10:08:00";"197";"Com vítima";"6,000";"BR-493/RJ";"Decrescente";"Choque";2;0;0;0;0;0;0;0;0;0;0;3;0;0;0
"17/08/2024";"10:48:00";"206";"Com vítima";"779,480";"BR-116/RJ";"Crescente";"Tombamento";0;0;0;0;0;1;0;0;0;0;0;0;0;1;0
"17/08/2024";"01:18:00";"228";"Com vítima";"5,000";"BR-465/RJ";"Decrescente";"Colisão lateral em sentido contrário";1;0;0;1;0;0;0;0;0;0;0;2;0;0;0
"17/08/2024";"01:27:00";"232";"Sem vítima";"626,800";"BR-116/RJ";"Decrescente";"Colisão lateral em sentido contrário";0;0;1;0;0;1;0;0;0;0;2;0;0;0;0
"17/08/2024";"01:39:00";"236";"Com vítima";"539,000";"BR-116/RJ";"Decrescente";"Colisão lateral em sentido contrário";0;0;0;1;1;0;0;0;0;0;1;0;1;0;0
"17/08/2024";"02:01:00";"242";"Com vítima";"9,000";"BR-493/RJ";"Crescente";"Queda de moto";0;0;0;1;0;0;0;0;0;0;0;2;0;0;0
"17/08/2024";"03:59:00";"270";"Com vítima";"146,428";"BR-116/RJ";"Crescente";"Queda de moto";0;0;0;1;0;0;0;0;0;0;0;1;1;0;0
"17/08/2024";"08:01:00";"322";"Com vítima";"86,508";"BR-116/RJ";"Decrescente";"Colisão lateral em sentido contrário";1;0;0;1;0;0;0;0;0;0;0;3;1;0;0
"18/08/2024";"02:25:00";"65";"Com vítima";"583,465";"BR-116/RJ";"Decrescente";"Choque";1;0;0;0;0;0;0;0;0;0;0;1;0;0;0
"18/08/2024";"03:43:00";"73";"Com vítima";"685,000";"BR-116/RJ";"Decrescente";"Choque";1;0;0;0;0;0;0;0;0;0;0;1;1;0;0
"18/08/2024";"09:04:00";"114";"Com vítima";"93,500";"BR-116/RJ";"Decrescente";"Colisão lateral no mesmo sentido";1;0;0;1;0;0;0;0;0;0;2;3;0;0;0
"18/08/2024";"10:45:00";"134";"Com vítima";"52,000";"BR-493/RJ";"Decrescente";"Colisão traseira";1;0;0;0;0;0;0;0;0;1;1;2;2;0;0
"18/08/2024";"12:02:00";"144";"Com vítima";"53,000";"BR-116/RJ";"Decrescente";"Queda de moto";0;0;0;1;0;0;0;0;0;0;0;1;0;0;0
"18/08/2024";"12:53:00";"156";"Sem vítima";"517,000";"BR-116/RJ";"Decrescente";"Choque";1;0;0;0;0;0;0;0;0;0;4;0;0;0;0
"18/08/2024";"03:21:00";"177";"Com vítima";"616,432";"BR-116/RJ";"Decrescente";"Colisão traseira";2;0;0;0;0;0;0;0;0;0;0;3;0;0;0
"18/08/2024";"03:27:00";"178";"Sem vítima";"144,795";"BR-116/RJ";"Crescente";"Colisão traseira";1;0;0;0;0;1;0;0;0;0;2;0;0;0;0
"18/08/2024";"07:30:00";"220";"Com vítima";"673,160";"BR-116/RJ";"Crescente";"Choque";1;0;0;0;0;0;0;0;0;0;2;2;0;0;0
"19/08/2024";"02:54:00";"104";"Com vítima";"5,200";"BR-465/RJ";"Crescente";"Colisão traseira";1;0;0;1;0;0;0;0;0;0;0;1;1;0;0
"19/08/2024";"05:15:00";"126";"Com vítima";"175,954";"BR-116/RJ";"Crescente";"Colisão traseira";2;0;0;0;0;0;0;0;0;0;1;2;0;0;0
"19/08/2024";"06:28:00";"145";"Com vítima";"527,400";"BR-116/RJ";"Crescente";"Colisão traseira";1;0;0;1;0;0;0;0;0;0;0;2;0;0;0
"19/08/2024";"06:37:00";"148";"Com vítima";"25,500";"BR-116/RJ";"Crescente";"Saída de pista";1;0;0;0;0;0;0;0;0;0;0;1;0;0;0
"19/08/2024";"09:12:00";"176";"Com vítima";"122,188";"BR-493/RJ";"Decrescente";"Tombamento";1;0;0;0;0;0;0;0;0;0;0;1;0;0;0
"19/08/2024";"09:23:00";"178";"Sem vítima";"710,000";"BR-116/RJ";"Decrescente";"Choque";0;0;0;0;0;1;0;0;0;0;2;0;0;0;0
"19/08/2024";"10:58:00";"196";"Com vítima";"182,120";"BR-116/RJ";"Crescente";"Colisão traseira";1;0;0;1;0;0;0;0;0;0;0;2;0;0;0
"19/08/2024";"12:55:00";"221";"Com vítima";"71,100";"BR-493/RJ";"Decrescente";"Atropelamento de animal";1;0;0;0;0;0;0;0;0;0;1;0;0;0;0
"19/08/2024";"03:02:00";"248";"Sem vítima";"51,000";"BR-493/RJ";"Crescente";"Choque";0;0;0;0;0;1;0;0;0;0;1;0;0;0;0
"19/08/2024";"03:04:00";"249";"Com vítima";"6,000";"BR-493/RJ";"Crescente";"Colisão lateral no mesmo sentido";1;0;0;1;0;0;0;0;0;0;0;1;2;0;0
"19/08/2024";"06:18:00";"294";"Com vítima";"212,900";"BR-116/RJ";"Crescente";"Colisão traseira";1;0;0;0;0;1;0;0;0;0;1;4;0;0;0
"19/08/2024";"11:11:00";"17";"Com vítima";"193,150";"BR-116/RJ";"Decrescente";"Capotamento";1;0;0;0;0;0;0;0;0;0;0;1;0;0;0
"20/08/2024";"02:28:00";"24";"Sem vítima";"148,000";"BR-116/RJ";"Crescente";"Colisão traseira";1;0;0;0;0;1;0;0;0;0;2;0;0;0;0
"20/08/2024";"04:42:00";"44";"Com vítima";"191,000";"BR-116/RJ";"Decrescente";"Queda de moto";0;0;0;1;0;0;0;0;0;0;0;1;0;0;0
"20/08/2024";"10:55:00";"113";"Com vítima";"547,374";"BR-116/RJ";"Crescente";"Colisão lateral em sentido contrário";1;0;1;0;0;0;0;0;0;0;0;3;0;0;0
"20/08/2024";"11:36:00";"121";"Com vítima";"143,400";"BR-116/RJ";"Decrescente";"Colisão lateral no mesmo sentido";1;0;0;1;0;0;0;0;0;0;0;4;0;0;0
"20/08/2024";"03:45:00";"187";"Com vítima";"79,000";"BR-116/RJ";"Decrescente";"Colisão traseira";0;0;0;1;0;1;0;0;0;0;1;0;1;0;0
"20/08/2024";"04:42:00";"215";"Com vítima";"411,000";"BR-116/RJ";"Decrescente";"Colisão traseira";0;0;1;1;0;0;0;0;0;0;1;0;1;0;0
"20/08/2024";"05:09:00";"222";"Com vítima";"19,000";"BR-465/RJ";"Decrescente";"Queda de moto";0;0;0;1;0;0;0;0;0;0;0;1;0;0;0
"20/08/2024";"09:37:00";"60";"Sem vítima";"129,800";"BR-116/RJ";"Decrescente";"Choque";1;0;0;0;0;0;0;0;0;0;1;0;0;0;0
"21/08/2024";"01:12:00";"152";"Com vítima";"75,900";"BR-116/RJ";"Decrescente";"Tombamento";0;0;0;0;0;1;0;0;0;0;0;1;0;0;0
"21/08/2024";"03:35:00";"156";"Com vítima";"174,000";"BR-116/RJ";"Decrescente";"Colisão lateral no mesmo sentido";1;0;0;1;0;0;0;0;0;0;1;1;0;0;0
"21/08/2024";"04:39:00";"171";"Com vítima";"184,300";"BR-116/RJ";"Crescente";"Colisão lateral em sentido contrário";2;0;1;0;0;0;0;0;0;0;1;2;2;0;0
"21/08/2024";"03:19:00";"298";"Com vítima";"599,259";"BR-116/RJ";"Crescente";"Colisão frontal";2;0;0;0;0;0;0;0;0;0;0;1;3;0;0
"21/08/2024";"09:16:00";"17";"Com vítima";"638,000";"BR-116/RJ";"Decrescente";"Choque";1;0;0;0;0;0;0;0;0;0;0;1;0;0;0
"22/08/2024";"02:56:00";"120";"Sem vítima";"95,000";"BR-493/RJ";"Crescente";"Choque";1;0;0;0;0;0;0;0;0;0;1;0;0;0;0
"22/08/2024";"03:09:00";"123";"Com vítima";"505,000";"BR-116/RJ";"Crescente";"Colisão traseira";1;0;1;0;0;0;0;0;0;0;0;2;0;0;0
"22/08/2024";"03:50:00";"125";"Com vítima";"178,000";"BR-116/RJ";"Decrescente";"Queda de moto";0;0;0;1;0;0;0;0;0;0;0;1;0;0;0
"22/08/2024";"04:52:00";"136";"Sem vítima";"24,700";"BR-493/RJ";"Decrescente";"Choque";0;0;1;0;0;0;0;0;0;1;4;0;0;0;0
"22/08/2024";"05:23:00";"145";"Com vítima";"174,000";"BR-116/RJ";"Decrescente";"Colisão lateral no mesmo sentido";1;0;0;1;0;0;0;0;0;0;1;1;1;0;0
"22/08/2024";"07:22:00";"161";"Com vítima";"463,000";"BR-116/RJ";"Decrescente";"Colisão lateral no mesmo sentido";2;0;0;0;0;0;0;0;0;0;1;2;0;0;0
"22/08/2024";"12:20:00";"221";"Com vítima";"70,000";"BR-493/RJ";"Decrescente";"Saída de pista";1;0;0;0;0;0;0;0;0;0;0;1;0;0;0
"22/08/2024";"12:40:00";"226";"Sem vítima";"187,000";"BR-116/RJ";"Crescente";"Colisão traseira";2;0;0;0;0;0;0;0;0;0;2;0;0;0;0
"22/08/2024";"03:21:00";"263";"Com vítima";"1,100";"BR-465/RJ";"Crescente";"Atropelamento de ciclista";1;1;0;0;0;0;0;0;0;0;1;0;0;0;0
"22/08/2024";"04:00:00";"271";"Com vítima";"529,000";"BR-116/RJ";"Decrescente";"Colisão transversal";2;0;0;0;0;0;0;0;0;0;0;2;0;0;0
"22/08/2024";"08:00:00";"316";"Com vítima";"179,755";"BR-116/RJ";"Crescente";"Queda de moto";0;0;0;1;0;0;0;0;0;0;0;2;0;0;0
"23/08/2024";"03:29:00";"129";"Com vítima";"5,000";"BR-493/RJ";"Crescente";"Colisão lateral no mesmo sentido";1;0;0;1;0;0;0;0;0;0;0;2;0;0;0
"23/08/2024";"04:15:00";"134";"Com vítima";"146,000";"BR-116/RJ";"Crescente";"Engavetamento";4;0;0;0;0;0;0;0;0;0;1;3;0;0;0
"23/08/2024";"06:00:00";"153";"Com vítima";"175,000";"BR-116/RJ";"Crescente";"Atropelamento de pedestre";0;0;0;0;1;0;0;0;0;0;0;1;0;1;0
"23/08/2024";"07:40:00";"174";"Com vítima";"212,000";"BR-116/RJ";"Crescente";"Colisão traseira";1;0;0;0;0;1;0;0;0;0;0;3;0;0;0
"23/08/2024";"08:47:00";"189";"Com vítima";"180,000";"BR-116/RJ";"Crescente";"Colisão traseira";1;0;0;0;0;1;0;0;0;0;1;1;0;0;0
"23/08/2024";"09:37:00";"200";"Com vítima";"180,000";"BR-116/RJ";"Crescente";"Colisão lateral no mesmo sentido";1;0;0;0;0;1;0;0;0;0;0;2;0;0;0
"23/08/2024";"11:37:00";"223";"Com vítima";"21,000";"BR-465/RJ";"Crescente";"Colisão transversal";1;0;0;1;0;0;0;0;0;0;0;2;0;0;0
"23/08/2024";"11:38:00";"224";"Com vítima";"697,317";"BR-116/RJ";"Crescente";"Colisão traseira";1;0;0;2;0;0;0;0;0;0;0;3;1;0;0
"23/08/2024";"11:59:00";"231";"Sem vítima";"174,000";"BR-116/RJ";"Decrescente";"Engavetamento";2;0;0;0;0;0;0;0;0;0;3;0;0;0;0
"23/08/2024";"12:30:00";"239";"Com vítima";"171,500";"BR-116/RJ";"Crescente";"Colisão lateral no mesmo sentido";1;0;1;1;0;0;0;0;0;0;0;3;0;0;0
"23/08/2024";"12:39:00";"242";"Sem vítima";"764,000";"BR-116/RJ";"Crescente";"Colisão traseira";2;0;0;0;0;0;0;0;0;0;4;0;0;0;0
"23/08/2024";"12:51:00";"246";"Com vítima";"2,000";"BR-465/RJ";"Decrescente";"Atropelamento de ciclista";0;0;0;1;0;0;0;0;0;0;0;1;0;0;0
"23/08/2024";"01:45:00";"260";"Com vítima";"189,737";"BR-116/RJ";"Decrescente";"Colisão lateral no mesmo sentido";1;0;0;0;0;1;0;0;0;0;0;4;0;0;0
"23/08/2024";"02:28:00";"272";"Com vítima";"186,000";"BR-116/RJ";"Decrescente";"Engavetamento";0;0;1;0;0;1;0;0;0;1;0;4;0;0;0
"23/08/2024";"02:51:00";"279";"Com vítima";"37,500";"BR-116/RJ";"Decrescente";"Colisão lateral em sentido contrário";0;0;0;0;1;1;0;0;0;0;0;2;0;0;0
"23/08/2024";"03:29:00";"289";"Com vítima";"194,000";"BR-116/RJ";"Decrescente";"Queda de moto";0;0;0;1;0;0;0;0;0;0;0;1;0;0;0
"23/08/2024";"03:50:00";"294";"Com vítima";"193,500";"BR-116/RJ";"Decrescente";"Colisão traseira";2;0;0;0;0;0;0;0;0;0;0;2;0;0;0
"23/08/2024";"05:42:00";"328";"Sem vítima";"145,245";"BR-116/RJ";"Decrescente";"Colisão traseira";2;0;0;0;0;0;0;0;0;0;2;0;0;0;0
"23/08/2024";"07:04:00";"345";"Com vítima";"140,000";"BR-116/RJ";"Crescente";"Atropelamento de ciclista";1;1;0;0;0;1;0;0;0;0;1;1;0;0;0
"23/08/2024";"10:20:00";"24";"Com vítima";"7,000";"BR-493/RJ";"Crescente";"Atropelamento de animal";1;0;0;0;0;0;0;0;0;0;0;4;0;0;0
"23/08/2024";"10:59:00";"61";"Com vítima";"134,000";"BR-116/RJ";"Decrescente";"Capotamento";1;0;0;0;0;0;0;0;0;0;0;1;0;0;0
"24/08/2024";"12:14:00";"108";"Com vítima";"106,357";"BR-493/RJ";"Decrescente";"Atropelamento de animal";0;0;0;0;0;1;0;0;0;0;0;1;0;0;0
"24/08/2024";"12:18:00";"109";"Com vítima";"24,000";"BR-493/RJ";"Decrescente";"Queda de moto";0;0;0;1;0;0;0;0;0;0;0;1;0;0;0
"24/08/2024";"12:39:00";"113";"Com vítima";"497,000";"BR-116/RJ";"Crescente";"Queda de moto";1;0;0;1;0;0;0;0;0;0;1;0;1;0;0
"24/08/2024";"02:23:00";"123";"Com vítima";"459,952";"BR-116/RJ";"Decrescente";"Atropelamento de animal";1;0;0;0;0;0;0;0;0;0;0;0;1;0;1
"24/08/2024";"02:53:00";"124";"Com vítima";"20,600";"BR-465/RJ";"Decrescente";"Colisão frontal";1;0;0;1;0;0;0;0;0;0;0;2;0;0;0
"24/08/2024";"03:21:00";"126";"Com vítima";"46,000";"BR-116/RJ";"Crescente";"Choque";1;0;0;0;0;0;0;0;0;0;0;2;0;0;0