data;horario;n_da_ocorrencia;tipo_de_ocorrencia;km;trecho;sentido;tipo_de_acidente;automovel;bicicleta;caminhao;moto;onibus;outros;tracao_animal;transporte_de_cargas_especiais;trator_maquinas;utilitarios;ilesos;levemente_feridos;moderadamente_feridos;gravemente_feridos;mortos
"24/08/2024";"06:15:00";"156";"Com vítima";"475,000";"BR-116/RJ";"Decrescente";"Colisão lateral no mesmo sentido";1;0;0;1;0;0;0;0;0;0;1;2;0;0;0
"24/08/2024";"06:17:00";"157";"Com vítima";"40,400";"BR-116/RJ";"Decrescente";"Colisão lateral no mesmo sentido";1;0;0;1;0;0;0;0;0;0;1;1;1;0;0
"24/08/2024";"07:37:00";"174";"Com vítima";"557,000";"BR-116/RJ";"Decrescente";"Colisão traseira";3;0;0;0;0;0;0;0;0;0;0;6;0;0;0
"24/08/2024";"03:19:00";"269";"Com vítima";"13,670";"BR-116/RJ";"Decrescente";"Queda de moto";0;0;0;1;0;0;0;0;0;0;0;1;0;0;0
"24/08/2024";"03:20:00";"270";"Com vítima";"523,700";"BR-116/RJ";"Crescente";"Queda de bicicleta";0;1;0;0;0;0;0;0;0;0;0;0;0;0;0
"24/08/2024";"03:20:00";"271";"Com vítima";"148,000";"BR-116/RJ";"Crescente";"Queda de moto";0;0;0;1;0;0;0;0;0;0;0;1;0;0;0
"24/08/2024";"03:28:00";"274";"Com vítima";"572,000";"BR-116/RJ";"Decrescente";"Queda de moto";0;0;0;1;0;0;0;0;0;0;0;0;2;0;0
"24/08/2024";"04:49:00";"291";"Com vítima";"19,000";"BR-465/RJ";"Crescente";"Queda de moto";0;0;0;1;0;0;0;0;0;0;0;2;0;0;0
"24/08/2024";"07:14:00";"313";"Com vítima";"5,000";"BR-465/RJ";"Crescente";"Atropelamento de pedestre";0;0;0;0;0;0;0;0;0;1;0;2;0;0;0
"24/08/2024";"08:00:00";"317";"Com vítima";"141,500";"BR-116/RJ";"Crescente";"Colisão frontal";2;0;0;0;0;0;0;0;0;0;5;2;0;0;0
"24/08/2024";"08:16:00";"319";"Com vítima";"479,545";"BR-116/RJ";"Decrescente";"Colisão frontal";0;0;0;1;1;0;0;0;0;0;1;0;0;1;0
"25/08/2024";"12:48:00";"39";"Com vítima";"519,850";"BR-116/RJ";"Decrescente";"Queda de moto";0;0;0;1;0;0;0;0;0;0;0;1;0;0;0
"25/08/2024";"08:44:00";"95";"Com vítima";"108,000";"BR-493/RJ";"Crescente";"Capotamento";1;0;0;0;0;0;0;0;0;0;0;2;0;0;0
"25/08/2024";"11:57:00";"132";"Com vítima";"681,546";"BR-116/RJ";"Decrescente";"Tombamento";0;0;1;0;0;0;0;0;0;0;0;1;0;0;0
"25/08/2024";"03:40:00";"177";"Com vítima";"517,000";"BR-116/RJ";"Crescente";"Queda de moto";0;0;0;1;0;0;0;0;0;0;0;0;1;0;0
"25/08/2024";"04:07:00";"183";"Com vítima";"138,900";"BR-116/RJ";"Decrescente";"Colisão traseira";2;0;0;0;0;0;0;0;0;0;0;3;0;0;0
"25/08/2024";"05:14:00";"196";"Sem vítima";"1,500";"BR-465/RJ";"Crescente";"Choque";1;0;0;0;0;0;0;0;0;0;1;0;0;0;0
"25/08/2024";"07:12:00";"210";"Com vítima";"13,670";"BR-493/RJ";"Crescente";"Queda de moto";0;0;0;1;0;0;0;0;0;0;0;1;0;0;0
"25/08/2024";"07:45:00";"215";"Com vítima";"183,800";"BR-116/RJ";"Crescente";"Atropelamento de animal";0;0;0;0;0;0;0;0;0;0;0;0;1;0;0
"25/08/2024";"07:56:00";"218";"Com vítima";"22,190";"BR-493/RJ";"Decrescente";"Atropelamento de animal";1;0;0;0;0;0;0;0;0;0;4;0;0;0;0
"25/08/2024";"08:05:00";"220";"Sem vítima";"127,600";"BR-116/RJ";"Decrescente";"Choque";1;0;0;0;0;0;0;0;0;0;3;0;0;0;0
"26/08/2024";"03:26:00";"135";"Com vítima";"186,000";"BR-116/RJ";"Decrescente";"Engavetamento";4;0;1;0;0;0;0;0;0;0;1;3;3;0;0
"26/08/2024";"03:32:00";"137";"Sem vítima";"680,000";"BR-116/RJ";"Crescente";"Choque";1;0;0;0;0;0;0;0;0;0;1;0;0;0;0
"26/08/2024";"03:43:00";"139";"Sem vítima";"52,000";"BR-493/RJ";"Crescente";"Choque";1;0;0;0;0;0;0;0;0;0;1;0;0;0;0
"26/08/2024";"03:48:00";"140";"Com vítima";"186,000";"BR-116/RJ";"Decrescente";"Queda de moto";0;0;0;1;0;0;0;0;0;0;0;1;0;0;0
"26/08/2024";"04:09:00";"144";"Com vítima";"23,000";"BR-116/RJ";"Crescente";"Choque";1;0;0;0;0;0;0;0;0;0;0;2;0;0;0
"26/08/2024";"04:11:00";"145";"Sem vítima";"717,000";"BR-116/RJ";"Decrescente";"Capotamento";1;0;0;0;0;0;0;0;0;0;1;0;0;0;0
"26/08/2024";"05:17:00";"163";"Com vítima";"33,000";"BR-116/RJ";"Crescente";"Choque";0;0;1;0;0;0;0;0;0;0;0;2;0;0;0
"26/08/2024";"05:35:00";"168";"Com vítima";"204,500";"BR-116/RJ";"Crescente";"Saída de pista";1;0;0;0;0;0;0;0;0;0;0;1;0;0;0
"26/08/2024";"05:51:00";"172";"Sem vítima";"774,000";"BR-116/RJ";"Crescente";"Choque";1;0;0;0;0;0;0;0;0;0;1;0;0;0;0
"26/08/2024";"06:19:00";"179";"Sem vítima";"181,600";"BR-116/RJ";"Crescente";"Colisão lateral no mesmo sentido";1;0;0;0;1;0;0;0;0;0;2;0;0;0;0
"26/08/2024";"06:41:00";"184";"Com vítima";"412,000";"BR-116/RJ";"Decrescente";"Atropelamento de pedestre";0;0;1;0;1;0;0;0;0;0;2;0;1;0;0
"26/08/2024";"07:12:00";"191";"Com vítima";"89,200";"BR-116/RJ";"Crescente";"Choque";1;0;0;0;0;0;0;0;0;0;0;1;0;0;0
"26/08/2024";"11:01:00";"225";"Com vítima";"100,000";"BR-116/RJ";"Decrescente";"Saída de pista";1;0;0;0;0;0;0;0;0;0;0;3;0;0;0
"26/08/2024";"11:47:00";"235";"Sem vítima";"661,000";"BR-116/RJ";"Crescente";"Capotamento";1;0;0;0;0;0;0;0;0;0;2;0;0;0;0
"26/08/2024";"12:27:00";"244";"Com vítima";"206,000";"BR-116/RJ";"Crescente";"Colisão traseira";0;0;0;1;0;1;0;0;0;0;1;1;0;0;0
"26/08/2024";"01:26:00";"255";"Com vítima";"22,000";"BR-493/RJ";"Decrescente";"Queda de bicicleta";0;1;0;0;0;0;0;0;0;0;0;0;0;0;0
"26/08/2024";"01:35:00";"256";"Com vítima";"50,900";"BR-493/RJ";"Crescente";"Choque";0;0;0;1;0;0;0;0;0;0;0;0;1;0;0
"26/08/2024";"02:26:00";"259";"Sem vítima";"688,000";"BR-116/RJ";"Decrescente";"Capotamento";1;0;0;0;0;0;0;0;0;0;2;0;0;0;0
"26/08/2024";"04:23:00";"285";"Com vítima";"626,000";"BR-116/RJ";"Decrescente";"Queda de moto";0;0;0;1;0;0;0;0;0;0;0;0;1;0;0
"26/08/2024";"04:44:00";"292";"Com vítima";"182,900";"BR-116/RJ";"Crescente";"Colisão lateral no mesmo sentido";1;0;0;1;0;0;0;0;0;0;1;1;0;0;0
"26/08/2024";"05:27:00";"302";"Com vítima";"180,773";"BR-116/RJ";"Decrescente";"Queda de moto";0;0;0;1;0;0;0;0;0;0;0;2;0;0;0
"26/08/2024";"06:17:00";"311";"Com vítima";"10,000";"BR-465/RJ";"Crescente";"Queda de moto";0;0;0;1;0;0;0;0;0;0;0;1;0;0;0
"26/08/2024";"07:47:00";"322";"Com vítima";"776,695";"BR-116/RJ";"Decrescente";"Choque";0;0;1;0;0;0;0;0;0;0;0;1;0;0;0
"27/08/2024";"12:09:00";"94";"Sem vítima";"90,337";"BR-116/RJ";"Decrescente";"Colisão lateral em sentido contrário";1;0;0;0;0;1;0;0;0;0;2;0;0;0;0
"27/08/2024";"02:24:00";"120";"Com vítima";"52,169";"BR-493/RJ";"Decrescente";"Tombamento";0;0;1;0;0;1;0;0;0;0;0;2;0;0;0
"27/08/2024";"02:29:00";"122";"Com vítima";"1,000";"BR-465/RJ";"Crescente";"Atropelamento de pedestre";0;0;0;1;0;0;0;0;0;0;1;1;0;0;0
"27/08/2024";"02:31:00";"124";"Com vítima";"18,027";"BR-116/RJ";"Decrescente";"Capotamento";1;0;0;0;0;0;0;0;0;0;0;2;0;0;0
"27/08/2024";"04:24:00";"137";"Sem vítima";"56,000";"BR-493/RJ";"Decrescente";"Colisão lateral no mesmo sentido";2;0;0;0;0;0;0;0;0;0;2;0;0;0;0
"27/08/2024";"10:30:00";"207";"Sem vítima";"176,000";"BR-116/RJ";"Decrescente";"Colisão traseira";2;0;0;0;0;1;0;0;0;0;6;0;0;0;0
"27/08/2024";"12:19:00";"223";"Sem vítima";"182,000";"BR-116/RJ";"Crescente";"Colisão traseira";1;0;1;0;0;0;0;0;0;0;2;0;0;0;0
"27/08/2024";"01:05:00";"236";"Com vítima";"174,000";"BR-116/RJ";"Decrescente";"Queda de moto";0;0;0;1;0;0;0;0;0;0;0;1;0;0;0
"27/08/2024";"04:04:00";"266";"Com vítima";"568,000";"BR-116/RJ";"Crescente";"Capotamento";1;0;0;0;0;0;0;0;0;0;0;2;0;0;0
"27/08/2024";"04:30:00";"270";"Com vítima";"142,415";"BR-116/RJ";"Crescente";"Atropelamento de ciclista";0;1;0;0;1;0;0;0;0;0;1;0;0;0;0
"27/08/2024";"07:33:00";"295";"Com vítima";"774,128";"BR-116/RJ";"Decrescente";"Tombamento";0;0;0;0;0;1;0;0;0;0;0;0;1;0;0
"27/08/2024";"10:10:00";"94";"Sem vítima";"98,766";"BR-116/RJ";"Crescente";"Choque";1;0;0;0;0;0;0;0;0;0;2;0;0;0;0
"28/08/2024";"12:02:00";"101";"Com vítima";"148,400";"BR-116/RJ";"Crescente";"Choque";1;0;0;0;0;0;0;0;0;0;0;2;0;0;0
"28/08/2024";"06:38:00";"160";"Sem vítima";"772,566";"BR-116/RJ";"Decrescente";"Colisão lateral em sentido contrário";2;0;0;0;0;0;0;0;0;0;2;0;0;0;0
"28/08/2024";"08:18:00";"177";"Com vítima";"0,200";"BR-465/RJ";"Decrescente";"Colisão lateral no mesmo sentido";1;0;0;0;0;1;0;0;0;0;0;2;0;0;0
"28/08/2024";"09:08:00";"189";"Com vítima";"20,000";"BR-465/RJ";"Decrescente";"Colisão lateral em sentido contrário";1;0;0;1;0;0;0;0;0;0;0;2;0;0;0
"28/08/2024";"10:23:00";"210";"Com vítima";"20,000";"BR-465/RJ";"Decrescente";"Colisão traseira";0;0;0;3;0;0;0;0;0;0;0;3;0;0;0
"28/08/2024";"11:45:00";"226";"Com vítima";"184,000";"BR-116/RJ";"Decrescente";"Engavetamento";3;0;0;0;0;0;0;0;0;0;0;3;0;0;0
"28/08/2024";"02:24:00";"252";"Com vítima";"211,000";"BR-116/RJ";"Crescente";"Engavetamento";1;0;3;0;0;0;0;0;0;0;0;4;0;0;0
"28/08/2024";"04:26:00";"282";"Sem vítima";"553,000";"BR-116/RJ";"Decrescente";"Queda de moto";0;0;0;1;0;0;0;0;0;0;1;0;0;0;0
"28/08/2024";"08:52:00";"329";"Com vítima";"181,100";"BR-116/RJ";"Crescente";"Colisão lateral no mesmo sentido";1;0;0;0;1;0;0;0;0;0;0;3;0;0;0
"28/08/2024";"11:25:00";"73";"Com vítima";"66,574";"BR-116/RJ";"Crescente";"Capotamento";1;0;0;0;0;0;0;0;0;0;0;0;2;0;0
"29/08/2024";"05:31:00";"158";"Com vítima";"85,000";"BR-116/RJ";"Crescente";"Atropelamento de pedestre";1;0;0;0;0;0;0;0;0;0;1;0;1;0;0
"29/08/2024";"07:09:00";"184";"Com vítima";"20,400";"BR-465/RJ";"Decrescente";"Queda de moto";0;0;0;1;0;0;0;0;0;1;0;2;0;0;0
"29/08/2024";"07:17:00";"190";"Sem vítima";"651,000";"BR-116/RJ";"Crescente";"Colisão traseira";1;0;0;0;0;0;0;0;0;1;2;0;0;0;0
"29/08/2024";"07:30:00";"196";"Com vítima";"103,000";"BR-116/RJ";"Decrescente";"Queda de moto";0;0;0;1;0;0;0;0;0;0;0;0;1;0;0
"29/08/2024";"08:22:00";"204";"Com vítima";"14,000";"BR-116/RJ";"Decrescente";"Choque";1;0;0;0;0;0;0;0;0;0;0;0;3;0;0
"29/08/2024";"09:00:00";"213";"Com vítima";"514,998";"BR-116/RJ";"Decrescente";"Queda de moto";0;0;0;1;0;0;0;0;0;0;0;0;1;0;0
"29/08/2024";"10:40:00";"232";"Com vítima";"426,322";"BR-116/RJ";"Crescente";"Capotamento";0;0;1;0;0;0;0;0;0;0;0;0;1;0;1
"29/08/2024";"10:57:00";"236";"Com vítima";"739,961";"BR-116/RJ";"Crescente";"Colisão frontal";2;0;0;0;0;0;0;0;0;0;0;2;1;0;0
"29/08/2024";"11:10:00";"240";"Com vítima";"524,050";"BR-116/RJ";"Decrescente";"Queda de moto";0;0;0;1;0;0;0;0;0;0;0;0;1;0;0
"29/08/2024";"12:49:00";"255";"Com vítima";"126,000";"BR-116/RJ";"Crescente";"Queda de moto";0;0;0;1;0;0;0;0;0;0;0;1;0;0;0
"29/08/2024";"09:47:00";"25";"Sem vítima";"562,473";"BR-116/RJ";"Decrescente";"Tombamento";0;0;0;0;0;1;0;0;0;0;1;0;0;0;0
"30/08/2024";"04:30:00";"117";"Com vítima";"186,000";"BR-116/RJ";"Decrescente";"Queda de moto";0;0;0;1;0;0;0;0;0;0;0;1;1;0;0
"30/08/2024";"05:01:00";"127";"Com vítima";"69,000";"BR-493/RJ";"Crescente";"Queda de moto";0;0;0;1;0;0;0;0;0;0;0;1;0;0;0
"30/08/2024";"12:22:00";"226";"Com vítima";"521,000";"BR-116/RJ";"Decrescente";"Colisão frontal";1;0;0;1;0;0;0;0;0;0;1;0;1;0;0
"30/08/2024";"12:34:00";"231";"Com vítima";"178,000";"BR-116/RJ";"Crescente";"Colisão traseira";0;0;0;0;1;0;0;0;0;1;2;1;0;0;0
"30/08/2024";"04:06:00";"275";"Com vítima";"146,738";"BR-116/RJ";"Decrescente";"Tombamento";1;0;0;0;0;0;0;0;0;0;0;1;0;0;0
"30/08/2024";"07:45:00";"316";"Com vítima";"98,316";"BR-116/RJ";"Crescente";"Tombamento";0;0;1;0;0;0;0;0;0;0;0;1;0;0;0
"30/08/2024";"07:45:00";"317";"Com vítima";"72,245";"BR-493/RJ";"Crescente";"Colisão traseira";1;0;0;0;0;1;0;0;0;0;1;1;0;0;0
"31/08/2024";"01:38:00";"93";"Com vítima";"106,053";"BR-116/RJ";"Decrescente";"Colisão frontal";2;0;0;0;0;0;0;0;0;0;0;2;0;0;0
"31/08/2024";"04:53:00";"118";"Sem vítima";"69,000";"BR-116/RJ";"Crescente";"Colisão traseira";1;0;0;0;0;1;0;0;0;0;2;0;0;0;0
"31/08/2024";"05:15:00";"121";"Sem vítima";"715,000";"BR-116/RJ";"Decrescente";"Tombamento";0;0;0;0;0;1;0;0;0;0;1;0;0;0;0
"31/08/2024";"06:48:00";"137";"Com vítima";"119,000";"BR-493/RJ";"Crescente";"Queda de moto";0;0;0;1;0;0;0;0;0;0;0;2;0;0;0
"31/08/2024";"08:19:00";"159";"Com vítima";"709,000";"BR-116/RJ";"Decrescente";"Tombamento";1;0;0;0;0;1;0;0;0;0;0;0;3;0;1
"31/08/2024";"08:21:00";"160";"Sem vítima";"174,000";"BR-116/RJ";"Decrescente";"Engavetamento";3;0;0;0;0;0;0;0;0;0;3;0;0;0;0
"31/08/2024";"08:52:00";"169";"Com vítima";"177,000";"BR-116/RJ";"Decrescente";"Colisão lateral no mesmo sentido";1;0;0;1;0;0;0;0;0;0;0;1;1;0;0
"31/08/2024";"09:26:00";"175";"Com vítima";"186,000";"BR-116/RJ";"Decrescente";"Colisão lateral no mesmo sentido";1;0;0;1;0;0;0;0;0;0;1;0;1;0;0
"31/08/2024";"12:04:00";"198";"Com vítima";"417,000";"BR-116/RJ";"Decrescente";"Colisão transversal";0;0;0;2;0;0;0;0;0;0;1;0;1;0;0
"31/08/2024";"03:11:00";"237";"Com vítima";"174,546";"BR-116/RJ";"Decrescente";"Atropelamento de pedestre";0;0;0;0;0;1;0;0;0;0;1;1;0;0;0
"31/08/2024";"03:16:00";"238";"Com vítima";"610,940";"BR-116/RJ";"Decrescente";"Colisão lateral no mesmo sentido";1;0;0;0;0;1;0;0;0;0;1;2;0;0;0
"31/08/2024";"03:38:00";"245";"Com vítima";"531,000";"BR-116/RJ";"Decrescente";"Colisão traseira";2;0;0;0;0;0;0;0;0;0;1;7;0;0;0
"31/08/2024";"04:42:00";"258";"Sem vítima";"181,306";"BR-116/RJ";"Crescente";"Colisão lateral no mesmo sentido";2;0;0;0;0;0;0;0;0;0;5;0;0;0;0
"31/08/2024";"06:44:00";"276";"Com vítima";"0,254";"BR-465/RJ";"Decrescente";"Tombamento";0;0;0;0;1;0;0;0;0;0;0;27;4;1;0
"31/08/2024";"07:43:00";"280";"Com vítima";"110,250";"BR-116/RJ";"Crescente";"Queda de moto";0;0;0;2;0;0;0;0;0;0;0;2;0;0;0
"31/08/2024";"08:05:00";"285";"Com vítima";"141,257";"BR-116/RJ";"Crescente";"Engavetamento";4;0;0;0;0;0;0;0;0;0;0;8;2;0;0
"31/08/2024";"09:12:00";"4";"Com vítima";"452,718";"BR-116/RJ";"Crescente";"Capotamento";1;0;0;0;0;0;0;0;0;0;0;0;1;0;0
"31/08/2024";"10:47:00";"10";"Sem vítima";"52,000";"BR-493/RJ";"Decrescente";"Choque";0;0;0;0;0;1;0;0;0;0;1;0;0;0;0
"01/09/2024";"03:12:00";"39";"Sem vítima";"131,000";"BR-116/RJ";"Decrescente";"Choque";1;0;0;0;0;0;0;0;0;0;2;0;0;0;0
"01/09/2024";"07:45:00";"82";"Com vítima";"539,774";"BR-116/RJ";"Decrescente";"Colisão lateral em sentido contrário";0;0;0;2;0;0;0;0;0;0;0;0;2;0;0
"01/09/2024";"08:31:00";"88";"Com vítima";"98,000";"BR-116/RJ";"Decrescente";"Colisão frontal";0;0;0;3;0;0;0;0;0;0;0;1;1;1;0
"01/09/2024";"09:44:00";"102";"Sem vítima";"94,200";"BR-116/RJ";"Decrescente";"Colisão traseira";2;0;0;0;0;0;0;0;0;0;2;0;0;0;0
"01/09/2024";"10:40:00";"109";"Sem vítima";"508,000";"BR-116/RJ";"Crescente";"Choque";0;0;1;0;0;0;0;0;0;0;1;0;0;0;0
"01/09/2024";"11:11:00";"113";"Com vítima";"694,000";"BR-116/RJ";"Crescente";"Capotamento";1;0;0;0;0;0;0;0;0;0;1;1;2;0;0
"01/09/2024";"12:16:00";"124";"Com vítima";"633,000";"BR-116/RJ";"Decrescente";"Colisão lateral em sentido contrário";1;0;0;0;0;1;0;0;0;0;1;1;1;0;0
"01/09/2024";"01:35:00";"139";"Sem vítima";"198,000";"BR-116/RJ";"Decrescente";"Engavetamento";2;0;0;0;0;1;0;0;0;1;9;0;0;0;0
"01/09/2024";"02:13:00";"150";"Com vítima";"108,200";"BR-116/RJ";"Decrescente";"Colisão transversal";2;0;0;0;0;0;0;0;0;0;1;3;2;0;0
"01/09/2024";"02:14:00";"151";"Com vítima";"144,000";"BR-116/RJ";"Crescente";"Engavetamento";3;0;0;0;0;0;0;0;0;0;1;2;0;0;0
"01/09/2024";"02:23:00";"152";"Sem vítima";"69,000";"BR-493/RJ";"Decrescente";"Saída de pista";1;0;0;0;0;0;0;0;0;0;1;0;0;0;0
"01/09/2024";"02:26:00";"154";"Com vítima";"142,000";"BR-116/RJ";"Crescente";"Choque";1;0;0;0;0;0;0;0;0;0;0;3;0;0;0
"01/09/2024";"03:34:00";"162";"Com vítima";"552,759";"BR-116/RJ";"Decrescente";"Colisão lateral em sentido contrário";0;0;0;1;0;0;0;0;0;1;5;0;1;0;0
"01/09/2024";"03:52:00";"165";"Com vítima";"106,570";"BR-493/RJ";"Crescente";"Atropelamento de animal";0;0;0;1;0;0;0;0;0;0;0;1;0;0;0
"01/09/2024";"04:16:00";"171";"Com vítima";"11,249";"BR-465/RJ";"Crescente";"Atropelamento de animal";1;0;0;0;0;0;0;0;0;0;1;0;0;0;0
"01/09/2024";"04:36:00";"175";"Com vítima";"115,236";"BR-493/RJ";"Decrescente";"Acidentes de outra natureza";1;0;0;0;0;0;0;0;0;0;0;0;2;0;0
"01/09/2024";"05:40:00";"183";"Com vítima";"21,923";"BR-465/RJ";"Crescente";"Colisão transversal";1;0;0;1;0;0;0;0;0;0;1;0;2;0;0
"01/09/2024";"06:16:00";"189";"Com vítima";"189,600";"BR-116/RJ";"Crescente";"Queda de moto";0;0;0;1;0;0;0;0;0;0;0;1;0;0;0
"01/09/2024";"07:22:00";"199";"Com vítima";"561,455";"BR-116/RJ";"Decrescente";"Colisão frontal";0;0;0;1;0;1;0;0;0;0;1;0;1;0;0
"01/09/2024";"08:03:00";"204";"Com vítima";"19,138";"BR-465/RJ";"Crescente";"Queda de moto";0;0;0;1;0;0;0;0;0;0;0;0;1;0;0
"01/09/2024";"09:26:00";"4";"Sem vítima";"533,315";"BR-116/RJ";"Crescente";"Choque";1;0;0;0;0;0;0;0;0;0;1;0;0;0;0
"02/09/2024";"04:11:00";"116";"Com vítima";"104,501";"BR-116/RJ";"Decrescente";"Choque";1;0;0;0;0;0;0;0;0;0;0;4;0;0;0
"02/09/2024";"04:52:00";"126";"Com vítima";"518,300";"BR-116/RJ";"Decrescente";"Colisão traseira";0;0;2;0;0;0;0;0;0;0;0;3;0;0;0
"02/09/2024";"04:58:00";"129";"Com vítima";"178,000";"BR-116/RJ";"Decrescente";"Colisão lateral no mesmo sentido";1;0;0;1;0;0;0;0;0;0;0;2;1;0;0
"02/09/2024";"06:09:00";"141";"Com vítima";"174,800";"BR-116/RJ";"Decrescente";"Colisão traseira";1;0;0;1;0;0;0;0;0;0;0;3;0;0;0
"02/09/2024";"12:35:00";"200";"Com vítima";"96,177";"BR-493/RJ";"Crescente";"Capotamento";0;0;0;0;0;1;0;0;0;0;0;1;0;0;0
"02/09/2024";"03:00:00";"233";"Com vítima";"196,800";"BR-116/RJ";"Decrescente";"Atropelamento de ciclista";0;1;0;0;0;1;0;0;0;0;1;0;0;0;0
"02/09/2024";"03:36:00";"238";"Com vítima";"704,000";"BR-116/RJ";"Crescente";"Colisão transversal";0;0;0;1;0;1;0;0;0;0;1;2;0;0;0
"02/09/2024";"05:15:00";"255";"Com vítima";"546,000";"BR-116/RJ";"Decrescente";"Atropelamento de animal";0;0;1;0;0;0;0;0;0;0;1;0;0;0;0
"02/09/2024";"08:04:00";"285";"Com vítima";"210,900";"BR-116/RJ";"Decrescente";"Colisão traseira";2;0;0;0;0;0;0;0;0;0;0;3;0;0;0
"02/09/2024";"09:33:00";"30";"Sem vítima";"19,500";"BR-116/RJ";"Crescente";"Choque";1;0;0;0;0;0;0;0;0;0;1;0;0;0;0
"03/09/2024";"02:58:00";"126";"Com vítima";"175,500";"BR-116/RJ";"Decrescente";"Choque";1;0;0;0;0;0;0;0;0;0;0;1;0;0;0
"03/09/2024";"06:03:00";"151";"Com vítima";"412,000";"BR-116/RJ";"Crescente";"Queda de moto";0;0;0;1;0;0;0;0;0;0;0;2;0;0;0
"03/09/2024";"07:40:00";"169";"Com vítima";"779,300";"BR-116/RJ";"Crescente";"Choque";0;0;0;0;0;1;0;0;0;0;0;1;0;0;0
"03/09/2024";"09:20:00";"187";"Com vítima";"133,252";"BR-116/RJ";"Decrescente";"Colisão lateral no mesmo sentido";1;0;0;0;0;1;0;0;0;0;0;5;1;0;0
"03/09/2024";"10:28:00";"198";"Sem vítima";"544,000";"BR-116/RJ";"Crescente";"Colisão traseira";2;0;0;0;0;0;0;0;0;0;2;0;0;0;0
"03/09/2024";"12:17:00";"226";"Sem vítima";"182,000";"BR-116/RJ";"Crescente";"Colisão lateral no mesmo sentido";0;0;1;0;0;0;0;0;0;0;2;0;0;0;0
"03/09/2024";"01:41:00";"242";"Com vítima";"22,000";"BR-116/RJ";"Decrescente";"Atropelamento de ciclista";0;1;0;1;0;0;0;0;0;0;0;1;0;0;0
"03/09/2024";"01:47:00";"243";"Com vítima";"147,000";"BR-116/RJ";"Decrescente";"Colisão lateral no mesmo sentido";0;0;0;0;0;0;0;0;0;2;0;3;0;0;0
"03/09/2024";"02:01:00";"245";"Com vítima";"21,000";"BR-465/RJ";"Crescente";"Colisão transversal";1;0;0;1;0;0;0;0;0;0;0;2;0;0;0
"03/09/2024";"03:11:00";"258";"Com vítima";"620,300";"BR-116/RJ";"Decrescente";"Atropelamento de animal";0;0;0;0;0;0;0;0;0;1;0;2;0;0;0
"03/09/2024";"06:37:00";"290";"Com vítima";"96,000";"BR-493/RJ";"Crescente";"Capotamento";1;0;0;0;0;0;0;0;0;0;0;1;0;0;0
"04/09/2024";"12:10:00";"101";"Com vítima";"708,000";"BR-116/RJ";"Crescente";"Colisão lateral no mesmo sentido";1;0;0;0;0;1;0;0;0;0;1;1;0;0;0
"04/09/2024";"04:16:00";"143";"Com vítima";"578,000";"BR-116/RJ";"Decrescente";"Queda de moto";0;0;0;1;0;0;0;0;0;0;0;1;0;0;0
"04/09/2024";"04:41:00";"147";"Sem vítima";"201,800";"BR-116/RJ";"Crescente";"Colisão lateral no mesmo sentido";1;0;0;0;0;1;0;0;0;0;2;0;0;0;0
"04/09/2024";"04:48:00";"149";"Com vítima";"624,600";"BR-116/RJ";"Decrescente";"Saída de pista";0;0;0;1;0;0;0;0;0;0;0;1;0;1;0
"04/09/2024";"05:06:00";"150";"Com vítima";"147,000";"BR-116/RJ";"Decrescente";"Colisão traseira";0;0;1;0;1;0;0;0;0;0;0;5;0;0;0
"04/09/2024";"05:20:00";"156";"Sem vítima";"664,000";"BR-116/RJ";"Decrescente";"Colisão traseira";0;0;1;0;0;1;0;0;0;0;2;0;0;0;0
"04/09/2024";"10:32:00";"220";"Com vítima";"742,000";"BR-116/RJ";"Crescente";"Colisão traseira";1;0;1;0;0;0;0;0;0;0;2;1;0;0;0
"04/09/2024";"01:50:00";"249";"Com vítima";"5,000";"BR-465/RJ";"Crescente";"Colisão traseira";1;0;0;1;0;0;0;0;0;0;0;2;1;0;0
"04/09/2024";"03:19:00";"263";"Com vítima";"5,000";"BR-465/RJ";"Crescente";"Colisão transversal";1;0;0;1;0;0;0;0;0;0;0;1;1;0;0
"04/09/2024";"03:54:00";"266";"Com vítima";"527,997";"BR-116/RJ";"Decrescente";"Colisão lateral no mesmo sentido";1;0;0;1;0;0;0;0;0;0;1;1;0;0;0
"04/09/2024";"05:36:00";"289";"Sem vítima";"172,178";"BR-116/RJ";"Crescente";"Colisão lateral no mesmo sentido";2;0;0;0;0;0;0;0;0;0;2;0;0;0;0