data;horario;n_da_ocorrencia;tipo_de_ocorrencia;km;trecho;sentido;tipo_de_acidente;automovel;bicicleta;caminhao;moto;onibus;outros;tracao_animal;transporte_de_cargas_especiais;trator_maquinas;utilitarios;ilesos;levemente_feridos;moderadamente_feridos;gravemente_feridos;mortos
"04/09/2024";"06:33:00";"294";"Com vítima";"171,900";"BR-116/RJ";"Decrescente";"Atropelamento de pedestre";0;0;0;1;0;0;0;0;0;0;0;1;0;1;0
"05/09/2024";"06:16:00";"73";"Com vítima";"115,000";"BR-116/RJ";"Decrescente";"Atropelamento de animal";1;0;0;0;0;0;0;0;0;0;1;0;0;0;0
"05/09/2024";"08:41:00";"98";"Com vítima";"526,000";"BR-116/RJ";"Crescente";"Colisão traseira";0;0;0;1;0;0;0;0;0;0;0;3;0;0;0
"05/09/2024";"10:30:00";"119";"Com vítima";"190,000";"BR-116/RJ";"Decrescente";"Colisão traseira";1;0;0;1;0;0;0;0;0;0;0;2;0;0;0
"05/09/2024";"11:14:00";"129";"Sem vítima";"137,000";"BR-116/RJ";"Decrescente";"Colisão traseira";0;0;0;0;0;2;0;0;0;0;2;0;0;0;0
"05/09/2024";"03:53:00";"196";"Com vítima";"606,377";"BR-116/RJ";"Decrescente";"Colisão transversal";1;0;0;1;0;0;0;0;0;0;0;2;0;0;0
"05/09/2024";"05:25:00";"221";"Com vítima";"117,000";"BR-116/RJ";"Decrescente";"Atropelamento de animal";1;0;0;0;0;0;0;0;0;0;1;0;0;0;0
"05/09/2024";"07:13:00";"241";"Com vítima";"179,333";"BR-116/RJ";"Crescente";"Choque";1;0;0;0;0;0;0;0;0;0;2;1;0;0;0
"05/09/2024";"07:22:00";"244";"Com vítima";"607,746";"BR-116/RJ";"Decrescente";"Capotamento";1;0;0;0;0;0;0;0;0;0;0;1;0;0;0
"06/09/2024";"04:36:00";"181";"Com vítima";"83,000";"BR-116/RJ";"Decrescente";"Colisão lateral em sentido contrário";1;0;0;1;0;0;0;0;0;0;0;4;0;0;0
"06/09/2024";"04:42:00";"183";"Sem vítima";"118,000";"BR-116/RJ";"Decrescente";"Colisão lateral no mesmo sentido";1;0;0;0;0;1;0;0;0;0;2;0;0;0;0
"06/09/2024";"09:25:00";"240";"Com vítima";"187,000";"BR-116/RJ";"Decrescente";"Engavetamento";2;0;0;0;0;1;0;0;0;0;1;3;0;0;0
"06/09/2024";"10:00:00";"245";"Com vítima";"752,180";"BR-116/RJ";"Decrescente";"Colisão transversal";0;0;0;2;0;0;0;0;0;0;0;0;3;0;0
"06/09/2024";"10:31:00";"251";"Com vítima";"100,000";"BR-116/RJ";"Decrescente";"Queda de moto";0;0;0;1;0;0;0;0;0;0;0;1;0;0;0
"06/09/2024";"11:21:00";"260";"Sem vítima";"118,200";"BR-116/RJ";"Crescente";"Colisão traseira";1;0;1;0;0;0;0;0;0;0;2;0;0;0;0
"06/09/2024";"01:19:00";"273";"Com vítima";"106,300";"BR-116/RJ";"Decrescente";"Colisão lateral em sentido contrário";1;0;0;1;0;0;0;0;0;0;1;1;0;0;0
"06/09/2024";"02:12:00";"287";"Com vítima";"143,950";"BR-116/RJ";"Decrescente";"Colisão lateral no mesmo sentido";2;0;0;1;0;0;0;0;0;0;0;4;0;0;1
"06/09/2024";"02:43:00";"294";"Com vítima";"178,000";"BR-116/RJ";"Crescente";"Colisão lateral no mesmo sentido";1;0;0;1;0;0;0;0;0;0;0;2;0;0;0
"06/09/2024";"03:36:00";"302";"Com vítima";"178,800";"BR-116/RJ";"Crescente";"Colisão traseira";1;0;0;1;0;0;0;0;0;0;1;1;0;0;0
"06/09/2024";"04:33:00";"315";"Com vítima";"533,150";"BR-116/RJ";"Crescente";"Colisão transversal";2;0;0;0;0;0;0;0;0;0;0;4;0;0;0
"06/09/2024";"04:37:00";"317";"Com vítima";"14,822";"BR-493/RJ";"Decrescente";"Atropelamento de ciclista";1;1;0;0;0;0;0;0;0;0;1;0;0;0;0
"06/09/2024";"05:06:00";"325";"Com vítima";"174,000";"BR-116/RJ";"Crescente";"Colisão lateral no mesmo sentido";0;0;1;1;0;1;0;0;0;0;1;3;0;0;0
"06/09/2024";"10:48:00";"36";"Sem vítima";"610,300";"BR-116/RJ";"Decrescente";"Saída de pista";0;0;0;0;0;1;0;0;0;0;1;0;0;0;0
"07/09/2024";"01:26:00";"69";"Com vítima";"543,000";"BR-116/RJ";"Decrescente";"Choque";1;0;0;0;0;0;0;0;0;0;3;0;2;0;0
"07/09/2024";"02:26:00";"72";"Com vítima";"96,770";"BR-493/RJ";"Crescente";"Choque";1;0;0;0;0;0;0;0;0;0;0;2;0;0;0
"07/09/2024";"04:30:00";"84";"Com vítima";"101,800";"BR-493/RJ";"Crescente";"Tombamento";0;0;0;0;0;1;0;0;0;0;0;1;0;0;0
"07/09/2024";"04:33:00";"85";"Com vítima";"665,399";"BR-116/RJ";"Crescente";"Tombamento";0;0;1;0;0;0;0;0;0;0;0;1;0;0;0
"07/09/2024";"05:17:00";"97";"Com vítima";"551,000";"BR-116/RJ";"Crescente";"Colisão lateral no mesmo sentido";1;0;1;0;0;0;0;0;0;0;1;1;0;0;0
"07/09/2024";"06:59:00";"116";"Com vítima";"197,000";"BR-116/RJ";"Decrescente";"Saída de pista";1;0;0;0;0;0;0;0;0;0;0;0;1;0;0
"07/09/2024";"09:30:00";"145";"Com vítima";"144,000";"BR-116/RJ";"Crescente";"Queda de moto";0;0;0;1;0;0;0;0;0;0;0;2;0;0;0
"07/09/2024";"12:22:00";"171";"Com vítima";"687,610";"BR-116/RJ";"Crescente";"Colisão lateral em sentido contrário";3;0;0;0;0;0;0;0;0;0;0;3;0;0;0
"07/09/2024";"01:03:00";"178";"Com vítima";"19,000";"BR-465/RJ";"Decrescente";"Colisão traseira";0;0;0;2;0;0;0;0;0;0;0;2;0;0;0
"07/09/2024";"01:58:00";"193";"Com vítima";"184,000";"BR-116/RJ";"Crescente";"Engavetamento";4;0;0;0;0;0;0;0;0;0;1;8;0;0;0
"07/09/2024";"02:21:00";"195";"Com vítima";"184,000";"BR-116/RJ";"Decrescente";"Colisão lateral no mesmo sentido";1;0;0;1;0;0;0;0;0;0;0;2;0;0;0
"07/09/2024";"03:52:00";"207";"Sem vítima";"51,000";"BR-493/RJ";"Decrescente";"Choque";1;0;0;0;0;0;0;0;0;0;4;0;0;0;0
"07/09/2024";"03:53:00";"206";"Com vítima";"522,200";"BR-116/RJ";"Decrescente";"Colisão lateral no mesmo sentido";1;0;0;1;0;0;0;0;0;0;0;2;0;0;0
"07/09/2024";"04:01:00";"208";"Com vítima";"41,900";"BR-116/RJ";"Crescente";"Colisão transversal";2;0;0;0;0;0;0;0;0;0;0;0;3;0;0
"07/09/2024";"04:53:00";"223";"Com vítima";"142,000";"BR-116/RJ";"Decrescente";"Colisão lateral no mesmo sentido";1;1;0;0;0;0;0;0;0;0;1;0;0;0;0
"07/09/2024";"05:09:00";"228";"Com vítima";"410,000";"BR-116/RJ";"Crescente";"Atropelamento de pedestre";1;0;0;0;0;0;0;0;0;0;1;0;1;0;0
"07/09/2024";"06:04:00";"234";"Com vítima";"182,900";"BR-116/RJ";"Crescente";"Queda de moto";0;0;0;1;0;1;0;0;0;0;1;2;0;0;0
"07/09/2024";"08:17:00";"255";"Com vítima";"69,063";"BR-493/RJ";"Crescente";"Tombamento";0;0;0;0;0;1;0;0;0;0;0;1;0;0;0
"07/09/2024";"09:02:00";"2";"Sem vítima";"202,000";"BR-116/RJ";"Crescente";"Capotamento";1;0;0;0;0;0;0;0;0;0;1;0;0;0;0
"07/09/2024";"11:52:00";"37";"Com vítima";"129,954";"BR-116/RJ";"Crescente";"Capotamento";1;0;0;0;0;0;0;0;0;0;0;2;0;0;0
"08/09/2024";"03:27:00";"51";"Com vítima";"107,000";"BR-493/RJ";"Crescente";"Saída de pista";1;0;0;0;0;0;0;0;0;0;0;2;0;0;0
"08/09/2024";"05:43:00";"72";"Com vítima";"131,000";"BR-116/RJ";"Decrescente";"Atropelamento de animal";0;0;0;1;0;0;0;0;0;0;0;2;0;0;0
"08/09/2024";"07:18:00";"92";"Com vítima";"0,500";"BR-493/RJ";"Decrescente";"Colisão transversal";1;0;0;1;0;0;0;0;0;0;0;3;0;0;0
"08/09/2024";"08:59:00";"111";"Com vítima";"128,000";"BR-116/RJ";"Crescente";"Queda de moto";0;0;0;1;0;0;0;0;0;0;0;2;0;0;0
"08/09/2024";"10:03:00";"125";"Com vítima";"72,465";"BR-493/RJ";"Decrescente";"Queda de moto";0;0;0;1;0;0;0;0;0;0;0;1;0;0;0
"08/09/2024";"11:55:00";"136";"Com vítima";"98,000";"BR-493/RJ";"Decrescente";"Engavetamento";3;0;0;0;0;0;0;0;0;0;0;5;0;0;0
"08/09/2024";"12:25:00";"143";"Sem vítima";"539,000";"BR-116/RJ";"Crescente";"Capotamento";1;0;0;0;0;0;0;0;0;0;1;0;0;0;0
"08/09/2024";"01:14:00";"152";"Com vítima";"189,408";"BR-116/RJ";"Decrescente";"Colisão lateral no mesmo sentido";0;0;0;1;0;1;0;0;0;0;0;1;0;1;0
"08/09/2024";"04:08:00";"188";"Com vítima";"531,946";"BR-116/RJ";"Decrescente";"Colisão frontal";1;0;0;0;0;1;0;0;0;0;1;1;0;0;0
"08/09/2024";"04:50:00";"194";"Com vítima";"816,000";"BR-116/RJ";"Decrescente";"Colisão lateral no mesmo sentido";2;0;0;0;0;0;0;0;0;0;0;2;0;0;0
"08/09/2024";"05:29:00";"205";"Com vítima";"98,000";"BR-493/RJ";"Crescente";"Choque";1;0;0;0;0;0;0;0;0;0;0;1;0;0;0
"08/09/2024";"05:46:00";"209";"Com vítima";"86,800";"BR-116/RJ";"Decrescente";"Choque";2;0;0;0;0;0;0;0;0;0;1;1;0;1;0
"08/09/2024";"06:18:00";"214";"Com vítima";"472,000";"BR-116/RJ";"Decrescente";"Colisão lateral no mesmo sentido";1;0;0;0;0;1;0;0;0;0;1;1;0;0;0
"08/09/2024";"07:44:00";"223";"Com vítima";"141,000";"BR-116/RJ";"Crescente";"Queda de moto";0;0;0;1;0;0;0;0;0;0;0;1;1;0;0
"08/09/2024";"08:20:00";"227";"Com vítima";"581,427";"BR-116/RJ";"Decrescente";"Colisão frontal";1;0;0;0;0;1;0;0;0;0;0;1;0;0;1
"09/09/2024";"03:04:00";"145";"Com vítima";"539,399";"BR-116/RJ";"Decrescente";"Tombamento";0;0;0;0;0;1;0;0;0;0;0;1;0;0;0
"09/09/2024";"04:01:00";"151";"Sem vítima";"174,000";"BR-116/RJ";"Crescente";"Choque";1;0;0;0;0;0;0;0;0;0;1;0;0;0;0
"09/09/2024";"04:49:00";"158";"Com vítima";"187,000";"BR-116/RJ";"Decrescente";"Engavetamento";4;0;0;0;0;0;0;0;0;0;0;5;0;0;0
"09/09/2024";"04:51:00";"159";"Sem vítima";"212,900";"BR-116/RJ";"Crescente";"Colisão traseira";0;0;0;0;0;2;0;0;0;0;2;0;0;0;0
"09/09/2024";"05:01:00";"161";"Sem vítima";"176,000";"BR-116/RJ";"Decrescente";"Colisão traseira";2;0;0;0;0;0;0;0;0;0;2;0;0;0;0
"09/09/2024";"05:42:00";"170";"Sem vítima";"195,000";"BR-116/RJ";"Decrescente";"Colisão lateral no mesmo sentido";1;0;0;0;0;1;0;0;0;0;3;0;0;0;0
"09/09/2024";"05:48:00";"171";"Com vítima";"14,000";"BR-465/RJ";"Crescente";"Colisão transversal";1;0;0;1;0;0;0;0;0;0;1;1;0;0;0
"09/09/2024";"06:01:00";"175";"Com vítima";"8,135";"BR-493/RJ";"Decrescente";"Queda de moto";0;0;0;1;0;0;0;0;0;0;0;1;0;0;0
"09/09/2024";"06:23:00";"184";"Com vítima";"28,800";"BR-116/RJ";"Crescente";"Tombamento";1;0;0;0;0;0;0;0;0;0;0;1;1;0;0
"09/09/2024";"11:28:00";"230";"Com vítima";"662,000";"BR-116/RJ";"Decrescente";"Queda de moto";0;0;0;1;0;0;0;0;0;0;0;2;0;0;0
"09/09/2024";"11:36:00";"231";"Com vítima";"421,000";"BR-116/RJ";"Decrescente";"Acidentes de outra natureza";1;0;0;1;0;0;0;0;0;0;0;1;1;0;0
"09/09/2024";"01:37:00";"259";"Sem vítima";"178,000";"BR-116/RJ";"Decrescente";"Colisão lateral no mesmo sentido";1;0;0;0;0;1;0;0;0;0;2;0;0;0;0
"09/09/2024";"07:10:00";"334";"Com vítima";"653,932";"BR-116/RJ";"Crescente";"Tombamento";0;0;1;0;0;0;0;0;0;0;0;1;0;0;0
"10/09/2024";"04:05:00";"166";"Com vítima";"520,000";"BR-116/RJ";"Decrescente";"Colisão transversal";1;0;0;1;0;0;0;0;0;0;0;1;1;1;0
"10/09/2024";"09:31:00";"220";"Com vítima";"469,000";"BR-116/RJ";"Crescente";"Capotamento";1;0;0;0;0;0;0;0;0;0;0;0;0;1;0
"10/09/2024";"10:05:00";"222";"Com vítima";"415,000";"BR-116/RJ";"Decrescente";"Colisão frontal";1;0;0;1;0;0;0;0;0;0;1;0;1;0;0
"10/09/2024";"12:22:00";"252";"Com vítima";"788,000";"BR-116/RJ";"Crescente";"Queda de moto";0;0;0;1;0;0;0;0;0;0;0;1;0;0;0
"10/09/2024";"12:48:00";"257";"Com vítima";"82,936";"BR-493/RJ";"Decrescente";"Saída de pista";0;0;0;0;0;0;0;0;0;1;0;2;0;0;0
"10/09/2024";"05:38:00";"303";"Com vítima";"113,131";"BR-493/RJ";"Crescente";"Choque";2;0;0;0;0;0;0;0;0;0;1;1;0;0;0
"10/09/2024";"10:05:00";"123";"Com vítima";"194,280";"BR-116/RJ";"Crescente";"Colisão traseira";2;0;0;0;0;1;0;0;0;0;1;2;0;0;0
"11/09/2024";"04:37:00";"161";"Com vítima";"144,000";"BR-116/RJ";"Decrescente";"Colisão traseira";1;0;0;1;0;0;0;0;0;0;1;1;0;0;0
"11/09/2024";"04:59:00";"163";"Com vítima";"146,707";"BR-116/RJ";"Crescente";"Engavetamento";4;0;1;0;0;0;0;0;0;0;2;4;0;0;0
"11/09/2024";"05:22:00";"167";"Com vítima";"145,936";"BR-116/RJ";"Crescente";"Colisão lateral no mesmo sentido";2;0;0;0;0;0;0;0;0;0;0;2;0;0;0
"11/09/2024";"06:05:00";"176";"Com vítima";"5,000";"BR-465/RJ";"Crescente";"Colisão transversal";1;0;0;1;0;0;0;0;0;0;0;2;0;0;0
"11/09/2024";"08:07:00";"206";"Com vítima";"182,000";"BR-116/RJ";"Decrescente";"Colisão lateral no mesmo sentido";1;0;0;1;0;0;0;0;0;0;0;1;1;0;0
"11/09/2024";"08:26:00";"210";"Com vítima";"28,800";"BR-116/RJ";"Decrescente";"Capotamento";0;0;0;0;0;1;0;0;0;0;0;1;0;0;0
"11/09/2024";"08:38:00";"213";"Com vítima";"24,000";"BR-493/RJ";"Decrescente";"Colisão lateral em sentido contrário";1;0;1;0;1;0;0;0;0;0;0;9;0;0;0
"11/09/2024";"09:23:00";"220";"Com vítima";"108,000";"BR-116/RJ";"Crescente";"Queda de moto";0;0;0;1;0;0;0;0;0;0;0;1;0;0;0
"11/09/2024";"03:27:00";"283";"Com vítima";"666,000";"BR-116/RJ";"Crescente";"Queda de moto";0;0;0;1;0;0;0;0;0;0;0;0;1;0;0
"11/09/2024";"06:14:00";"313";"Com vítima";"49,000";"BR-493/RJ";"Crescente";"Queda de moto";0;0;0;1;0;0;0;0;0;0;0;1;0;0;0
"11/09/2024";"08:13:00";"336";"Sem vítima";"757,000";"BR-116/RJ";"Decrescente";"Atropelamento de animal";1;0;0;0;0;0;0;0;0;0;1;0;0;0;0
"12/09/2024";"03:57:00";"185";"Com vítima";"84,000";"BR-493/RJ";"Decrescente";"Saída de pista";0;0;1;0;0;0;0;0;0;0;0;1;0;0;0
"12/09/2024";"05:05:00";"200";"Com vítima";"190,000";"BR-116/RJ";"Decrescente";"Choque";1;0;0;0;0;0;0;0;0;0;0;2;0;0;0
"12/09/2024";"05:33:00";"204";"Com vítima";"625,000";"BR-116/RJ";"Crescente";"Capotamento";1;0;0;0;0;0;0;0;0;0;0;1;0;0;0
"12/09/2024";"07:31:00";"236";"Com vítima";"136,100";"BR-116/RJ";"Crescente";"Colisão transversal";1;0;0;1;0;0;0;0;0;1;1;9;1;0;0
"12/09/2024";"08:50:00";"254";"Com vítima";"516,926";"BR-116/RJ";"Decrescente";"Tombamento";0;0;0;0;0;1;0;0;0;0;0;1;0;0;0
"12/09/2024";"09:24:00";"262";"Com vítima";"13,500";"BR-465/RJ";"Crescente";"Colisão frontal";0;0;0;2;0;0;0;0;0;0;0;0;3;0;0
"12/09/2024";"12:34:00";"313";"Com vítima";"130,000";"BR-116/RJ";"Decrescente";"Queda de moto";0;0;0;1;0;0;0;0;0;0;0;2;0;0;0
"12/09/2024";"02:06:00";"336";"Com vítima";"3,000";"BR-465/RJ";"Decrescente";"Colisão transversal";0;0;0;2;0;0;0;0;0;0;0;2;0;0;0
"12/09/2024";"03:08:00";"358";"Com vítima";"89,156";"BR-116/RJ";"Decrescente";"Saída de pista";1;0;0;0;0;0;0;0;0;0;0;2;0;0;0
"12/09/2024";"03:19:00";"361";"Com vítima";"6,195";"BR-116/RJ";"Decrescente";"Queda de moto";0;0;0;1;0;0;0;0;0;0;0;2;0;0;0
"12/09/2024";"04:16:00";"373";"Com vítima";"605,000";"BR-116/RJ";"Crescente";"Colisão transversal";1;0;0;1;0;0;0;0;0;0;1;0;0;1;0
"12/09/2024";"04:57:00";"386";"Com vítima";"0,475";"BR-493/RJ";"Crescente";"Colisão lateral no mesmo sentido";1;0;0;1;0;0;0;0;0;0;1;1;1;0;0
"12/09/2024";"08:01:00";"418";"Com vítima";"13,659";"BR-493/RJ";"Crescente";"Choque";0;0;0;1;0;0;0;0;0;0;0;0;1;1;0
"13/09/2024";"04:21:00";"190";"Sem vítima";"765,000";"BR-116/RJ";"Crescente";"Colisão transversal";2;0;0;0;0;0;0;0;0;0;7;0;0;0;0
"13/09/2024";"08:18:00";"247";"Com vítima";"107,000";"BR-116/RJ";"Crescente";"Engavetamento";3;0;0;0;0;0;0;0;0;0;1;3;0;0;0
"13/09/2024";"09:43:00";"261";"Com vítima";"21,600";"BR-465/RJ";"Decrescente";"Colisão transversal";1;0;0;1;0;0;0;0;0;0;0;2;0;0;0
"13/09/2024";"12:04:00";"287";"Com vítima";"189,300";"BR-116/RJ";"Decrescente";"Engavetamento";3;0;0;0;0;0;0;0;0;0;0;3;0;0;0
"13/09/2024";"12:24:00";"294";"Sem vítima";"182,000";"BR-116/RJ";"Crescente";"Colisão lateral no mesmo sentido";1;0;0;0;1;0;0;0;0;0;2;0;0;0;0
"13/09/2024";"12:37:00";"296";"Sem vítima";"772,500";"BR-116/RJ";"Crescente";"Colisão transversal";2;0;0;0;0;0;0;0;0;0;2;0;0;0;0
"13/09/2024";"12:50:00";"304";"Sem vítima";"172,000";"BR-116/RJ";"Crescente";"Colisão lateral no mesmo sentido";1;0;0;0;1;0;0;0;0;0;9;0;0;0;0
"13/09/2024";"01:22:00";"311";"Com vítima";"189,000";"BR-116/RJ";"Crescente";"Colisão traseira";1;0;0;1;0;0;0;0;0;0;1;2;0;0;0
"13/09/2024";"02:32:00";"333";"Sem vítima";"191,948";"BR-116/RJ";"Decrescente";"Colisão traseira";2;0;0;0;0;0;0;0;0;0;4;0;0;0;0
"13/09/2024";"02:37:00";"336";"Com vítima";"187,330";"BR-116/RJ";"Decrescente";"Colisão traseira";2;0;0;1;0;0;0;0;0;0;1;2;0;0;0
"13/09/2024";"03:32:00";"350";"Sem vítima";"764,000";"BR-116/RJ";"Crescente";"Colisão traseira";2;0;0;0;0;0;0;0;0;0;3;0;0;0;0
"13/09/2024";"04:04:00";"361";"Com vítima";"146,815";"BR-116/RJ";"Decrescente";"Atropelamento de ciclista";0;1;0;0;1;0;0;0;0;0;1;0;0;0;0
"13/09/2024";"04:24:00";"366";"Com vítima";"108,243";"BR-493/RJ";"Crescente";"Saída de pista";1;0;0;0;0;0;0;0;0;0;0;3;0;0;0
"13/09/2024";"06:30:00";"392";"Com vítima";"539,352";"BR-116/RJ";"Decrescente";"Tombamento";0;0;1;0;0;0;0;0;0;0;0;1;0;0;0
"13/09/2024";"08:46:00";"409";"Com vítima";"188,360";"BR-116/RJ";"Decrescente";"Queda de moto";0;0;0;1;0;0;0;0;0;0;0;0;0;1;1
"13/09/2024";"10:37:00";"37";"Sem vítima";"60,356";"BR-116/RJ";"Decrescente";"Colisão traseira";1;0;0;0;0;1;0;0;0;0;2;0;0;0;0
"14/09/2024";"02:27:00";"94";"Com vítima";"810,000";"BR-116/RJ";"Decrescente";"Choque";1;0;0;0;0;0;0;0;0;0;0;1;0;0;0
"14/09/2024";"04:56:00";"120";"Com vítima";"777,658";"BR-116/RJ";"Crescente";"Choque";1;0;0;0;0;0;0;0;0;0;0;1;0;0;0
"14/09/2024";"06:32:00";"139";"Com vítima";"181,000";"BR-116/RJ";"Decrescente";"Queda de moto";0;0;0;1;0;0;0;0;0;0;0;2;0;0;0
"14/09/2024";"06:39:00";"142";"Com vítima";"212,900";"BR-116/RJ";"Crescente";"Colisão lateral no mesmo sentido";1;0;0;0;0;1;0;0;0;0;0;2;0;0;0
"14/09/2024";"07:25:00";"152";"Com vítima";"172,450";"BR-116/RJ";"Crescente";"Engavetamento";4;0;0;0;0;0;0;0;0;0;0;6;0;0;0
"14/09/2024";"07:35:00";"154";"Com vítima";"175,000";"BR-116/RJ";"Decrescente";"Colisão traseira";2;0;0;0;0;0;0;0;0;0;1;4;0;0;0
"14/09/2024";"09:18:00";"176";"Com vítima";"92,000";"BR-116/RJ";"Crescente";"Queda de moto";0;0;0;1;0;0;0;0;0;0;0;1;0;0;0
"14/09/2024";"09:42:00";"182";"Sem vítima";"57,000";"BR-493/RJ";"Crescente";"Capotamento";1;0;0;0;0;0;0;0;0;0;1;0;0;0;0
"14/09/2024";"10:01:00";"184";"Com vítima";"455,230";"BR-116/RJ";"Crescente";"Colisão traseira";2;0;0;0;0;0;0;0;0;0;0;3;0;0;0
"14/09/2024";"10:04:00";"185";"Com vítima";"82,000";"BR-116/RJ";"Crescente";"Colisão traseira";1;0;0;1;0;0;0;0;0;0;2;1;0;0;0
"14/09/2024";"02:15:00";"240";"Com vítima";"100,695";"BR-116/RJ";"Crescente";"Queda de moto";0;0;0;1;0;0;0;0;0;0;0;2;0;0;0
"14/09/2024";"03:11:00";"249";"Com vítima";"636,800";"BR-116/RJ";"Decrescente";"Colisão traseira";0;0;0;1;0;1;0;0;0;0;1;0;1;0;0
"14/09/2024";"03:58:00";"252";"Com vítima";"189,421";"BR-116/RJ";"Crescente";"Atropelamento de pedestre";0;0;0;1;0;0;0;0;0;0;0;0;0;2;0
"14/09/2024";"04:12:00";"255";"Com vítima";"186,698";"BR-116/RJ";"Crescente";"Queda de moto";0;0;0;1;0;0;0;0;0;0;0;1;0;0;0
"14/09/2024";"05:17:00";"267";"Sem vítima";"112,500";"BR-493/RJ";"Crescente";"Choque";1;0;0;0;0;0;0;0;0;0;1;0;0;0;0
"14/09/2024";"06:19:00";"277";"Com vítima";"21,596";"BR-465/RJ";"Crescente";"Colisão frontal";1;0;0;1;0;0;0;0;0;0;0;2;0;0;0
"14/09/2024";"06:21:00";"278";"Sem vítima";"141,932";"BR-116/RJ";"Crescente";"Choque";1;0;0;0;0;0;0;0;0;0;1;0;0;0;0
"14/09/2024";"08:46:00";"301";"Com vítima";"12,348";"BR-493/RJ";"Crescente";"Atropelamento de animal";1;0;0;0;0;0;0;0;0;0;1;0;0;0;0
"14/09/2024";"09:02:00";"1";"Com vítima";"42,247";"BR-116/RJ";"Decrescente";"Colisão traseira";0;0;0;1;0;1;0;0;0;0;1;0;1;0;0
"14/09/2024";"11:02:00";"31";"Com vítima";"108,342";"BR-493/RJ";"Crescente";"Colisão traseira";1;0;0;0;0;1;0;0;0;0;0;3;2;1;0
"15/09/2024";"12:54:00";"40";"Sem vítima";"178,986";"BR-116/RJ";"Decrescente";"Choque";1;0;0;0;0;0;0;0;0;0;1;0;0;0;0
"15/09/2024";"01:02:00";"41";"Sem vítima";"563,000";"BR-116/RJ";"Decrescente";"Capotamento";1;0;0;0;0;0;0;0;0;0;1;0;0;0;0
"15/09/2024";"02:32:00";"45";"Com vítima";"182,367";"BR-116/RJ";"Crescente";"Choque";1;0;0;0;0;0;0;0;0;0;0;1;0;0;0
"15/09/2024";"02:44:00";"47";"Com vítima";"32,810";"BR-116/RJ";"Decrescente";"Tombamento";0;0;0;0;0;1;0;0;0;0;0;1;0;0;0
"15/09/2024";"03:44:00";"50";"Com vítima";"22,000";"BR-493/RJ";"Decrescente";"Colisão lateral em sentido contrário";1;0;0;0;0;1;0;0;0;0;1;1;0;0;0
"15/09/2024";"05:48:00";"65";"Com vítima";"141,000";"BR-116/RJ";"Decrescente";"Colisão lateral no mesmo sentido";2;0;0;0;0;0;0;0;0;0;3;1;0;0;0
"15/09/2024";"06:03:00";"68";"Com vítima";"173,000";"BR-116/RJ";"Crescente";"Queda de moto";0;0;0;1;0;0;0;0;0;0;0;1;0;0;0
"15/09/2024";"02:01:00";"151";"Com vítima";"111,000";"BR-116/RJ";"Crescente";"Engavetamento";2;0;1;0;0;0;0;0;0;0;2;1;0;0;0
"15/09/2024";"03:05:00";"161";"Com vítima";"19,733";"BR-493/RJ";"Crescente";"Queda de moto";0;0;0;1;0;0;0;0;0;0;0;0;1;0;0
"15/09/2024";"05:01:00";"183";"Sem vítima";"699,635";"BR-116/RJ";"Decrescente";"Colisão lateral em sentido contrário";1;0;0;0;0;0;0;0;0;1;2;0;0;0;0
"15/09/2024";"05:06:00";"184";"Com vítima";"108,997";"BR-116/RJ";"Crescente";"Colisão lateral no mesmo sentido";1;0;0;1;0;0;0;0;0;0;2;1;0;0;0
"15/09/2024";"06:07:00";"194";"Com vítima";"184,628";"BR-116/RJ";"Crescente";"Colisão lateral no mesmo sentido";1;0;0;0;0;1;0;0;0;0;1;2;0;0;0
"15/09/2024";"06:34:00";"198";"Com vítima";"699,000";"BR-116/RJ";"Decrescente";"Colisão lateral em sentido contrário";1;0;0;0;0;1;0;0;0;0;1;1;0;0;0
"15/09/2024";"07:03:00";"206";"Com vítima";"114,868";"BR-493/RJ";"Crescente";"Atropelamento de animal";1;0;0;0;0;0;0;0;0;0;0;1;0;0;0
"15/09/2024";"07:37:00";"211";"Com vítima";"585,249";"BR-116/RJ";"Decrescente";"Colisão frontal";1;0;0;1;0;0;0;0;0;0;1;0;0;1;0