data;horario;n_da_ocorrencia;tipo_de_ocorrencia;km;trecho;sentido;tipo_de_acidente;automovel;bicicleta;caminhao;moto;onibus;outros;tracao_animal;transporte_de_cargas_especiais;trator_maquinas;utilitarios;ilesos;levemente_feridos;moderadamente_feridos;gravemente_feridos;mortos
"15/09/2024";"09:37:00";"6";"Com vítima";"132,281";"BR-116/RJ";"Decrescente";"Colisão lateral no mesmo sentido";2;0;0;0;0;0;0;0;0;0;0;4;0;0;0
"15/09/2024";"10:29:00";"34";"Com vítima";"169,900";"BR-116/RJ";"Decrescente";"Choque";1;0;0;0;0;0;0;0;0;0;0;1;0;0;0
"16/09/2024";"03:44:00";"153";"Com vítima";"711,000";"BR-116/RJ";"Decrescente";"Tombamento";0;0;1;0;0;0;0;0;0;0;0;0;0;1;0
"16/09/2024";"04:16:00";"159";"Com vítima";"546,500";"BR-116/RJ";"Crescente";"Queda de moto";0;0;0;1;0;0;0;0;0;0;0;2;0;0;0
"16/09/2024";"05:27:00";"175";"Com vítima";"83,000";"BR-116/RJ";"Crescente";"Colisão lateral no mesmo sentido";0;0;0;2;0;0;0;0;0;0;0;2;0;0;0
"16/09/2024";"05:36:00";"177";"Com vítima";"127,300";"BR-116/RJ";"Crescente";"Queda de moto";0;0;0;1;0;0;0;0;0;0;0;1;0;0;0
"16/09/2024";"05:59:00";"186";"Com vítima";"21,000";"BR-465/RJ";"Decrescente";"Colisão frontal";0;0;0;1;1;0;0;0;0;0;1;1;0;0;0
"16/09/2024";"07:33:00";"204";"Com vítima";"804,000";"BR-116/RJ";"Crescente";"Queda de moto";0;0;0;1;0;0;0;0;0;0;0;1;0;0;0
"16/09/2024";"08:15:00";"213";"Com vítima";"18,700";"BR-493/RJ";"Crescente";"Colisão traseira";2;0;0;0;0;0;0;0;0;0;0;6;0;0;0
"16/09/2024";"08:19:00";"215";"Com vítima";"87,547";"BR-493/RJ";"Crescente";"Colisão lateral no mesmo sentido";0;0;0;0;0;1;0;0;0;1;0;2;0;0;0
"16/09/2024";"09:17:00";"225";"Com vítima";"147,685";"BR-116/RJ";"Crescente";"Queda de moto";0;0;0;1;0;0;0;0;0;0;0;1;0;0;0
"16/09/2024";"09:22:00";"226";"Com vítima";"147,941";"BR-116/RJ";"Crescente";"Queda de moto";0;0;0;1;0;0;0;0;0;0;0;1;0;0;0
"16/09/2024";"10:43:00";"241";"Com vítima";"95,000";"BR-116/RJ";"Crescente";"Colisão traseira";2;0;0;0;0;0;0;0;0;0;0;4;0;0;0
"16/09/2024";"01:07:00";"265";"Com vítima";"111,000";"BR-493/RJ";"Decrescente";"Saída de pista";1;0;0;0;0;0;0;0;0;0;0;2;0;0;0
"16/09/2024";"01:38:00";"272";"Com vítima";"577,000";"BR-116/RJ";"Decrescente";"Choque";1;0;0;0;0;0;0;0;0;0;0;0;1;0;0
"16/09/2024";"02:15:00";"280";"Com vítima";"3,000";"BR-465/RJ";"Crescente";"Colisão lateral no mesmo sentido";1;0;0;1;0;0;0;0;0;0;0;3;0;0;0
"16/09/2024";"02:55:00";"286";"Com vítima";"555,240";"BR-116/RJ";"Decrescente";"Colisão lateral em sentido contrário";0;0;1;0;0;1;0;0;0;0;1;1;0;0;0
"16/09/2024";"03:24:00";"287";"Com vítima";"185,000";"BR-116/RJ";"Crescente";"Colisão lateral no mesmo sentido";0;1;0;0;1;0;0;0;0;0;1;0;0;0;0
"16/09/2024";"03:29:00";"289";"Com vítima";"127,500";"BR-116/RJ";"Decrescente";"Colisão traseira";0;0;0;0;2;0;0;0;0;0;1;1;0;0;0
"16/09/2024";"04:45:00";"306";"Sem vítima";"185,000";"BR-116/RJ";"Crescente";"Engavetamento";0;0;2;0;0;0;0;0;0;1;3;0;0;0;0
"16/09/2024";"04:46:00";"307";"Sem vítima";"130,000";"BR-116/RJ";"Decrescente";"Choque";1;0;0;0;0;0;0;0;0;0;1;0;0;0;0
"16/09/2024";"07:48:00";"341";"Sem vítima";"174,000";"BR-116/RJ";"Crescente";"Choque";1;0;0;0;0;0;0;0;0;0;1;0;0;0;0
"16/09/2024";"11:11:00";"102";"Com vítima";"184,855";"BR-116/RJ";"Decrescente";"Atropelamento de pedestre";0;0;1;0;0;0;0;0;0;0;0;1;0;0;1
"16/09/2024";"11:18:00";"113";"Sem vítima";"22,500";"BR-493/RJ";"Crescente";"Atropelamento de animal";0;0;1;0;0;0;0;0;0;0;1;0;0;0;0
"17/09/2024";"12:09:00";"129";"Sem vítima";"534,649";"BR-116/RJ";"Crescente";"Saída de pista";1;0;0;0;0;0;0;0;0;0;1;0;0;0;0
"17/09/2024";"02:23:00";"150";"Com vítima";"2,980";"BR-465/RJ";"Crescente";"Atropelamento de pedestre";0;0;0;0;1;0;0;0;0;0;0;1;0;1;0
"17/09/2024";"03:56:00";"160";"Com vítima";"143,456";"BR-116/RJ";"Crescente";"Choque";1;0;1;0;0;0;0;0;0;0;0;3;0;0;0
"17/09/2024";"04:25:00";"165";"Com vítima";"20,500";"BR-465/RJ";"Crescente";"Colisão transversal";1;0;0;1;0;0;0;0;0;0;0;2;0;0;0
"17/09/2024";"05:32:00";"181";"Com vítima";"660,000";"BR-116/RJ";"Crescente";"Acidentes de outra natureza";1;0;0;0;0;0;0;0;0;0;0;0;1;0;0
"17/09/2024";"05:45:00";"183";"Com vítima";"25,000";"BR-493/RJ";"Crescente";"Choque";1;0;0;0;0;0;0;0;0;0;0;2;0;0;0
"17/09/2024";"05:45:00";"184";"Com vítima";"184,000";"BR-116/RJ";"Decrescente";"Queda de moto";0;0;0;1;0;0;0;0;0;0;0;1;0;0;0
"17/09/2024";"07:03:00";"204";"Com vítima";"719,197";"BR-116/RJ";"Decrescente";"Capotamento";0;0;0;0;0;1;0;0;0;0;0;1;0;0;0
"17/09/2024";"07:36:00";"209";"Com vítima";"178,000";"BR-116/RJ";"Decrescente";"Colisão traseira";1;0;0;1;0;0;0;0;0;0;1;2;0;0;0
"17/09/2024";"08:12:00";"216";"Com vítima";"689,000";"BR-116/RJ";"Decrescente";"Colisão frontal";3;0;0;0;0;0;0;0;0;0;0;3;0;0;0
"17/09/2024";"09:02:00";"221";"Com vítima";"62,000";"BR-493/RJ";"Crescente";"Colisão traseira";1;0;1;0;0;0;0;0;0;0;0;3;0;0;0
"17/09/2024";"11:49:00";"247";"Com vítima";"103,000";"BR-116/RJ";"Decrescente";"Colisão lateral no mesmo sentido";1;0;1;0;0;0;0;0;0;0;1;1;0;0;0
"17/09/2024";"12:43:00";"256";"Com vítima";"198,000";"BR-116/RJ";"Crescente";"Choque";1;0;0;0;0;0;0;0;0;0;0;1;1;0;0
"17/09/2024";"01:00:00";"258";"Com vítima";"132,000";"BR-116/RJ";"Decrescente";"Capotamento";1;0;0;0;0;0;0;0;0;0;0;1;0;0;0
"17/09/2024";"02:54:00";"271";"Com vítima";"136,000";"BR-116/RJ";"Decrescente";"Colisão traseira";2;0;0;0;0;0;0;0;0;0;0;2;0;0;0
"17/09/2024";"04:01:00";"279";"Com vítima";"417,000";"BR-116/RJ";"Crescente";"Atropelamento de ciclista";0;1;0;1;0;0;0;0;0;0;0;1;0;0;0
"17/09/2024";"04:55:00";"284";"Com vítima";"178,088";"BR-116/RJ";"Crescente";"Colisão traseira";1;0;0;1;0;0;0;0;0;0;1;1;1;0;0
"17/09/2024";"05:06:00";"286";"Com vítima";"20,559";"BR-465/RJ";"Crescente";"Atropelamento de pedestre";0;0;0;1;0;0;0;0;0;0;0;1;1;0;0
"17/09/2024";"05:53:00";"294";"Com vítima";"774,097";"BR-116/RJ";"Crescente";"Tombamento";0;0;0;0;0;1;0;0;0;0;0;0;1;0;0
"17/09/2024";"07:05:00";"301";"Com vítima";"746,970";"BR-116/RJ";"Decrescente";"Capotamento";1;0;0;0;0;0;0;0;0;0;0;3;0;0;0
"17/09/2024";"07:42:00";"306";"Com vítima";"421,781";"BR-116/RJ";"Crescente";"Colisão transversal";1;0;0;1;0;0;0;0;0;0;0;1;1;0;0
"18/09/2024";"04:17:00";"187";"Com vítima";"196,000";"BR-116/RJ";"Crescente";"Colisão frontal";2;0;0;0;0;0;0;0;0;0;0;1;1;0;0
"18/09/2024";"05:34:00";"212";"Com vítima";"173,000";"BR-116/RJ";"Crescente";"Colisão traseira";1;0;0;1;0;0;0;0;0;0;0;3;1;0;0
"18/09/2024";"06:49:00";"224";"Com vítima";"551,880";"BR-116/RJ";"Crescente";"Colisão traseira";1;0;1;0;0;0;0;0;0;0;1;2;0;0;0
"18/09/2024";"08:51:00";"251";"Com vítima";"201,000";"BR-116/RJ";"Decrescente";"Colisão traseira";2;0;0;0;0;0;0;0;0;0;0;2;0;0;0
"18/09/2024";"10:50:00";"268";"Com vítima";"19,957";"BR-116/RJ";"Decrescente";"Acidentes de outra natureza";1;0;0;0;0;0;0;0;0;0;0;1;0;0;0
"18/09/2024";"01:09:00";"298";"Com vítima";"92,500";"BR-493/RJ";"Decrescente";"Queda de bicicleta";0;1;0;0;0;0;0;0;0;0;0;0;0;0;0
"18/09/2024";"01:22:00";"302";"Com vítima";"695,000";"BR-116/RJ";"Decrescente";"Colisão lateral no mesmo sentido";1;0;0;0;1;0;0;0;0;0;1;0;2;0;0
"18/09/2024";"02:42:00";"318";"Com vítima";"83,808";"BR-493/RJ";"Crescente";"Choque";0;0;1;0;0;0;0;0;0;0;0;1;0;0;0
"18/09/2024";"03:55:00";"335";"Com vítima";"182,050";"BR-116/RJ";"Crescente";"Engavetamento";1;0;0;2;0;0;0;0;0;0;0;4;0;0;0
"18/09/2024";"05:24:00";"357";"Com vítima";"176,000";"BR-116/RJ";"Crescente";"Engavetamento";4;0;0;0;0;0;0;0;0;0;1;5;0;0;0
"18/09/2024";"05:54:00";"364";"Com vítima";"1,500";"BR-465/RJ";"Decrescente";"Colisão transversal";1;0;0;0;0;1;0;0;0;0;1;1;0;0;0
"18/09/2024";"05:55:00";"365";"Com vítima";"175,400";"BR-116/RJ";"Crescente";"Engavetamento";4;0;0;0;0;0;0;0;0;0;1;6;0;0;0
"18/09/2024";"07:20:00";"377";"Com vítima";"11,800";"BR-465/RJ";"Decrescente";"Engavetamento";2;0;0;1;0;0;0;0;0;0;2;1;0;0;0
"18/09/2024";"09:57:00";"90";"Com vítima";"8,500";"BR-465/RJ";"Decrescente";"Colisão lateral em sentido contrário";2;0;0;0;0;0;0;0;0;0;0;2;0;0;0
"18/09/2024";"11:21:00";"118";"Com vítima";"197,000";"BR-116/RJ";"Crescente";"Capotamento";1;0;0;0;0;0;0;0;0;0;0;2;0;0;0
"19/09/2024";"02:19:00";"153";"Com vítima";"180,646";"BR-116/RJ";"Decrescente";"Colisão traseira";1;0;0;0;0;0;0;0;0;1;0;9;0;0;0
"19/09/2024";"03:27:00";"159";"Com vítima";"186,800";"BR-116/RJ";"Decrescente";"Colisão lateral no mesmo sentido";1;0;0;1;0;0;0;0;0;0;1;1;0;0;0
"19/09/2024";"04:26:00";"170";"Com vítima";"189,000";"BR-116/RJ";"Decrescente";"Colisão traseira";1;0;0;1;0;0;0;0;0;0;1;0;1;0;0
"19/09/2024";"04:53:00";"177";"Com vítima";"68,000";"BR-493/RJ";"Decrescente";"Tombamento";1;0;0;0;0;0;0;0;0;0;0;0;1;0;0
"19/09/2024";"06:01:00";"186";"Com vítima";"171,000";"BR-116/RJ";"Decrescente";"Colisão lateral no mesmo sentido";1;0;0;1;0;0;0;0;0;0;0;4;0;0;0
"19/09/2024";"06:09:00";"189";"Com vítima";"415,000";"BR-116/RJ";"Crescente";"Colisão frontal";1;0;0;1;0;0;0;0;0;0;1;0;1;0;0
"19/09/2024";"06:17:00";"190";"Com vítima";"129,000";"BR-116/RJ";"Decrescente";"Choque";0;0;1;0;0;0;0;0;0;0;0;1;0;0;0
"19/09/2024";"06:18:00";"191";"Com vítima";"702,000";"BR-116/RJ";"Crescente";"Colisão lateral no mesmo sentido";1;0;0;1;0;0;0;0;0;0;1;1;0;0;0
"19/09/2024";"06:49:00";"196";"Com vítima";"15,000";"BR-465/RJ";"Decrescente";"Colisão lateral no mesmo sentido";0;0;1;1;0;0;0;0;0;0;1;1;1;0;0
"19/09/2024";"09:33:00";"222";"Com vítima";"211,000";"BR-116/RJ";"Crescente";"Colisão lateral no mesmo sentido";1;0;0;1;0;0;0;0;0;0;0;2;0;0;0
"19/09/2024";"11:30:00";"242";"Com vítima";"176,000";"BR-116/RJ";"Crescente";"Queda de moto";0;0;0;1;0;0;0;0;0;0;0;1;0;0;0
"19/09/2024";"12:10:00";"250";"Sem vítima";"122,000";"BR-116/RJ";"Decrescente";"Queda de moto";0;0;0;1;0;0;0;0;0;0;1;0;0;0;0
"19/09/2024";"02:24:00";"282";"Com vítima";"528,000";"BR-116/RJ";"Decrescente";"Colisão lateral no mesmo sentido";1;0;0;1;0;0;0;0;0;0;1;1;0;0;0
"19/09/2024";"02:36:00";"285";"Sem vítima";"212,700";"BR-116/RJ";"Crescente";"Colisão traseira";1;0;0;0;0;1;0;0;0;0;2;0;0;0;0
"19/09/2024";"02:54:00";"292";"Com vítima";"184,000";"BR-116/RJ";"Crescente";"Colisão lateral no mesmo sentido";1;0;1;0;0;0;0;0;0;0;0;2;0;0;0
"19/09/2024";"03:06:00";"295";"Com vítima";"191,000";"BR-116/RJ";"Decrescente";"Colisão traseira";1;0;0;1;0;0;0;0;0;0;1;1;0;0;0
"19/09/2024";"03:48:00";"303";"Com vítima";"617,343";"BR-116/RJ";"Decrescente";"Atropelamento de animal";0;0;0;1;0;0;0;0;0;0;0;0;1;0;0
"19/09/2024";"04:47:00";"318";"Com vítima";"52,345";"BR-493/RJ";"Decrescente";"Choque";0;0;0;1;0;0;0;0;0;0;0;1;0;0;0
"19/09/2024";"04:48:00";"321";"Com vítima";"187,055";"BR-116/RJ";"Decrescente";"Choque";1;0;1;0;0;0;0;0;0;0;0;2;0;0;0
"19/09/2024";"09:12:00";"19";"Sem vítima";"95,571";"BR-116/RJ";"Crescente";"Saída de pista";0;0;1;0;0;0;0;0;0;0;1;0;0;0;0
"19/09/2024";"11:50:00";"149";"Com vítima";"137,911";"BR-116/RJ";"Crescente";"Capotamento";1;0;0;0;0;0;0;0;0;0;0;1;0;0;0
"20/09/2024";"02:19:00";"169";"Com vítima";"108,223";"BR-116/RJ";"Decrescente";"Colisão transversal";2;0;0;0;0;0;0;0;0;0;0;6;0;0;0
"20/09/2024";"03:15:00";"172";"Com vítima";"142,600";"BR-116/RJ";"Crescente";"Colisão lateral no mesmo sentido";1;0;0;1;1;0;0;0;0;0;1;1;0;1;0
"20/09/2024";"04:07:00";"178";"Sem vítima";"139,000";"BR-116/RJ";"Crescente";"Colisão traseira";1;0;0;0;0;1;0;0;0;0;2;0;0;0;0
"20/09/2024";"04:22:00";"182";"Com vítima";"528,034";"BR-116/RJ";"Crescente";"Colisão lateral em sentido contrário";1;0;0;1;0;0;0;0;0;0;0;1;1;0;0
"20/09/2024";"05:37:00";"188";"Com vítima";"184,000";"BR-116/RJ";"Decrescente";"Colisão traseira";1;0;0;1;0;0;0;0;0;0;0;3;0;0;0
"20/09/2024";"05:39:00";"189";"Com vítima";"188,000";"BR-116/RJ";"Decrescente";"Colisão lateral no mesmo sentido";0;0;0;1;0;0;0;0;0;1;0;3;0;0;0
"20/09/2024";"06:14:00";"207";"Com vítima";"190,000";"BR-116/RJ";"Decrescente";"Engavetamento";3;0;0;0;0;0;0;0;0;0;1;5;0;0;0
"20/09/2024";"08:32:00";"236";"Com vítima";"19,100";"BR-493/RJ";"Crescente";"Colisão transversal";0;0;0;1;0;0;0;0;0;1;1;1;0;0;0
"20/09/2024";"08:37:00";"238";"Com vítima";"186,000";"BR-116/RJ";"Decrescente";"Colisão traseira";1;0;1;0;0;0;0;0;0;0;0;2;0;0;0
"20/09/2024";"10:44:00";"264";"Com vítima";"12,000";"BR-465/RJ";"Crescente";"Colisão transversal";1;0;0;1;0;0;0;0;0;0;0;3;0;0;0
"20/09/2024";"10:52:00";"267";"Com vítima";"179,300";"BR-116/RJ";"Decrescente";"Colisão traseira";1;0;0;1;0;0;0;0;0;0;0;2;0;0;0
"20/09/2024";"11:59:00";"285";"Com vítima";"21,308";"BR-465/RJ";"Decrescente";"Colisão transversal";1;0;0;1;0;0;0;0;0;0;1;1;1;0;0
"20/09/2024";"01:55:00";"315";"Com vítima";"140,000";"BR-116/RJ";"Crescente";"Colisão lateral no mesmo sentido";0;0;0;0;0;2;0;0;0;0;0;2;0;0;0
"20/09/2024";"03:30:00";"335";"Com vítima";"175,000";"BR-116/RJ";"Crescente";"Queda de moto";0;0;0;1;0;0;0;0;0;0;0;0;1;0;0
"20/09/2024";"03:59:00";"347";"Com vítima";"144,291";"BR-116/RJ";"Decrescente";"Engavetamento";1;0;1;0;1;0;0;0;0;1;0;12;0;0;0
"20/09/2024";"04:12:00";"350";"Com vítima";"184,500";"BR-116/RJ";"Crescente";"Queda de moto";0;0;0;1;0;0;0;0;0;0;0;1;0;0;0
"20/09/2024";"04:19:00";"353";"Com vítima";"625,000";"BR-116/RJ";"Decrescente";"Atropelamento de animal";1;0;0;0;0;0;0;0;0;0;0;1;0;0;0
"20/09/2024";"07:10:00";"395";"Sem vítima";"75,000";"BR-116/RJ";"Crescente";"Colisão traseira";1;0;0;0;0;0;0;0;0;1;2;0;0;0;0
"21/09/2024";"02:12:00";"106";"Sem vítima";"20,000";"BR-493/RJ";"Crescente";"Atropelamento de animal";1;0;0;0;0;0;0;0;0;0;1;0;0;0;0
"21/09/2024";"03:15:00";"108";"Com vítima";"585,000";"BR-116/RJ";"Decrescente";"Choque";1;0;0;0;0;0;0;0;0;0;0;1;0;0;0
"21/09/2024";"05:13:00";"130";"Com vítima";"136,000";"BR-116/RJ";"Decrescente";"Queda de moto";0;0;0;1;0;0;0;0;0;0;0;2;0;0;0
"21/09/2024";"06:13:00";"139";"Com vítima";"634,000";"BR-116/RJ";"Decrescente";"Colisão transversal";0;0;0;2;0;0;0;0;0;0;0;2;1;0;0
"21/09/2024";"06:20:00";"142";"Com vítima";"24,000";"BR-116/RJ";"Crescente";"Choque";0;0;0;1;0;0;0;0;0;0;0;1;0;0;0
"21/09/2024";"07:09:00";"150";"Com vítima";"188,000";"BR-116/RJ";"Crescente";"Colisão traseira";1;0;0;1;0;0;0;0;0;0;1;0;1;0;0
"21/09/2024";"09:36:00";"178";"Com vítima";"200,000";"BR-116/RJ";"Crescente";"Colisão traseira";1;0;1;0;0;0;0;0;0;0;0;3;0;0;0
"21/09/2024";"10:59:00";"196";"Com vítima";"511,220";"BR-116/RJ";"Crescente";"Queda de moto";0;0;0;1;0;0;0;0;0;0;0;1;0;0;0
"21/09/2024";"01:38:00";"239";"Com vítima";"110,000";"BR-493/RJ";"Decrescente";"Colisão lateral no mesmo sentido";2;0;0;0;0;0;0;0;0;0;1;3;0;0;0
"21/09/2024";"01:53:00";"243";"Com vítima";"2,000";"BR-493/RJ";"Crescente";"Choque";1;0;0;0;0;0;0;0;0;0;0;2;0;0;0
"21/09/2024";"03:14:00";"255";"Com vítima";"520,470";"BR-116/RJ";"Decrescente";"Colisão lateral no mesmo sentido";1;0;0;1;0;1;0;0;0;0;1;1;1;0;0
"21/09/2024";"05:33:00";"290";"Com vítima";"6,700";"BR-116/RJ";"Decrescente";"Saída de pista";0;0;0;0;0;0;0;0;0;1;0;1;0;0;0
"21/09/2024";"05:48:00";"296";"Com vítima";"113,865";"BR-493/RJ";"Decrescente";"Atropelamento de animal";1;0;0;0;0;0;0;0;0;0;0;1;0;0;0
"21/09/2024";"07:44:00";"314";"Com vítima";"424,000";"BR-116/RJ";"Crescente";"Atropelamento de ciclista";0;1;0;1;0;0;0;0;0;0;0;0;1;0;0
"21/09/2024";"08:01:00";"315";"Com vítima";"715,683";"BR-116/RJ";"Decrescente";"Saída de pista";1;0;0;0;0;0;0;0;0;0;0;1;0;0;0
"21/09/2024";"11:07:00";"36";"Sem vítima";"495,000";"BR-116/RJ";"Decrescente";"Capotamento";1;0;0;0;0;0;0;0;0;0;1;0;0;0;0
"22/09/2024";"01:24:00";"49";"Sem vítima";"12,000";"BR-116/RJ";"Decrescente";"Choque";1;0;0;0;0;0;0;0;0;0;1;0;0;0;0
"22/09/2024";"02:22:00";"60";"Com vítima";"626,210";"BR-116/RJ";"Crescente";"Capotamento";1;0;0;0;0;0;0;0;0;0;1;1;0;0;0
"22/09/2024";"03:14:00";"62";"Com vítima";"130,119";"BR-116/RJ";"Decrescente";"Atropelamento de ciclista";0;1;0;0;0;1;0;0;0;0;0;1;0;0;0
"22/09/2024";"03:16:00";"63";"Com vítima";"721,900";"BR-116/RJ";"Crescente";"Colisão frontal";1;0;0;1;0;0;0;0;0;0;0;3;0;0;1
"22/09/2024";"03:43:00";"66";"Com vítima";"129,708";"BR-116/RJ";"Decrescente";"Choque";0;0;0;0;0;1;0;0;0;0;0;1;0;0;0
"22/09/2024";"05:17:00";"84";"Com vítima";"544,000";"BR-116/RJ";"Crescente";"Queda de moto";0;0;0;1;0;0;0;0;0;0;1;0;1;0;0
"22/09/2024";"05:26:00";"85";"Com vítima";"130,119";"BR-116/RJ";"Decrescente";"Engavetamento";1;0;0;1;0;1;0;0;0;0;0;3;0;0;0
"22/09/2024";"07:37:00";"118";"Com vítima";"118,200";"BR-116/RJ";"Decrescente";"Colisão lateral no mesmo sentido";1;0;0;1;0;0;0;0;0;0;0;3;0;0;0
"22/09/2024";"08:01:00";"122";"Com vítima";"129,800";"BR-116/RJ";"Decrescente";"Tombamento";0;0;0;0;0;1;0;0;0;0;0;1;0;0;0
"22/09/2024";"10:03:00";"143";"Com vítima";"140,000";"BR-116/RJ";"Crescente";"Colisão traseira";1;0;0;1;0;0;0;0;0;0;1;0;0;0;1
"22/09/2024";"11:18:00";"159";"Com vítima";"518,200";"BR-116/RJ";"Crescente";"Choque";1;0;0;0;0;0;0;0;0;0;0;1;0;0;0
"22/09/2024";"02:16:00";"198";"Sem vítima";"5,700";"BR-465/RJ";"Crescente";"Colisão lateral em sentido contrário";1;0;0;0;0;1;0;0;0;0;2;0;0;0;0
"22/09/2024";"02:19:00";"200";"Sem vítima";"137,000";"BR-116/RJ";"Crescente";"Colisão traseira";1;0;0;0;0;1;0;0;0;0;2;0;0;0;0
"22/09/2024";"02:46:00";"209";"Com vítima";"480,000";"BR-116/RJ";"Decrescente";"Colisão traseira";1;0;0;0;1;0;0;0;0;0;0;4;1;1;0
"22/09/2024";"02:58:00";"212";"Com vítima";"555,100";"BR-116/RJ";"Decrescente";"Saída de pista";1;0;0;0;0;0;0;0;0;0;0;1;1;0;0
"22/09/2024";"03:51:00";"223";"Sem vítima";"138,000";"BR-116/RJ";"Crescente";"Choque";1;0;0;0;0;0;0;0;0;0;1;0;0;0;0
"22/09/2024";"04:17:00";"231";"Com vítima";"180,320";"BR-116/RJ";"Crescente";"Queda de moto";0;0;0;1;0;0;0;0;0;0;0;2;0;0;0
"22/09/2024";"04:31:00";"236";"Com vítima";"172,300";"BR-116/RJ";"Crescente";"Atropelamento de pedestre";1;0;0;0;0;0;0;0;0;0;1;0;0;1;0
"22/09/2024";"05:16:00";"241";"Sem vítima";"174,240";"BR-116/RJ";"Decrescente";"Capotamento";1;0;0;0;1;0;0;0;0;0;2;0;0;0;0
"22/09/2024";"05:56:00";"246";"Com vítima";"53,000";"BR-493/RJ";"Decrescente";"Queda de moto";0;0;0;1;0;0;0;0;0;0;0;2;0;0;0
"22/09/2024";"06:16:00";"248";"Com vítima";"194,753";"BR-116/RJ";"Decrescente";"Capotamento";1;0;0;0;0;0;0;0;0;0;0;0;2;0;0
"23/09/2024";"04:58:00";"151";"Com vítima";"666,000";"BR-116/RJ";"Decrescente";"Queda de moto";0;0;0;1;0;0;0;0;0;0;0;1;0;0;0
"23/09/2024";"05:33:00";"158";"Sem vítima";"183,000";"BR-116/RJ";"Crescente";"Colisão lateral no mesmo sentido";1;0;0;1;0;0;0;0;0;0;2;0;0;0;0
"23/09/2024";"09:19:00";"206";"Com vítima";"20,000";"BR-493/RJ";"Crescente";"Colisão transversal";1;0;0;1;0;0;0;0;0;0;0;1;1;0;0
"23/09/2024";"10:22:00";"219";"Sem vítima";"411,000";"BR-116/RJ";"Crescente";"Colisão traseira";1;0;0;0;0;1;0;0;0;0;2;0;0;0;0
"23/09/2024";"11:36:00";"233";"Sem vítima";"469,000";"BR-116/RJ";"Decrescente";"Choque";1;0;0;0;0;1;0;0;0;0;2;0;0;0;0
"23/09/2024";"01:25:00";"259";"Com vítima";"525,000";"BR-116/RJ";"Decrescente";"Colisão frontal";1;0;0;1;0;0;0;0;0;0;0;2;0;0;0
"23/09/2024";"03:53:00";"291";"Com vítima";"413,290";"BR-116/RJ";"Decrescente";"Colisão lateral no mesmo sentido";1;0;1;0;0;0;0;0;0;0;1;2;0;0;0
"23/09/2024";"04:25:00";"304";"Sem vítima";"108,205";"BR-116/RJ";"Crescente";"Colisão lateral no mesmo sentido";2;0;0;0;0;0;0;0;0;0;3;0;0;0;0
"23/09/2024";"04:58:00";"312";"Com vítima";"499,757";"BR-116/RJ";"Decrescente";"Atropelamento de ciclista";0;1;0;1;0;0;0;0;0;0;0;1;0;0;0
"23/09/2024";"06:27:00";"332";"Com vítima";"6,900";"BR-465/RJ";"Decrescente";"Colisão transversal";1;0;0;1;0;0;0;0;0;0;0;2;0;0;0
"23/09/2024";"07:17:00";"336";"Sem vítima";"794,491";"BR-116/RJ";"Decrescente";"Choque";1;0;0;0;0;0;0;0;0;0;1;0;0;0;0
"23/09/2024";"07:29:00";"337";"Com vítima";"86,795";"BR-116/RJ";"Decrescente";"Colisão traseira";1;0;0;0;0;0;0;0;0;1;0;4;0;0;0
"24/09/2024";"01:39:00";"102";"Sem vítima";"171,950";"BR-116/RJ";"Crescente";"Choque";1;0;0;0;0;0;0;0;0;0;1;0;0;0;0
"24/09/2024";"04:39:00";"127";"Com vítima";"196,000";"BR-116/RJ";"Decrescente";"Colisão lateral no mesmo sentido";0;0;1;1;0;1;0;0;0;0;2;0;1;1;0
"24/09/2024";"06:43:00";"155";"Com vítima";"173,000";"BR-116/RJ";"Decrescente";"Colisão traseira";2;0;0;0;0;0;0;0;0;0;0;3;0;0;0
"24/09/2024";"07:27:00";"166";"Com vítima";"23,000";"BR-493/RJ";"Decrescente";"Engavetamento";3;0;0;0;0;0;0;0;0;0;2;1;0;0;0
"24/09/2024";"09:09:00";"191";"Com vítima";"17,000";"BR-465/RJ";"Decrescente";"Saída de pista";0;0;1;0;0;0;0;0;0;0;0;1;0;0;0
"24/09/2024";"12:35:00";"229";"Com vítima";"482,509";"BR-116/RJ";"Decrescente";"Colisão lateral em sentido contrário";1;0;0;0;0;0;0;0;0;1;0;2;0;0;0