data;horario;n_da_ocorrencia;tipo_de_ocorrencia;km;trecho;sentido;tipo_de_acidente;automovel;bicicleta;caminhao;moto;onibus;outros;tracao_animal;transporte_de_cargas_especiais;trator_maquinas;utilitarios;ilesos;levemente_feridos;moderadamente_feridos;gravemente_feridos;mortos
"24/09/2024";"02:50:00";"263";"Com vítima";"14,000";"BR-465/RJ";"Decrescente";"Colisão transversal";1;0;0;1;0;0;0;0;0;0;0;2;1;0;0
"24/09/2024";"03:37:00";"274";"Com vítima";"422,000";"BR-116/RJ";"Decrescente";"Atropelamento de ciclista";0;1;0;1;0;0;0;0;0;0;0;0;1;0;0
"24/09/2024";"04:05:00";"279";"Com vítima";"105,000";"BR-493/RJ";"Decrescente";"Choque";1;0;0;0;0;0;0;0;0;0;0;2;0;0;0
"24/09/2024";"04:42:00";"286";"Com vítima";"187,000";"BR-116/RJ";"Decrescente";"Colisão traseira";0;0;0;2;0;0;0;0;0;0;0;2;0;0;0
"24/09/2024";"04:55:00";"289";"Com vítima";"19,619";"BR-493/RJ";"Crescente";"Atropelamento de ciclista";1;1;0;0;0;0;0;0;0;0;1;0;0;0;0
"24/09/2024";"05:52:00";"295";"Com vítima";"702,320";"BR-116/RJ";"Crescente";"Colisão lateral no mesmo sentido";1;0;0;0;0;1;0;0;0;0;1;1;0;0;0
"24/09/2024";"06:37:00";"302";"Com vítima";"656,104";"BR-116/RJ";"Crescente";"Tombamento";0;0;0;0;0;1;0;0;0;0;0;0;0;1;0
"25/09/2024";"01:49:00";"121";"Sem vítima";"813,000";"BR-116/RJ";"Decrescente";"Choque";1;0;0;0;0;0;0;0;0;0;1;0;0;0;0
"25/09/2024";"04:17:00";"135";"Com vítima";"176,000";"BR-116/RJ";"Decrescente";"Colisão lateral no mesmo sentido";1;0;0;1;0;0;0;0;0;0;2;0;1;0;0
"25/09/2024";"04:55:00";"146";"Com vítima";"146,000";"BR-116/RJ";"Crescente";"Colisão traseira";2;0;0;0;0;0;0;0;0;0;0;2;0;0;0
"25/09/2024";"05:56:00";"159";"Com vítima";"2,000";"BR-493/RJ";"Crescente";"Queda de moto";0;0;0;1;0;0;0;0;0;0;0;0;0;1;0
"25/09/2024";"06:05:00";"161";"Com vítima";"147,000";"BR-116/RJ";"Crescente";"Choque";1;0;0;0;0;0;0;0;0;0;0;1;0;0;0
"25/09/2024";"06:50:00";"171";"Com vítima";"14,000";"BR-465/RJ";"Crescente";"Colisão frontal";1;0;0;1;0;0;0;0;0;0;0;1;1;0;0
"25/09/2024";"10:23:00";"214";"Com vítima";"525,500";"BR-116/RJ";"Crescente";"Colisão traseira";1;0;0;1;0;0;0;0;0;0;1;2;0;0;0
"25/09/2024";"10:41:00";"223";"Com vítima";"575,000";"BR-116/RJ";"Crescente";"Saída de pista";1;0;0;0;0;0;0;0;0;0;0;1;0;0;0
"25/09/2024";"11:38:00";"238";"Com vítima";"170,000";"BR-116/RJ";"Crescente";"Colisão lateral no mesmo sentido";1;0;0;1;0;0;0;0;0;0;0;2;1;0;0
"25/09/2024";"01:36:00";"258";"Com vítima";"527,000";"BR-116/RJ";"Decrescente";"Engavetamento";1;0;1;1;0;0;0;0;0;0;0;2;1;0;0
"25/09/2024";"02:16:00";"270";"Com vítima";"96,000";"BR-493/RJ";"Decrescente";"Colisão lateral no mesmo sentido";0;0;1;1;0;0;0;0;0;0;0;2;0;1;0
"25/09/2024";"02:23:00";"274";"Com vítima";"97,265";"BR-493/RJ";"Crescente";"Colisão lateral no mesmo sentido";1;0;0;0;0;0;0;0;0;1;1;2;0;0;0
"25/09/2024";"02:39:00";"278";"Com vítima";"141,000";"BR-116/RJ";"Crescente";"Colisão traseira";2;0;0;0;0;0;0;0;0;0;0;2;2;0;0
"25/09/2024";"02:41:00";"280";"Com vítima";"104,000";"BR-116/RJ";"Crescente";"Colisão traseira";1;0;0;1;0;0;0;0;0;0;0;3;0;0;0
"25/09/2024";"05:54:00";"316";"Com vítima";"145,000";"BR-116/RJ";"Decrescente";"Colisão lateral no mesmo sentido";1;0;0;0;0;1;0;0;0;0;0;2;0;0;0
"25/09/2024";"06:54:00";"326";"Com vítima";"0,000";"BR-493/RJ";"Decrescente";"Colisão lateral no mesmo sentido";1;0;0;1;0;0;0;0;0;0;1;1;0;0;0
"25/09/2024";"07:06:00";"330";"Sem vítima";"6,000";"BR-493/RJ";"Crescente";"Colisão lateral no mesmo sentido";1;0;0;1;0;0;0;0;0;0;2;0;0;0;0
"25/09/2024";"08:57:00";"350";"Com vítima";"755,000";"BR-116/RJ";"Decrescente";"Atropelamento de animal";1;0;0;0;0;0;0;0;0;0;0;3;0;0;0
"25/09/2024";"10:52:00";"69";"Com vítima";"142,000";"BR-116/RJ";"Crescente";"Colisão traseira";2;0;0;0;0;0;0;0;0;0;0;3;0;0;0
"26/09/2024";"02:29:00";"125";"Com vítima";"118,000";"BR-116/RJ";"Decrescente";"Colisão transversal";0;0;0;1;0;1;0;0;0;0;1;1;0;0;0
"26/09/2024";"04:23:00";"143";"Sem vítima";"171,000";"BR-116/RJ";"Decrescente";"Colisão lateral no mesmo sentido";1;0;1;0;0;0;0;0;0;0;6;0;0;0;0
"26/09/2024";"05:37:00";"157";"Sem vítima";"172,000";"BR-116/RJ";"Decrescente";"Colisão lateral no mesmo sentido";1;0;0;0;0;1;0;0;0;0;2;0;0;0;0
"26/09/2024";"07:13:00";"176";"Com vítima";"137,000";"BR-116/RJ";"Decrescente";"Colisão lateral no mesmo sentido";1;0;0;0;0;1;0;0;0;0;0;2;0;0;0
"26/09/2024";"09:13:00";"203";"Com vítima";"5,300";"BR-465/RJ";"Crescente";"Atropelamento de pedestre";0;0;0;0;0;1;0;0;0;0;0;1;0;0;1
"26/09/2024";"10:17:00";"215";"Com vítima";"141,000";"BR-116/RJ";"Crescente";"Colisão frontal";1;0;0;1;0;0;0;0;0;0;0;2;0;1;0
"26/09/2024";"01:30:00";"250";"Com vítima";"173,000";"BR-116/RJ";"Crescente";"Colisão traseira";1;0;0;1;0;0;0;0;0;0;0;3;1;0;0
"26/09/2024";"03:27:00";"273";"Sem vítima";"101,000";"BR-493/RJ";"Crescente";"Saída de pista";1;0;0;0;0;0;0;0;0;0;1;0;0;0;0
"26/09/2024";"03:36:00";"276";"Com vítima";"202,100";"BR-116/RJ";"Crescente";"Colisão traseira";1;0;0;1;0;0;0;0;0;0;1;0;1;0;0
"26/09/2024";"04:29:00";"287";"Com vítima";"18,634";"BR-493/RJ";"Crescente";"Colisão traseira";2;0;0;0;0;0;0;0;0;0;0;5;0;0;0
"26/09/2024";"04:48:00";"293";"Com vítima";"147,000";"BR-116/RJ";"Crescente";"Choque";1;0;0;0;0;0;0;0;0;0;0;3;0;0;0
"26/09/2024";"04:55:00";"294";"Sem vítima";"31,000";"BR-116/RJ";"Crescente";"Saída de pista";0;0;0;0;0;1;0;0;0;0;0;0;0;0;0
"26/09/2024";"05:05:00";"298";"Com vítima";"115,223";"BR-116/RJ";"Crescente";"Colisão traseira";0;0;0;2;0;0;0;0;0;0;1;0;1;0;0
"26/09/2024";"07:08:00";"316";"Com vítima";"105,000";"BR-493/RJ";"Decrescente";"Atropelamento de animal";0;0;0;1;0;0;0;0;0;0;0;2;0;0;0
"26/09/2024";"11:15:00";"77";"Com vítima";"174,000";"BR-116/RJ";"Decrescente";"Queda de moto";0;0;0;1;0;0;0;0;0;0;0;2;0;0;0
"27/09/2024";"04:02:00";"129";"Com vítima";"524,000";"BR-116/RJ";"Decrescente";"Colisão lateral no mesmo sentido";1;0;0;1;0;0;0;0;0;0;0;2;0;0;0
"27/09/2024";"05:13:00";"146";"Com vítima";"64,000";"BR-493/RJ";"Decrescente";"Capotamento";1;0;0;0;0;0;0;0;0;0;0;1;0;0;0
"27/09/2024";"06:43:00";"163";"Com vítima";"186,000";"BR-116/RJ";"Decrescente";"Colisão lateral no mesmo sentido";1;0;0;1;0;0;0;0;0;0;1;0;1;0;0
"27/09/2024";"06:48:00";"164";"Com vítima";"1,289";"BR-465/RJ";"Crescente";"Colisão transversal";1;0;0;1;0;0;0;0;0;0;1;0;0;1;0
"27/09/2024";"10:28:00";"221";"Com vítima";"87,000";"BR-116/RJ";"Decrescente";"Choque";0;0;1;0;0;0;0;0;0;0;0;1;0;0;0
"27/09/2024";"11:18:00";"237";"Com vítima";"123,000";"BR-116/RJ";"Decrescente";"Colisão lateral no mesmo sentido";1;0;0;0;0;0;0;0;0;0;1;0;1;0;0
"27/09/2024";"12:30:00";"256";"Com vítima";"70,000";"BR-116/RJ";"Decrescente";"Colisão transversal";2;0;0;0;0;0;0;0;0;0;1;2;0;0;0
"27/09/2024";"02:13:00";"281";"Com vítima";"86,604";"BR-116/RJ";"Crescente";"Colisão transversal";2;0;0;0;0;0;0;0;0;0;1;3;0;0;0
"27/09/2024";"02:43:00";"294";"Com vítima";"184,704";"BR-116/RJ";"Crescente";"Colisão lateral no mesmo sentido";0;0;0;2;0;0;0;0;0;0;0;2;0;0;0
"27/09/2024";"03:37:00";"307";"Com vítima";"522,788";"BR-116/RJ";"Crescente";"Colisão transversal";1;1;0;0;0;0;0;0;0;0;1;0;0;0;0
"27/09/2024";"03:56:00";"310";"Com vítima";"441,879";"BR-116/RJ";"Crescente";"Acidentes de outra natureza";0;0;0;1;0;0;0;0;0;0;0;1;0;0;0
"27/09/2024";"04:39:00";"325";"Sem vítima";"103,300";"BR-116/RJ";"Decrescente";"Choque";0;0;0;0;0;1;0;0;0;0;1;0;0;0;0
"27/09/2024";"05:20:00";"337";"Sem vítima";"725,300";"BR-116/RJ";"Crescente";"Colisão lateral no mesmo sentido";2;0;0;0;0;0;0;0;0;0;2;0;0;0;0
"27/09/2024";"05:27:00";"341";"Com vítima";"187,753";"BR-116/RJ";"Crescente";"Choque";1;0;0;0;0;0;0;0;0;0;0;1;0;0;0
"27/09/2024";"05:49:00";"348";"Com vítima";"136,423";"BR-116/RJ";"Crescente";"Colisão traseira";1;0;1;0;0;0;0;0;0;1;1;3;0;0;0
"27/09/2024";"06:35:00";"357";"Sem vítima";"92,000";"BR-116/RJ";"Decrescente";"Saída de pista";1;0;0;0;0;0;0;0;0;0;1;0;0;0;0
"27/09/2024";"07:16:00";"363";"Com vítima";"113,000";"BR-493/RJ";"Crescente";"Atropelamento de animal";1;0;0;0;0;0;0;0;0;0;1;0;0;0;0
"27/09/2024";"07:44:00";"368";"Com vítima";"561,436";"BR-116/RJ";"Decrescente";"Queda de moto";0;0;0;1;0;0;0;0;0;0;0;0;1;0;0
"27/09/2024";"11:29:00";"71";"Com vítima";"89,577";"BR-116/RJ";"Decrescente";"Tombamento";0;0;1;0;0;0;0;0;0;0;0;2;0;0;0
"27/09/2024";"11:33:00";"73";"Com vítima";"207,787";"BR-116/RJ";"Decrescente";"Atropelamento de animal";1;0;0;0;0;0;0;0;0;0;0;1;1;0;0
"28/09/2024";"03:14:00";"88";"Sem vítima";"175,000";"BR-116/RJ";"Decrescente";"Queda de moto";0;0;0;1;0;0;0;0;0;0;1;0;0;0;0
"28/09/2024";"03:27:00";"91";"Com vítima";"702,000";"BR-116/RJ";"Decrescente";"Colisão lateral no mesmo sentido";1;0;0;1;0;0;0;0;0;0;0;1;0;1;0
"28/09/2024";"05:09:00";"109";"Com vítima";"75,000";"BR-493/RJ";"Crescente";"Choque";1;0;0;0;0;0;0;0;0;0;0;1;0;0;0
"28/09/2024";"06:15:00";"122";"Com vítima";"3,000";"BR-465/RJ";"Crescente";"Colisão traseira";2;0;0;0;0;0;0;0;0;0;1;4;0;0;0
"28/09/2024";"06:58:00";"130";"Com vítima";"197,000";"BR-116/RJ";"Decrescente";"Queda de moto";1;0;0;1;0;0;0;0;0;0;0;2;0;0;0
"28/09/2024";"11:32:00";"182";"Com vítima";"8,000";"BR-465/RJ";"Crescente";"Colisão lateral em sentido contrário";1;0;0;1;0;0;0;0;0;0;1;1;0;0;0
"28/09/2024";"03:02:00";"217";"Sem vítima";"108,211";"BR-116/RJ";"Decrescente";"Colisão transversal";2;0;0;0;0;0;0;0;0;0;8;0;0;0;0
"28/09/2024";"03:27:00";"221";"Sem vítima";"88,199";"BR-116/RJ";"Decrescente";"Colisão traseira";1;0;0;0;0;1;0;0;0;0;2;0;0;0;0
"28/09/2024";"03:57:00";"230";"Com vítima";"440,090";"BR-116/RJ";"Crescente";"Capotamento";1;0;0;0;0;0;0;0;0;0;0;2;0;0;0
"28/09/2024";"05:31:00";"243";"Com vítima";"146,554";"BR-116/RJ";"Decrescente";"Queda de moto";0;0;0;1;0;0;0;0;0;0;0;1;0;0;0
"28/09/2024";"09:48:00";"19";"Com vítima";"675,217";"BR-116/RJ";"Decrescente";"Queda de moto";0;0;0;1;0;0;0;0;0;0;0;0;1;0;0
"28/09/2024";"10:10:00";"21";"Sem vítima";"502,413";"BR-116/RJ";"Decrescente";"Choque";1;0;0;0;0;0;0;0;0;0;1;0;0;0;0
"29/09/2024";"01:10:00";"24";"Com vítima";"176,255";"BR-116/RJ";"Crescente";"Colisão traseira";2;0;0;0;0;0;0;0;0;0;0;6;0;0;0
"29/09/2024";"01:18:00";"25";"Com vítima";"137,710";"BR-116/RJ";"Crescente";"Atropelamento de animal";1;0;0;0;0;0;0;0;0;0;1;0;0;0;0
"29/09/2024";"01:34:00";"27";"Sem vítima";"87,559";"BR-493/RJ";"Crescente";"Saída de pista";1;0;0;0;0;0;0;0;0;0;1;0;0;0;0
"29/09/2024";"02:03:00";"28";"Com vítima";"576,678";"BR-116/RJ";"Crescente";"Capotamento";1;0;0;0;0;0;0;0;0;0;0;0;2;1;0
"29/09/2024";"02:39:00";"30";"Sem vítima";"111,364";"BR-116/RJ";"Decrescente";"Choque";1;0;0;0;0;0;0;0;0;0;4;0;0;0;0
"29/09/2024";"05:43:00";"61";"Com vítima";"63,000";"BR-493/RJ";"Decrescente";"Saída de pista";1;0;0;0;0;0;0;0;0;0;0;1;0;0;0
"29/09/2024";"07:37:00";"84";"Com vítima";"141,000";"BR-116/RJ";"Decrescente";"Queda de moto";0;0;0;1;0;0;0;0;0;0;0;1;0;0;0
"29/09/2024";"08:17:00";"93";"Com vítima";"681,000";"BR-116/RJ";"Decrescente";"Choque";1;0;0;0;0;0;0;0;0;0;0;2;0;0;0
"29/09/2024";"10:21:00";"123";"Com vítima";"703,000";"BR-116/RJ";"Crescente";"Colisão lateral no mesmo sentido";0;0;0;2;0;0;0;0;0;0;0;0;0;3;0
"29/09/2024";"11:44:00";"131";"Com vítima";"78,000";"BR-116/RJ";"Crescente";"Colisão transversal";2;0;0;0;0;0;0;0;0;0;1;1;2;0;0
"29/09/2024";"11:55:00";"134";"Sem vítima";"615,000";"BR-116/RJ";"Crescente";"Colisão traseira";2;0;0;0;0;0;0;0;0;0;3;0;0;0;0
"29/09/2024";"01:55:00";"167";"Com vítima";"0,800";"BR-493/RJ";"Decrescente";"Colisão traseira";2;0;0;1;0;0;0;0;0;0;0;4;0;0;0
"29/09/2024";"03:12:00";"180";"Sem vítima";"471,330";"BR-116/RJ";"Crescente";"Saída de pista";1;0;0;0;0;0;0;0;0;0;1;0;0;0;0
"29/09/2024";"03:34:00";"192";"Com vítima";"4,425";"BR-116/RJ";"Decrescente";"Atropelamento de animal";1;0;0;0;0;0;0;0;0;0;3;0;0;0;0
"29/09/2024";"03:46:00";"195";"Com vítima";"417,526";"BR-116/RJ";"Crescente";"Colisão lateral em sentido contrário";2;0;0;0;0;0;0;0;0;0;2;1;0;0;0
"29/09/2024";"04:12:00";"199";"Com vítima";"148,000";"BR-116/RJ";"Crescente";"Engavetamento";6;0;0;0;0;0;0;0;0;0;1;8;0;0;0
"29/09/2024";"08:09:00";"239";"Com vítima";"173,000";"BR-116/RJ";"Crescente";"Queda de moto";0;0;0;1;0;0;0;0;0;0;0;2;0;0;0
"29/09/2024";"10:19:00";"73";"Sem vítima";"108,342";"BR-116/RJ";"Decrescente";"Choque";1;0;0;0;0;0;0;0;0;0;2;0;0;0;0
"30/09/2024";"05:42:00";"141";"Com vítima";"141,160";"BR-116/RJ";"Decrescente";"Choque";0;0;1;0;0;0;0;0;0;0;0;2;1;0;0
"30/09/2024";"08:27:00";"175";"Com vítima";"145,000";"BR-116/RJ";"Decrescente";"Engavetamento";1;0;1;0;0;1;0;0;0;0;1;3;0;0;0
"30/09/2024";"11:10:00";"201";"Com vítima";"67,000";"BR-116/RJ";"Decrescente";"Colisão lateral no mesmo sentido";1;0;0;1;0;0;0;0;0;0;0;2;0;0;0
"30/09/2024";"02:55:00";"241";"Com vítima";"3,010";"BR-465/RJ";"Decrescente";"Colisão frontal";1;0;0;1;0;0;0;0;0;0;2;0;0;1;0
"30/09/2024";"03:25:00";"248";"Com vítima";"764,000";"BR-116/RJ";"Crescente";"Engavetamento";2;0;0;0;0;0;0;0;0;0;0;3;0;0;0
"30/09/2024";"03:55:00";"254";"Sem vítima";"173,000";"BR-116/RJ";"Crescente";"Colisão traseira";2;0;0;0;0;0;0;0;0;0;2;0;0;0;0
"30/09/2024";"06:21:00";"283";"Com vítima";"21,000";"BR-465/RJ";"Decrescente";"Colisão lateral no mesmo sentido";1;0;0;1;0;0;0;0;0;0;1;0;1;0;0
"30/09/2024";"08:35:00";"311";"Sem vítima";"93,485";"BR-493/RJ";"Crescente";"Choque";0;0;1;0;0;0;0;0;0;0;1;0;0;0;0
"30/09/2024";"09:57:00";"33";"Com vítima";"2,200";"BR-493/RJ";"Decrescente";"Queda de moto";0;0;0;1;0;0;0;0;0;0;0;1;0;0;0
"01/10/2024";"03:57:00";"112";"Com vítima";"212,900";"BR-116/RJ";"Decrescente";"Colisão lateral no mesmo sentido";0;0;1;1;0;0;0;0;0;0;0;3;0;0;0
"01/10/2024";"04:48:00";"126";"Com vítima";"146,300";"BR-116/RJ";"Crescente";"Colisão lateral no mesmo sentido";2;0;0;0;0;0;0;0;0;0;0;2;0;0;0
"01/10/2024";"05:08:00";"132";"Com vítima";"146,379";"BR-116/RJ";"Crescente";"Colisão lateral no mesmo sentido";1;0;0;0;0;1;0;0;0;0;0;2;0;0;0
"01/10/2024";"06:13:00";"153";"Com vítima";"95,500";"BR-116/RJ";"Crescente";"Colisão lateral em sentido contrário";1;0;0;1;0;0;0;0;0;0;0;2;0;0;0
"01/10/2024";"06:28:00";"159";"Com vítima";"191,679";"BR-116/RJ";"Crescente";"Choque";0;0;1;0;0;1;0;0;0;0;0;1;1;0;0
"01/10/2024";"06:36:00";"162";"Com vítima";"187,000";"BR-116/RJ";"Decrescente";"Colisão traseira";0;0;1;0;0;0;0;0;0;0;0;1;0;0;0
"01/10/2024";"07:26:00";"166";"Com vítima";"186,000";"BR-116/RJ";"Decrescente";"Colisão traseira";1;0;1;0;0;0;0;0;0;0;1;1;0;0;0
"01/10/2024";"10:38:00";"201";"Com vítima";"191,000";"BR-116/RJ";"Crescente";"Colisão lateral no mesmo sentido";1;0;0;0;0;1;0;0;0;0;0;3;0;0;0
"01/10/2024";"10:38:00";"206";"Com vítima";"191,000";"BR-116/RJ";"Crescente";"Colisão lateral no mesmo sentido";1;0;0;0;0;1;0;0;0;0;0;3;0;0;0
"01/10/2024";"11:00:00";"204";"Com vítima";"515,000";"BR-116/RJ";"Decrescente";"Choque";1;0;0;0;0;0;0;0;0;0;0;1;0;0;0
"01/10/2024";"12:09:00";"220";"Com vítima";"130,533";"BR-116/RJ";"Decrescente";"Colisão lateral no mesmo sentido";0;0;1;0;0;1;0;0;0;0;0;4;2;0;0
"01/10/2024";"12:40:00";"226";"Com vítima";"20,000";"BR-116/RJ";"Decrescente";"Engavetamento";1;0;2;0;0;0;0;0;0;0;0;3;0;0;0
"01/10/2024";"01:25:00";"233";"Com vítima";"2,500";"BR-465/RJ";"Decrescente";"Colisão transversal";1;0;0;1;0;0;0;0;0;0;0;1;2;0;0
"01/10/2024";"03:32:00";"255";"Com vítima";"6,100";"BR-493/RJ";"Crescente";"Colisão lateral no mesmo sentido";1;0;0;1;0;0;0;0;0;0;0;4;0;0;0
"01/10/2024";"05:03:00";"280";"Sem vítima";"189,000";"BR-116/RJ";"Crescente";"Engavetamento";1;0;0;0;0;1;0;0;0;1;3;0;0;0;0
"01/10/2024";"05:22:00";"287";"Sem vítima";"2,400";"BR-493/RJ";"Crescente";"Atropelamento de animal";0;0;0;0;0;1;0;0;0;0;2;0;0;0;0
"01/10/2024";"05:26:00";"289";"Com vítima";"20,000";"BR-465/RJ";"Crescente";"Atropelamento de pedestre";0;0;0;0;0;1;0;0;0;0;1;1;0;0;0
"01/10/2024";"06:47:00";"304";"Com vítima";"175,000";"BR-116/RJ";"Crescente";"Capotamento";1;0;0;0;0;0;0;0;0;0;0;2;0;0;0
"01/10/2024";"07:07:00";"308";"Com vítima";"14,000";"BR-465/RJ";"Decrescente";"Atropelamento de ciclista";0;1;0;0;0;1;0;0;0;0;1;0;0;0;0
"01/10/2024";"10:11:00";"35";"Com vítima";"617,000";"BR-116/RJ";"Decrescente";"Colisão traseira";0;0;1;0;0;1;0;0;0;0;0;2;0;0;0
"01/10/2024";"11:36:00";"59";"Com vítima";"171,205";"BR-116/RJ";"Decrescente";"Colisão traseira";0;0;2;0;0;0;0;0;0;0;0;3;1;0;0
"02/10/2024";"03:56:00";"122";"Com vítima";"131,900";"BR-116/RJ";"Decrescente";"Queda de moto";0;0;0;1;0;0;0;0;0;0;0;2;0;0;0
"02/10/2024";"04:00:00";"123";"Com vítima";"188,000";"BR-116/RJ";"Crescente";"Choque";1;0;0;0;0;0;0;0;0;0;0;2;0;0;0
"02/10/2024";"04:10:00";"125";"Sem vítima";"583,000";"BR-116/RJ";"Crescente";"Choque";1;0;0;0;0;0;0;0;0;0;2;0;0;0;0
"02/10/2024";"06:49:00";"163";"Com vítima";"413,000";"BR-116/RJ";"Crescente";"Colisão traseira";2;0;0;0;0;0;0;0;0;0;0;2;0;0;0
"02/10/2024";"07:21:00";"169";"Com vítima";"136,000";"BR-116/RJ";"Decrescente";"Colisão lateral no mesmo sentido";1;0;1;0;0;0;0;0;0;0;0;2;0;0;0
"02/10/2024";"08:15:00";"184";"Com vítima";"415,000";"BR-116/RJ";"Decrescente";"Colisão transversal";1;0;0;0;0;1;0;0;0;0;1;1;0;0;0
"02/10/2024";"09:14:00";"201";"Com vítima";"9,075";"BR-493/RJ";"Decrescente";"Colisão traseira";2;0;0;0;0;0;0;0;0;0;0;2;0;0;0
"02/10/2024";"11:29:00";"230";"Sem vítima";"172,400";"BR-116/RJ";"Crescente";"Colisão lateral no mesmo sentido";1;0;1;0;0;0;0;0;0;0;2;0;0;0;0
"02/10/2024";"02:30:00";"282";"Com vítima";"19,000";"BR-493/RJ";"Crescente";"Colisão frontal";1;0;0;1;0;0;0;0;0;0;1;1;0;0;0
"02/10/2024";"03:47:00";"294";"Com vítima";"795,000";"BR-116/RJ";"Decrescente";"Atropelamento de animal";0;0;0;1;0;0;0;0;0;0;0;1;0;0;0
"02/10/2024";"04:29:00";"300";"Com vítima";"117,855";"BR-116/RJ";"Crescente";"Atropelamento de pedestre";0;0;0;1;0;0;0;0;0;0;0;0;2;0;0
"02/10/2024";"05:40:00";"311";"Com vítima";"181,000";"BR-116/RJ";"Decrescente";"Colisão lateral no mesmo sentido";0;0;0;2;0;0;0;0;0;0;1;1;1;0;0
"02/10/2024";"07:32:00";"334";"Com vítima";"173,000";"BR-116/RJ";"Crescente";"Queda de moto";0;0;0;1;0;0;0;0;0;0;0;1;0;0;0
"02/10/2024";"11:31:00";"63";"Sem vítima";"479,000";"BR-116/RJ";"Decrescente";"Atropelamento de animal";1;0;0;0;0;0;0;0;0;0;1;0;0;0;0
"03/10/2024";"12:24:00";"68";"Sem vítima";"212,000";"BR-116/RJ";"Crescente";"Colisão traseira";0;0;1;0;0;1;0;0;0;0;2;0;0;0;0
"03/10/2024";"12:36:00";"69";"Com vítima";"131,560";"BR-116/RJ";"Crescente";"Queda de moto";0;0;0;1;0;0;0;0;0;0;0;0;1;1;0
"03/10/2024";"01:41:00";"97";"Com vítima";"193,911";"BR-116/RJ";"Decrescente";"Saída de pista";0;0;0;0;0;1;0;0;0;0;0;1;0;0;0
"03/10/2024";"01:44:00";"99";"Sem vítima";"107,491";"BR-116/RJ";"Crescente";"Colisão lateral no mesmo sentido";1;0;1;0;0;0;0;0;0;0;4;0;0;0;0
"03/10/2024";"03:41:00";"105";"Com vítima";"685,000";"BR-116/RJ";"Crescente";"Choque";1;0;0;0;0;0;0;0;0;0;0;1;0;0;0
"03/10/2024";"06:36:00";"139";"Com vítima";"80,000";"BR-493/RJ";"Decrescente";"Saída de pista";0;0;0;0;0;0;0;0;0;1;0;1;0;0;0
"03/10/2024";"07:14:00";"146";"Com vítima";"577,000";"BR-116/RJ";"Crescente";"Capotamento";1;0;0;0;0;0;0;0;0;0;0;2;0;0;0
"03/10/2024";"08:42:00";"159";"Com vítima";"22,000";"BR-493/RJ";"Decrescente";"Colisão traseira";2;0;0;0;0;0;0;0;0;0;0;2;0;0;0
"03/10/2024";"10:13:00";"177";"Com vítima";"506,000";"BR-116/RJ";"Decrescente";"Colisão transversal";2;0;0;0;0;0;0;0;0;0;0;2;0;0;0
"03/10/2024";"11:06:00";"186";"Com vítima";"519,000";"BR-116/RJ";"Crescente";"Colisão traseira";0;0;1;0;0;1;0;0;0;0;0;2;0;0;0
"03/10/2024";"01:50:00";"224";"Com vítima";"537,000";"BR-116/RJ";"Decrescente";"Colisão frontal";1;0;0;1;0;0;0;0;0;0;1;1;0;0;0
"03/10/2024";"03:54:00";"251";"Sem vítima";"713,609";"BR-116/RJ";"Crescente";"Choque";0;0;0;1;0;0;0;0;0;0;1;0;0;0;0
"03/10/2024";"05:58:00";"274";"Com vítima";"83,422";"BR-116/RJ";"Crescente";"Queda de moto";0;0;0;1;0;0;0;0;0;0;0;1;0;0;0
"03/10/2024";"07:27:00";"284";"Com vítima";"605,263";"BR-116/RJ";"Decrescente";"Colisão lateral em sentido contrário";1;0;0;0;0;1;0;0;0;0;0;1;1;0;0
"04/10/2024";"02:44:00";"101";"Sem vítima";"97,000";"BR-493/RJ";"Decrescente";"Choque";0;0;0;0;0;1;0;0;0;0;1;0;0;0;0
"04/10/2024";"03:47:00";"108";"Com vítima";"526,000";"BR-116/RJ";"Crescente";"Colisão lateral no mesmo sentido";2;0;0;0;0;0;0;0;0;0;2;2;0;0;0
"04/10/2024";"04:00:00";"112";"Com vítima";"131,000";"BR-116/RJ";"Decrescente";"Colisão traseira";0;0;0;0;1;1;0;0;0;0;0;4;0;0;0