data;horario;n_da_ocorrencia;tipo_de_ocorrencia;km;trecho;sentido;tipo_de_acidente;automovel;bicicleta;caminhao;moto;onibus;outros;tracao_animal;transporte_de_cargas_especiais;trator_maquinas;utilitarios;ilesos;levemente_feridos;moderadamente_feridos;gravemente_feridos;mortos
"04/10/2024";"04:25:00";"118";"Com vítima";"172,000";"BR-116/RJ";"Decrescente";"Queda de moto";0;0;0;1;0;0;0;0;0;0;0;0;2;0;0
"04/10/2024";"05:27:00";"134";"Com vítima";"191,000";"BR-116/RJ";"Crescente";"Colisão lateral no mesmo sentido";1;0;0;1;0;0;0;0;0;0;0;4;0;0;0
"04/10/2024";"06:31:00";"148";"Com vítima";"180,000";"BR-116/RJ";"Crescente";"Colisão traseira";2;0;0;0;0;0;0;0;0;0;0;2;0;0;0
"04/10/2024";"07:27:00";"157";"Com vítima";"612,000";"BR-116/RJ";"Decrescente";"Colisão traseira";1;0;1;0;0;0;0;0;0;0;0;12;0;0;0
"04/10/2024";"09:53:00";"188";"Com vítima";"202,000";"BR-116/RJ";"Crescente";"Choque";1;0;0;0;0;0;0;0;0;0;0;2;0;0;0
"04/10/2024";"10:51:00";"198";"Com vítima";"7,729";"BR-493/RJ";"Decrescente";"Colisão lateral em sentido contrário";1;0;0;0;0;1;0;0;0;0;0;2;0;0;0
"04/10/2024";"12:21:00";"215";"Com vítima";"181,000";"BR-116/RJ";"Decrescente";"Colisão traseira";2;0;0;0;0;0;0;0;0;0;2;2;0;0;0
"04/10/2024";"12:58:00";"221";"Com vítima";"179,000";"BR-116/RJ";"Crescente";"Colisão lateral no mesmo sentido";0;0;0;1;0;1;0;0;0;0;0;1;0;1;0
"04/10/2024";"01:41:00";"227";"Com vítima";"586,000";"BR-116/RJ";"Decrescente";"Choque";1;0;0;0;0;0;0;0;0;0;0;1;0;0;0
"04/10/2024";"02:52:00";"245";"Sem vítima";"509,500";"BR-116/RJ";"Decrescente";"Colisão lateral em sentido contrário";1;0;0;1;0;0;0;0;0;0;2;0;0;0;0
"04/10/2024";"03:37:00";"261";"Sem vítima";"184,000";"BR-116/RJ";"Decrescente";"Colisão traseira";2;0;0;0;0;0;0;0;0;0;2;0;0;0;0
"04/10/2024";"04:05:00";"270";"Sem vítima";"112,000";"BR-493/RJ";"Decrescente";"Choque";1;0;0;0;0;0;0;0;0;0;1;0;0;0;0
"04/10/2024";"04:06:00";"271";"Com vítima";"118,000";"BR-116/RJ";"Decrescente";"Choque";1;0;0;0;0;0;0;0;0;0;0;2;0;0;0
"04/10/2024";"04:49:00";"286";"Sem vítima";"411,000";"BR-116/RJ";"Decrescente";"Colisão lateral no mesmo sentido";1;0;0;1;0;0;0;0;0;0;2;0;0;0;0
"04/10/2024";"04:56:00";"288";"Com vítima";"181,364";"BR-116/RJ";"Crescente";"Colisão traseira";1;0;0;1;0;0;0;0;0;0;1;2;0;0;0
"04/10/2024";"05:14:00";"291";"Com vítima";"201,000";"BR-116/RJ";"Decrescente";"Capotamento";1;0;0;0;0;0;0;0;0;0;0;0;1;0;0
"04/10/2024";"05:35:00";"294";"Com vítima";"5,000";"BR-465/RJ";"Decrescente";"Atropelamento de pedestre";1;0;0;0;0;0;0;0;0;0;0;1;1;0;0
"04/10/2024";"05:41:00";"295";"Com vítima";"65,858";"BR-116/RJ";"Crescente";"Tombamento";0;0;0;0;0;1;0;0;0;0;0;3;0;0;0
"04/10/2024";"05:54:00";"301";"Sem vítima";"97,000";"BR-493/RJ";"Decrescente";"Choque";0;0;1;0;0;0;0;0;0;0;1;0;0;0;0
"04/10/2024";"06:43:00";"306";"Com vítima";"63,205";"BR-493/RJ";"Crescente";"Saída de pista";1;0;0;0;0;0;0;0;0;0;0;1;0;0;0
"04/10/2024";"07:06:00";"313";"Com vítima";"539,400";"BR-116/RJ";"Crescente";"Queda de moto";0;0;0;1;0;0;0;0;0;0;0;0;1;0;0
"04/10/2024";"08:56:00";"333";"Com vítima";"144,538";"BR-116/RJ";"Crescente";"Choque";1;0;0;0;0;0;0;0;0;0;0;1;0;0;0
"04/10/2024";"10:03:00";"56";"Com vítima";"455,000";"BR-116/RJ";"Decrescente";"Queda de moto";0;0;0;1;0;0;0;0;0;0;0;2;0;0;0
"04/10/2024";"10:08:00";"57";"Sem vítima";"191,000";"BR-116/RJ";"Crescente";"Choque";1;0;0;0;0;0;0;0;0;0;1;0;0;0;0
"04/10/2024";"10:14:00";"63";"Sem vítima";"748,000";"BR-116/RJ";"Decrescente";"Colisão lateral em sentido contrário";0;0;0;0;0;2;0;0;0;0;2;0;0;0;0
"04/10/2024";"11:36:00";"67";"Sem vítima";"760,960";"BR-116/RJ";"Decrescente";"Saída de pista";1;0;0;0;0;0;0;0;0;0;1;0;0;0;0
"05/10/2024";"03:56:00";"91";"Com vítima";"710,000";"BR-116/RJ";"Decrescente";"Queda de moto";0;0;0;1;0;0;0;0;0;0;0;1;0;0;0
"05/10/2024";"04:18:00";"95";"Com vítima";"579,144";"BR-116/RJ";"Crescente";"Choque";1;0;0;0;0;0;0;0;0;0;0;2;0;0;0
"05/10/2024";"08:20:00";"142";"Com vítima";"82,500";"BR-116/RJ";"Crescente";"Colisão lateral no mesmo sentido";1;0;0;1;0;0;0;0;0;0;0;1;1;0;0
"05/10/2024";"08:22:00";"143";"Com vítima";"201,000";"BR-116/RJ";"Crescente";"Acidentes de outra natureza";1;0;1;0;0;0;0;0;0;0;0;1;1;0;0
"05/10/2024";"09:23:00";"155";"Com vítima";"181,000";"BR-116/RJ";"Decrescente";"Colisão traseira";1;0;0;1;0;0;0;0;0;0;0;1;1;0;0
"05/10/2024";"09:57:00";"162";"Com vítima";"183,000";"BR-116/RJ";"Decrescente";"Colisão lateral no mesmo sentido";1;0;0;1;0;0;0;0;0;0;1;1;0;0;0
"05/10/2024";"10:10:00";"166";"Com vítima";"517,000";"BR-116/RJ";"Crescente";"Capotamento";1;0;0;0;0;0;0;0;0;0;0;0;1;0;0
"05/10/2024";"10:54:00";"173";"Com vítima";"90,000";"BR-116/RJ";"Decrescente";"Queda de moto";0;0;0;1;0;0;0;0;0;0;0;1;0;0;0
"05/10/2024";"01:38:00";"203";"Com vítima";"456,000";"BR-116/RJ";"Crescente";"Queda de moto";1;0;0;0;0;0;0;0;0;0;1;1;0;0;0
"05/10/2024";"02:31:00";"214";"Com vítima";"96,000";"BR-116/RJ";"Crescente";"Queda de moto";0;0;0;1;0;0;0;0;0;0;0;1;0;0;0
"05/10/2024";"03:53:00";"231";"Com vítima";"108,000";"BR-116/RJ";"Decrescente";"Colisão lateral no mesmo sentido";0;0;0;1;0;1;0;0;0;0;1;1;0;0;0
"05/10/2024";"03:58:00";"232";"Com vítima";"469,286";"BR-116/RJ";"Decrescente";"Colisão frontal";0;0;1;1;0;0;0;0;0;0;1;0;0;0;1
"05/10/2024";"04:11:00";"236";"Com vítima";"210,000";"BR-116/RJ";"Decrescente";"Colisão transversal";0;0;0;1;0;0;0;0;0;0;1;1;0;0;0
"05/10/2024";"04:32:00";"243";"Com vítima";"105,000";"BR-493/RJ";"Crescente";"Saída de pista";1;0;0;0;0;0;0;0;0;0;0;1;0;0;0
"05/10/2024";"04:53:00";"248";"Com vítima";"486,029";"BR-116/RJ";"Crescente";"Atropelamento de animal";0;0;0;1;0;0;0;0;0;0;0;1;0;0;0
"05/10/2024";"05:11:00";"252";"Com vítima";"0,500";"BR-493/RJ";"Crescente";"Colisão frontal";1;0;0;1;0;0;0;0;0;0;0;1;2;0;0
"05/10/2024";"06:01:00";"262";"Com vítima";"207,161";"BR-116/RJ";"Decrescente";"Atropelamento de animal";1;0;0;0;0;0;0;0;0;0;0;2;0;0;0
"05/10/2024";"07:08:00";"271";"Com vítima";"16,700";"BR-493/RJ";"Decrescente";"Saída de pista";1;0;0;0;0;0;0;0;0;0;0;3;0;0;0
"05/10/2024";"07:48:00";"277";"Com vítima";"41,881";"BR-116/RJ";"Crescente";"Colisão lateral no mesmo sentido";1;0;0;0;0;0;0;0;0;1;0;7;0;0;0
"05/10/2024";"08:28:00";"282";"Com vítima";"185,000";"BR-116/RJ";"Crescente";"Colisão lateral no mesmo sentido";0;0;0;2;0;0;0;0;0;0;0;0;2;0;0
"05/10/2024";"09:04:00";"2";"Com vítima";"5,500";"BR-493/RJ";"Decrescente";"Colisão traseira";0;0;0;1;0;0;0;0;0;0;0;0;2;0;0
"05/10/2024";"10:17:00";"27";"Com vítima";"90,955";"BR-116/RJ";"Crescente";"Choque";1;0;0;0;0;0;0;0;0;0;0;4;0;0;0
"06/10/2024";"12:27:00";"32";"Sem vítima";"184,100";"BR-116/RJ";"Decrescente";"Colisão frontal";1;0;0;1;0;0;0;0;0;0;2;0;0;0;0
"06/10/2024";"12:29:00";"33";"Com vítima";"138,850";"BR-116/RJ";"Crescente";"Atropelamento de animal";1;0;0;0;0;0;0;0;0;0;0;0;1;0;0
"06/10/2024";"06:24:00";"71";"Com vítima";"57,000";"BR-493/RJ";"Crescente";"Queda de moto";0;0;0;1;0;0;0;0;0;0;0;2;0;0;0
"06/10/2024";"06:58:00";"74";"Com vítima";"719,383";"BR-116/RJ";"Decrescente";"Colisão lateral em sentido contrário";2;0;0;2;0;0;0;0;0;0;0;4;0;0;2
"06/10/2024";"10:01:00";"104";"Com vítima";"599,000";"BR-116/RJ";"Decrescente";"Capotamento";1;0;0;0;0;0;0;0;0;0;0;0;0;1;0
"06/10/2024";"12:03:00";"125";"Com vítima";"198,000";"BR-116/RJ";"Decrescente";"Colisão transversal";1;0;0;1;0;0;0;0;0;0;0;2;0;0;0
"06/10/2024";"02:12:00";"156";"Com vítima";"2,000";"BR-465/RJ";"Decrescente";"Colisão transversal";1;0;0;1;0;0;0;0;0;0;1;0;0;2;0
"06/10/2024";"05:17:00";"190";"Sem vítima";"177,000";"BR-116/RJ";"Decrescente";"Colisão lateral no mesmo sentido";1;0;0;0;0;1;0;0;0;0;2;0;0;0;0
"06/10/2024";"05:24:00";"194";"Com vítima";"60,000";"BR-493/RJ";"Crescente";"Colisão lateral no mesmo sentido";1;0;1;0;0;0;0;0;0;0;0;2;0;0;0
"06/10/2024";"05:25:00";"192";"Com vítima";"202,000";"BR-116/RJ";"Crescente";"Queda de moto";0;0;0;1;0;0;0;0;0;0;0;1;0;0;0
"06/10/2024";"06:00:00";"208";"Com vítima";"3,000";"BR-493/RJ";"Decrescente";"Atropelamento de pedestre";0;0;0;0;0;1;0;0;0;0;1;1;0;0;0
"06/10/2024";"06:57:00";"212";"Sem vítima";"5,000";"BR-493/RJ";"Crescente";"Colisão traseira";2;0;0;0;0;0;0;0;0;0;2;0;0;0;0
"06/10/2024";"07:16:00";"216";"Com vítima";"618,000";"BR-116/RJ";"Decrescente";"Queda de moto";0;0;0;1;0;0;0;0;0;0;0;0;1;0;0
"06/10/2024";"10:13:00";"75";"Com vítima";"695,000";"BR-116/RJ";"Decrescente";"Colisão lateral em sentido contrário";0;0;1;0;0;0;0;0;0;1;0;2;0;0;0
"06/10/2024";"10:24:00";"81";"Com vítima";"2,830";"BR-493/RJ";"Decrescente";"Atropelamento de animal";1;0;0;0;0;0;0;0;0;0;1;0;0;0;0
"07/10/2024";"12:24:00";"96";"Com vítima";"129,590";"BR-116/RJ";"Crescente";"Tombamento";0;0;1;0;0;0;0;0;0;0;0;1;0;0;0
"07/10/2024";"02:07:00";"104";"Sem vítima";"8,899";"BR-116/RJ";"Crescente";"Capotamento";1;0;0;0;0;0;0;0;0;0;1;0;0;0;0
"07/10/2024";"04:08:00";"116";"Com vítima";"111,000";"BR-116/RJ";"Crescente";"Colisão lateral no mesmo sentido";1;0;1;0;0;0;0;0;0;0;0;5;0;0;0
"07/10/2024";"06:47:00";"146";"Com vítima";"147,000";"BR-116/RJ";"Decrescente";"Colisão lateral no mesmo sentido";0;0;0;2;0;0;0;0;0;0;0;2;0;0;0
"07/10/2024";"06:52:00";"149";"Com vítima";"187,400";"BR-116/RJ";"Decrescente";"Colisão traseira";1;0;0;1;0;0;0;0;0;0;0;3;0;0;0
"07/10/2024";"10:56:00";"198";"Com vítima";"415,000";"BR-116/RJ";"Decrescente";"Colisão lateral em sentido contrário";0;0;0;1;0;1;0;0;0;0;1;1;0;0;0
"07/10/2024";"11:33:00";"206";"Com vítima";"137,000";"BR-116/RJ";"Decrescente";"Colisão lateral no mesmo sentido";1;0;0;0;0;0;0;0;0;1;0;3;0;0;0
"07/10/2024";"12:07:00";"211";"Com vítima";"409,000";"BR-116/RJ";"Decrescente";"Colisão traseira";1;0;1;0;0;0;0;0;0;0;1;1;0;0;0
"07/10/2024";"03:54:00";"270";"Com vítima";"180,634";"BR-116/RJ";"Crescente";"Colisão lateral no mesmo sentido";1;0;0;1;0;0;0;0;0;0;1;1;0;0;0
"07/10/2024";"04:53:00";"285";"Com vítima";"179,383";"BR-116/RJ";"Crescente";"Colisão traseira";1;0;0;1;0;0;0;0;0;0;2;1;0;0;0
"07/10/2024";"07:00:00";"308";"Com vítima";"589,758";"BR-116/RJ";"Crescente";"Atropelamento de animal";1;0;0;0;0;0;0;0;0;0;1;0;0;0;0
"08/10/2024";"04:10:00";"99";"Com vítima";"653,000";"BR-116/RJ";"Decrescente";"Queda de moto";0;0;0;1;0;0;0;0;0;0;0;0;0;1;0
"08/10/2024";"04:55:00";"106";"Com vítima";"131,000";"BR-116/RJ";"Decrescente";"Queda de moto";0;0;0;1;0;0;0;0;0;0;0;1;0;0;0
"08/10/2024";"12:09:00";"195";"Com vítima";"191,000";"BR-116/RJ";"Crescente";"Colisão lateral no mesmo sentido";1;0;1;0;0;0;0;0;0;0;0;2;0;0;0
"08/10/2024";"02:15:00";"232";"Com vítima";"14,000";"BR-465/RJ";"Crescente";"Queda de moto";0;0;0;1;0;0;0;0;0;0;0;1;1;0;0
"08/10/2024";"03:04:00";"242";"Com vítima";"455,368";"BR-116/RJ";"Crescente";"Colisão frontal";1;0;0;1;0;0;0;0;0;0;0;3;0;0;0
"08/10/2024";"04:49:00";"258";"Com vítima";"117,797";"BR-116/RJ";"Decrescente";"Saída de pista";1;0;0;0;0;0;0;0;0;0;0;2;0;0;0
"08/10/2024";"04:52:00";"260";"Com vítima";"22,561";"BR-465/RJ";"Crescente";"Colisão transversal";1;0;0;1;0;0;0;0;0;0;1;1;0;0;0
"08/10/2024";"05:12:00";"264";"Com vítima";"461,795";"BR-116/RJ";"Crescente";"Queda de moto";0;0;0;1;0;0;0;0;0;0;0;1;0;0;0
"08/10/2024";"07:09:00";"294";"Com vítima";"135,000";"BR-116/RJ";"Decrescente";"Colisão traseira";0;0;0;1;0;1;0;0;0;0;1;1;1;0;0
"08/10/2024";"07:54:00";"303";"Com vítima";"529,503";"BR-116/RJ";"Decrescente";"Colisão traseira";1;0;0;1;0;0;0;0;0;0;1;0;0;1;0
"09/10/2024";"01:27:00";"82";"Sem vítima";"100,000";"BR-116/RJ";"Crescente";"Choque";0;0;1;0;0;0;0;0;0;0;2;0;0;0;0
"09/10/2024";"01:36:00";"83";"Com vítima";"137,837";"BR-116/RJ";"Crescente";"Choque";1;0;0;0;0;0;0;0;0;0;0;0;1;0;0
"09/10/2024";"01:54:00";"85";"Com vítima";"48,177";"BR-493/RJ";"Crescente";"Choque";1;0;0;0;0;0;0;0;0;0;0;1;0;0;0
"09/10/2024";"03:26:00";"105";"Com vítima";"674,000";"BR-116/RJ";"Crescente";"Colisão frontal";1;0;0;1;0;0;0;0;0;0;0;1;0;1;0
"09/10/2024";"04:22:00";"116";"Com vítima";"43,209";"BR-116/RJ";"Decrescente";"Choque";1;0;0;0;0;0;0;0;0;0;0;1;0;0;0
"09/10/2024";"06:04:00";"144";"Com vítima";"813,500";"BR-116/RJ";"Crescente";"Colisão frontal";2;0;0;0;0;0;0;0;0;0;0;1;1;0;0
"09/10/2024";"06:13:00";"148";"Com vítima";"171,000";"BR-116/RJ";"Crescente";"Colisão traseira";1;0;0;0;1;0;0;0;0;0;0;4;0;0;0
"09/10/2024";"07:49:00";"161";"Com vítima";"539,000";"BR-116/RJ";"Decrescente";"Colisão transversal";2;0;0;0;0;0;0;0;0;0;0;3;0;0;0
"09/10/2024";"08:26:00";"170";"Com vítima";"186,200";"BR-116/RJ";"Decrescente";"Colisão traseira";1;0;0;0;0;0;0;0;0;0;0;1;0;0;0
"09/10/2024";"09:11:00";"184";"Com vítima";"142,000";"BR-116/RJ";"Decrescente";"Colisão lateral em sentido contrário";0;0;0;1;0;0;0;0;0;1;0;3;0;0;0
"09/10/2024";"10:20:00";"197";"Com vítima";"5,000";"BR-493/RJ";"Crescente";"Colisão transversal";1;0;0;1;0;0;0;0;0;0;1;1;0;0;0
"09/10/2024";"11:15:00";"211";"Com vítima";"67,000";"BR-493/RJ";"Decrescente";"Choque";1;0;0;0;0;0;0;0;0;0;0;1;0;0;0
"09/10/2024";"02:08:00";"256";"Com vítima";"25,000";"BR-493/RJ";"Crescente";"Colisão lateral em sentido contrário";0;0;0;1;0;1;0;0;0;0;0;2;0;0;0
"09/10/2024";"03:31:00";"277";"Sem vítima";"508,316";"BR-116/RJ";"Crescente";"Choque";1;0;0;0;0;0;0;0;0;0;1;0;0;0;0
"09/10/2024";"03:42:00";"279";"Sem vítima";"794,894";"BR-116/RJ";"Decrescente";"Atropelamento de animal";1;0;0;0;0;0;0;0;0;0;3;0;0;0;0
"09/10/2024";"03:52:00";"282";"Com vítima";"181,000";"BR-116/RJ";"Crescente";"Colisão lateral em sentido contrário";1;0;0;1;0;0;0;0;0;0;0;2;0;0;0
"09/10/2024";"03:54:00";"283";"Com vítima";"513,066";"BR-116/RJ";"Decrescente";"Choque";1;0;0;0;0;0;0;0;0;0;0;2;0;0;0
"09/10/2024";"05:13:00";"302";"Com vítima";"65,100";"BR-493/RJ";"Crescente";"Choque";1;0;0;0;0;0;0;0;0;0;0;1;0;0;0
"09/10/2024";"06:17:00";"312";"Com vítima";"758,000";"BR-116/RJ";"Crescente";"Atropelamento de pedestre";1;0;0;0;0;0;0;0;0;0;0;1;0;1;0
"09/10/2024";"06:26:00";"313";"Sem vítima";"691,933";"BR-116/RJ";"Decrescente";"Saída de pista";1;0;0;0;0;0;0;0;0;0;1;0;0;0;0
"09/10/2024";"09:29:00";"28";"Com vítima";"1,000";"BR-493/RJ";"Crescente";"Colisão frontal";1;0;0;1;0;0;0;0;0;0;1;0;2;0;0
"10/10/2024";"01:22:00";"112";"Sem vítima";"184,000";"BR-116/RJ";"Decrescente";"Choque";1;0;0;0;0;0;0;0;0;0;1;0;0;0;0
"10/10/2024";"01:24:00";"113";"Com vítima";"18,635";"BR-116/RJ";"Crescente";"Tombamento";0;0;0;0;0;1;0;0;0;0;0;1;0;0;0
"10/10/2024";"05:07:00";"137";"Com vítima";"194,000";"BR-116/RJ";"Decrescente";"Queda de moto";0;0;0;1;0;0;0;0;0;0;0;2;0;0;0
"10/10/2024";"06:29:00";"156";"Com vítima";"776,000";"BR-116/RJ";"Decrescente";"Saída de pista";1;0;0;0;0;0;0;0;0;0;0;4;0;0;0
"10/10/2024";"06:43:00";"160";"Com vítima";"414,050";"BR-116/RJ";"Crescente";"Colisão traseira";1;0;0;1;0;0;0;0;0;0;0;1;1;0;0
"10/10/2024";"07:09:00";"168";"Com vítima";"774,000";"BR-116/RJ";"Crescente";"Colisão lateral em sentido contrário";1;0;0;0;0;1;0;0;0;0;0;2;0;0;0
"10/10/2024";"07:16:00";"170";"Com vítima";"147,255";"BR-116/RJ";"Decrescente";"Colisão traseira";2;0;0;0;0;0;0;0;0;0;0;5;0;0;0
"10/10/2024";"07:48:00";"173";"Com vítima";"774,150";"BR-116/RJ";"Crescente";"Colisão lateral em sentido contrário";3;0;0;0;0;0;0;0;0;0;0;3;1;2;0
"10/10/2024";"07:54:00";"176";"Com vítima";"55,000";"BR-116/RJ";"Crescente";"Choque";1;0;0;0;0;0;0;0;0;0;0;1;0;0;0
"10/10/2024";"08:47:00";"186";"Com vítima";"691,000";"BR-116/RJ";"Decrescente";"Colisão lateral em sentido contrário";0;0;0;0;0;2;0;0;0;0;0;2;0;0;0
"10/10/2024";"08:47:00";"187";"Com vítima";"32,000";"BR-116/RJ";"Decrescente";"Choque";1;0;0;0;0;0;0;0;0;0;0;1;0;0;0
"10/10/2024";"10:04:00";"202";"Com vítima";"126,607";"BR-116/RJ";"Crescente";"Queda de moto";1;0;0;1;0;0;0;0;0;0;0;2;0;0;0
"10/10/2024";"10:09:00";"204";"Com vítima";"671,500";"BR-116/RJ";"Crescente";"Capotamento";0;0;0;0;0;0;0;0;0;1;0;2;0;0;0
"10/10/2024";"11:16:00";"215";"Com vítima";"814,000";"BR-116/RJ";"Decrescente";"Choque";1;0;0;0;0;0;0;0;0;0;0;1;0;0;0
"10/10/2024";"01:07:00";"234";"Com vítima";"780,095";"BR-116/RJ";"Decrescente";"Capotamento";1;0;0;0;0;0;0;0;0;0;0;2;0;0;0
"10/10/2024";"01:23:00";"238";"Com vítima";"6,000";"BR-493/RJ";"Decrescente";"Colisão lateral em sentido contrário";1;0;1;1;0;0;0;0;0;0;0;3;0;0;0
"10/10/2024";"01:23:00";"239";"Com vítima";"555,265";"BR-116/RJ";"Decrescente";"Colisão lateral em sentido contrário";0;0;0;0;0;2;0;0;0;0;0;2;0;0;0
"10/10/2024";"01:28:00";"240";"Com vítima";"774,000";"BR-116/RJ";"Crescente";"Choque";1;0;0;0;0;0;0;0;0;0;0;1;0;0;0
"10/10/2024";"03:09:00";"259";"Com vítima";"780,095";"BR-116/RJ";"Decrescente";"Tombamento";1;0;0;0;0;0;0;0;0;0;0;1;0;0;0
"10/10/2024";"03:49:00";"270";"Com vítima";"184,000";"BR-116/RJ";"Crescente";"Colisão lateral no mesmo sentido";1;0;0;1;0;0;0;0;0;0;0;3;0;0;0
"10/10/2024";"04:49:00";"281";"Com vítima";"415,000";"BR-116/RJ";"Decrescente";"Atropelamento de pedestre";0;0;0;0;0;0;0;0;0;0;0;1;0;0;0
"10/10/2024";"05:26:00";"285";"Sem vítima";"614,886";"BR-116/RJ";"Decrescente";"Choque";1;0;0;0;0;0;0;0;0;0;2;0;0;0;0
"10/10/2024";"06:26:00";"294";"Sem vítima";"496,543";"BR-116/RJ";"Crescente";"Saída de pista";1;0;0;0;0;0;0;0;0;0;1;0;0;0;0
"10/10/2024";"07:16:00";"300";"Com vítima";"146,373";"BR-116/RJ";"Decrescente";"Capotamento";1;0;0;0;0;0;0;0;0;0;0;1;0;0;0
"10/10/2024";"08:18:00";"308";"Com vítima";"46,954";"BR-116/RJ";"Decrescente";"Atropelamento de pedestre";0;0;0;0;0;1;0;0;0;0;1;0;1;0;0
"10/10/2024";"09:51:00";"49";"Com vítima";"553,291";"BR-116/RJ";"Decrescente";"Saída de pista";1;0;0;0;0;0;0;0;0;0;0;1;0;0;0
"11/10/2024";"02:31:00";"126";"Sem vítima";"69,000";"BR-493/RJ";"Crescente";"Choque";1;0;0;0;0;0;0;0;0;0;1;0;0;0;0
"11/10/2024";"05:24:00";"153";"Sem vítima";"776,000";"BR-116/RJ";"Decrescente";"Saída de pista";1;0;0;0;0;0;0;0;0;0;1;0;0;0;0
"11/10/2024";"06:29:00";"165";"Com vítima";"507,000";"BR-116/RJ";"Crescente";"Colisão traseira";2;0;0;0;0;0;0;0;0;0;0;2;0;0;0
"11/10/2024";"07:50:00";"186";"Com vítima";"21,000";"BR-465/RJ";"Crescente";"Colisão lateral no mesmo sentido";1;0;0;1;0;0;0;0;0;0;0;3;0;0;0
"11/10/2024";"11:12:00";"217";"Com vítima";"415,000";"BR-116/RJ";"Crescente";"Colisão lateral em sentido contrário";1;0;1;0;0;0;0;0;0;0;0;2;0;0;0
"11/10/2024";"12:10:00";"230";"Com vítima";"20,500";"BR-465/RJ";"Crescente";"Colisão transversal";1;0;0;1;0;0;0;0;0;0;1;0;1;0;0
"11/10/2024";"12:20:00";"233";"Com vítima";"778,300";"BR-116/RJ";"Decrescente";"Tombamento";0;0;0;0;0;1;0;0;0;0;0;1;0;0;0
"11/10/2024";"01:35:00";"248";"Com vítima";"527,000";"BR-116/RJ";"Crescente";"Colisão lateral no mesmo sentido";1;0;0;1;0;0;0;0;0;0;0;2;0;0;0
"11/10/2024";"01:43:00";"252";"Sem vítima";"174,200";"BR-116/RJ";"Crescente";"Colisão traseira";1;0;1;0;0;0;0;0;0;0;2;0;0;0;0
"11/10/2024";"02:02:00";"257";"Com vítima";"178,000";"BR-116/RJ";"Crescente";"Colisão lateral no mesmo sentido";1;0;0;1;0;0;0;0;0;0;0;2;0;0;0
"11/10/2024";"02:30:00";"263";"Com vítima";"480,298";"BR-116/RJ";"Decrescente";"Colisão lateral no mesmo sentido";0;0;0;1;0;1;0;0;0;0;1;0;1;0;0
"11/10/2024";"09:44:00";"46";"Com vítima";"138,190";"BR-116/RJ";"Decrescente";"Choque";0;0;0;0;0;0;0;0;0;1;0;1;0;0;0
"11/10/2024";"11:29:00";"53";"Com vítima";"132,000";"BR-116/RJ";"Decrescente";"Choque";1;0;0;0;0;0;0;0;0;0;0;1;0;0;0
"12/10/2024";"12:43:00";"56";"Com vítima";"4,818";"BR-465/RJ";"Crescente";"Colisão lateral no mesmo sentido";1;0;0;0;0;1;0;0;0;0;0;2;0;0;0
"12/10/2024";"12:56:00";"57";"Com vítima";"128,900";"BR-116/RJ";"Crescente";"Colisão traseira";1;0;1;0;0;0;0;0;0;0;1;0;1;0;0
"12/10/2024";"01:11:00";"59";"Com vítima";"422,075";"BR-116/RJ";"Crescente";"Atropelamento de animal";0;0;0;1;0;0;0;0;0;0;0;0;1;1;0
"12/10/2024";"01:28:00";"61";"Com vítima";"62,000";"BR-116/RJ";"Crescente";"Choque";1;0;0;0;0;0;0;0;0;0;0;2;0;0;0
"12/10/2024";"01:43:00";"66";"Sem vítima";"495,000";"BR-116/RJ";"Crescente";"Choque";1;0;0;0;0;0;0;0;0;0;1;0;0;0;0
"12/10/2024";"03:12:00";"76";"Com vítima";"716,000";"BR-116/RJ";"Decrescente";"Choque";1;0;0;0;0;0;0;0;0;0;0;1;0;0;0
"12/10/2024";"03:44:00";"79";"Sem vítima";"12,000";"BR-493/RJ";"Crescente";"Colisão lateral em sentido contrário";2;0;0;0;0;0;0;0;0;0;4;0;0;0;0
"12/10/2024";"03:52:00";"84";"Com vítima";"8,000";"BR-465/RJ";"Decrescente";"Queda de moto";0;0;0;1;0;0;0;0;0;0;0;1;0;0;0
"12/10/2024";"07:01:00";"124";"Com vítima";"179,300";"BR-116/RJ";"Decrescente";"Capotamento";2;0;0;0;0;0;0;0;0;0;1;3;0;0;0