data;horario;n_da_ocorrencia;tipo_de_ocorrencia;km;trecho;sentido;tipo_de_acidente;automovel;bicicleta;caminhao;moto;onibus;outros;tracao_animal;transporte_de_cargas_especiais;trator_maquinas;utilitarios;ilesos;levemente_feridos;moderadamente_feridos;gravemente_feridos;mortos
"12/10/2024";"07:07:00";"126";"Com vítima";"63,700";"BR-116/RJ";"Decrescente";"Atropelamento de pedestre";1;1;0;0;0;0;0;0;0;0;1;0;0;0;0
"12/10/2024";"07:12:00";"127";"Com vítima";"688,621";"BR-116/RJ";"Crescente";"Choque";1;0;0;0;0;0;0;0;0;0;0;3;0;0;0
"12/10/2024";"07:33:00";"131";"Sem vítima";"183,000";"BR-116/RJ";"Crescente";"Colisão traseira";2;0;0;0;0;0;0;0;0;0;2;0;0;0;0
"12/10/2024";"08:30:00";"143";"Com vítima";"177,800";"BR-116/RJ";"Crescente";"Queda de moto";0;0;0;1;0;0;0;0;0;0;0;2;0;0;0
"12/10/2024";"09:24:00";"160";"Com vítima";"172,000";"BR-116/RJ";"Decrescente";"Colisão traseira";2;0;0;0;0;0;0;0;0;0;0;3;0;0;0
"12/10/2024";"10:40:00";"170";"Com vítima";"174,000";"BR-116/RJ";"Decrescente";"Colisão traseira";1;0;0;0;0;0;0;0;0;1;0;2;0;0;0
"12/10/2024";"11:56:00";"190";"Com vítima";"22,000";"BR-116/RJ";"Crescente";"Choque";1;0;0;0;0;0;0;0;0;0;0;3;0;0;0
"12/10/2024";"12:24:00";"201";"Com vítima";"5,000";"BR-493/RJ";"Crescente";"Atropelamento de ciclista";1;1;0;0;0;0;0;0;0;0;0;2;0;0;0
"12/10/2024";"12:39:00";"205";"Com vítima";"97,000";"BR-116/RJ";"Crescente";"Colisão lateral em sentido contrário";3;0;0;0;0;0;0;0;0;0;0;6;0;0;0
"12/10/2024";"03:48:00";"241";"Com vítima";"1,608";"BR-465/RJ";"Crescente";"Colisão traseira";2;0;0;0;0;0;0;0;0;0;0;3;0;0;0
"12/10/2024";"04:35:00";"256";"Sem vítima";"695,182";"BR-116/RJ";"Crescente";"Colisão traseira";1;0;0;0;0;1;0;0;0;0;2;0;0;0;0
"12/10/2024";"09:31:00";"17";"Sem vítima";"698,529";"BR-116/RJ";"Decrescente";"Choque";1;0;0;0;0;0;0;0;0;0;4;0;0;0;0
"12/10/2024";"10:05:00";"23";"Com vítima";"21,272";"BR-116/RJ";"Crescente";"Atropelamento de animal";1;0;0;0;0;0;0;0;0;0;0;4;0;0;0
"12/10/2024";"10:22:00";"27";"Com vítima";"193,440";"BR-116/RJ";"Crescente";"Capotamento";1;0;0;0;0;0;0;0;0;0;0;0;2;1;0
"12/10/2024";"11:24:00";"35";"Sem vítima";"175,000";"BR-116/RJ";"Decrescente";"Choque";1;0;0;0;0;0;0;0;0;0;2;0;0;0;0
"13/10/2024";"05:06:00";"57";"Com vítima";"131,000";"BR-116/RJ";"Crescente";"Choque";1;0;0;0;0;0;0;0;0;0;0;1;0;0;0
"13/10/2024";"06:45:00";"72";"Sem vítima";"778,475";"BR-116/RJ";"Decrescente";"Choque";2;0;0;0;0;0;0;0;0;0;2;0;0;0;0
"13/10/2024";"07:05:00";"75";"Com vítima";"173,000";"BR-116/RJ";"Crescente";"Colisão lateral no mesmo sentido";2;0;0;0;0;0;0;0;0;0;0;2;0;0;0
"13/10/2024";"09:26:00";"100";"Com vítima";"610,000";"BR-116/RJ";"Decrescente";"Queda de moto";0;0;0;1;0;0;0;0;0;0;0;2;0;0;0
"13/10/2024";"09:35:00";"102";"Com vítima";"197,000";"BR-116/RJ";"Crescente";"Choque";1;0;0;0;0;0;0;0;0;0;3;1;0;0;0
"13/10/2024";"11:56:00";"128";"Com vítima";"602,200";"BR-116/RJ";"Decrescente";"Colisão frontal";1;0;0;0;0;1;0;0;0;0;0;2;0;2;1
"13/10/2024";"12:30:00";"135";"Com vítima";"116,500";"BR-493/RJ";"Crescente";"Capotamento";1;0;0;0;0;0;0;0;0;0;0;1;0;0;0
"13/10/2024";"01:24:00";"143";"Com vítima";"188,000";"BR-116/RJ";"Decrescente";"Choque";1;0;0;0;0;0;0;0;0;0;0;1;0;0;0
"13/10/2024";"01:53:00";"153";"Com vítima";"571,000";"BR-116/RJ";"Crescente";"Queda de moto";0;0;0;1;0;0;0;0;0;0;0;1;0;0;0
"13/10/2024";"02:45:00";"164";"Com vítima";"479,380";"BR-116/RJ";"Crescente";"Atropelamento de animal";0;0;0;1;0;0;0;0;0;0;0;1;0;0;0
"13/10/2024";"03:31:00";"171";"Com vítima";"471,327";"BR-116/RJ";"Decrescente";"Colisão lateral em sentido contrário";2;0;0;0;0;0;0;0;0;1;4;1;1;1;0
"13/10/2024";"04:21:00";"183";"Com vítima";"184,050";"BR-116/RJ";"Crescente";"Atropelamento de ciclista";1;1;0;0;0;0;0;0;0;0;0;1;0;0;0
"13/10/2024";"04:40:00";"187";"Com vítima";"425,220";"BR-116/RJ";"Decrescente";"Atropelamento de animal";0;0;0;1;0;0;0;0;0;0;0;1;1;0;0
"13/10/2024";"05:06:00";"195";"Com vítima";"425,000";"BR-116/RJ";"Decrescente";"Atropelamento de animal";1;0;0;0;0;0;0;0;0;0;0;1;0;0;0
"13/10/2024";"05:09:00";"196";"Sem vítima";"91,000";"BR-493/RJ";"Decrescente";"Choque";1;0;0;0;0;0;0;0;0;0;2;0;0;0;0
"13/10/2024";"06:05:00";"205";"Com vítima";"39,499";"BR-116/RJ";"Decrescente";"Atropelamento de pedestre";0;0;0;0;0;1;0;0;0;0;1;0;1;0;0
"13/10/2024";"06:07:00";"206";"Sem vítima";"187,000";"BR-116/RJ";"Decrescente";"Choque";1;0;0;0;0;0;0;0;0;0;1;0;0;0;0
"13/10/2024";"06:24:00";"211";"Com vítima";"99,870";"BR-116/RJ";"Decrescente";"Choque";1;0;0;0;0;0;0;0;0;0;0;3;0;0;0
"13/10/2024";"07:03:00";"220";"Sem vítima";"183,000";"BR-116/RJ";"Decrescente";"Colisão traseira";2;0;0;0;0;0;0;0;0;0;2;0;0;0;0
"14/10/2024";"12:47:00";"24";"Sem vítima";"172,627";"BR-116/RJ";"Decrescente";"Colisão traseira";2;0;0;0;0;0;0;0;0;0;2;0;0;0;0
"14/10/2024";"02:14:00";"27";"Com vítima";"138,000";"BR-116/RJ";"Crescente";"Colisão traseira";1;0;0;0;1;0;0;0;0;0;0;3;0;0;0
"14/10/2024";"02:32:00";"31";"Com vítima";"506,223";"BR-116/RJ";"Decrescente";"Atropelamento de animal";1;0;0;0;0;0;0;0;0;0;0;1;0;0;0
"14/10/2024";"03:35:00";"41";"Com vítima";"103,000";"BR-116/RJ";"Decrescente";"Choque";1;0;0;0;0;0;0;0;0;0;0;3;0;0;0
"14/10/2024";"04:49:00";"50";"Com vítima";"100,000";"BR-116/RJ";"Crescente";"Choque";1;0;0;0;0;0;0;0;0;0;0;1;0;0;0
"14/10/2024";"06:01:00";"64";"Com vítima";"118,000";"BR-116/RJ";"Decrescente";"Colisão transversal";1;0;0;1;0;0;0;0;0;0;0;2;1;0;0
"14/10/2024";"06:47:00";"74";"Sem vítima";"194,000";"BR-116/RJ";"Crescente";"Colisão lateral no mesmo sentido";2;0;0;0;0;0;0;0;0;0;2;0;0;0;0
"14/10/2024";"07:05:00";"80";"Com vítima";"18,000";"BR-493/RJ";"Decrescente";"Colisão traseira";1;0;0;1;0;0;0;0;0;0;0;2;0;0;0
"14/10/2024";"07:08:00";"81";"Com vítima";"107,000";"BR-116/RJ";"Crescente";"Colisão lateral no mesmo sentido";1;0;0;0;0;1;0;0;0;0;1;1;0;0;0
"14/10/2024";"08:51:00";"105";"Com vítima";"666,000";"BR-116/RJ";"Decrescente";"Colisão traseira";1;0;0;0;0;1;0;0;0;0;1;2;0;0;0
"14/10/2024";"08:53:00";"106";"Com vítima";"95,000";"BR-116/RJ";"Decrescente";"Colisão traseira";1;0;0;1;0;0;0;0;0;0;0;1;1;0;0
"14/10/2024";"12:04:00";"142";"Com vítima";"751,000";"BR-116/RJ";"Decrescente";"Colisão lateral no mesmo sentido";2;0;0;0;0;0;0;0;0;0;0;4;0;0;0
"14/10/2024";"12:07:00";"143";"Com vítima";"102,000";"BR-493/RJ";"Crescente";"Colisão lateral no mesmo sentido";0;0;0;1;0;0;0;0;0;0;0;1;0;0;0
"14/10/2024";"01:13:00";"156";"Sem vítima";"143,000";"BR-116/RJ";"Decrescente";"Colisão lateral no mesmo sentido";1;0;0;0;0;1;0;0;0;0;2;0;0;0;0
"14/10/2024";"02:16:00";"167";"Sem vítima";"118,000";"BR-116/RJ";"Decrescente";"Colisão lateral no mesmo sentido";1;0;1;0;0;0;0;0;0;0;2;0;0;0;0
"14/10/2024";"03:06:00";"182";"Com vítima";"143,974";"BR-116/RJ";"Decrescente";"Atropelamento de pedestre";0;0;0;1;0;0;0;0;0;0;0;1;1;0;1
"14/10/2024";"04:22:00";"210";"Com vítima";"524,321";"BR-116/RJ";"Decrescente";"Colisão lateral no mesmo sentido";1;0;0;1;0;0;0;0;0;0;0;1;2;0;0
"14/10/2024";"05:50:00";"225";"Com vítima";"63,925";"BR-116/RJ";"Crescente";"Colisão lateral em sentido contrário";1;0;1;0;0;0;0;0;0;0;1;1;0;0;0
"14/10/2024";"06:52:00";"233";"Com vítima";"6,000";"BR-465/RJ";"Decrescente";"Choque";1;0;0;0;0;0;0;0;0;0;0;1;1;0;0
"14/10/2024";"08:42:00";"253";"Com vítima";"802,252";"BR-116/RJ";"Crescente";"Tombamento";0;0;1;0;0;0;0;0;0;0;0;0;0;1;0
"15/10/2024";"01:38:00";"93";"Com vítima";"189,000";"BR-116/RJ";"Decrescente";"Colisão traseira";1;0;0;0;1;0;0;0;0;0;1;1;0;0;0
"15/10/2024";"05:08:00";"133";"Com vítima";"509,000";"BR-116/RJ";"Decrescente";"Colisão lateral no mesmo sentido";0;0;1;1;0;0;0;0;0;0;1;1;0;0;0
"15/10/2024";"05:34:00";"139";"Com vítima";"122,000";"BR-493/RJ";"Crescente";"Tombamento";0;0;0;0;0;1;0;0;0;0;0;0;1;0;0
"15/10/2024";"06:48:00";"149";"Com vítima";"196,000";"BR-116/RJ";"Decrescente";"Colisão traseira";2;0;0;0;0;0;0;0;0;0;0;2;0;0;0
"15/10/2024";"07:35:00";"160";"Com vítima";"776,000";"BR-116/RJ";"Decrescente";"Tombamento";0;0;0;0;0;1;0;0;0;0;0;1;0;0;0
"15/10/2024";"08:00:00";"171";"Com vítima";"176,000";"BR-116/RJ";"Decrescente";"Colisão traseira";2;0;0;0;0;0;0;0;0;0;1;1;0;0;0
"15/10/2024";"08:29:00";"178";"Com vítima";"147,000";"BR-116/RJ";"Decrescente";"Colisão lateral no mesmo sentido";1;0;0;1;0;0;0;0;0;0;0;2;1;0;0
"15/10/2024";"10:41:00";"202";"Com vítima";"177,000";"BR-116/RJ";"Decrescente";"Colisão lateral no mesmo sentido";0;0;0;1;0;1;0;0;0;0;0;1;0;1;0
"15/10/2024";"11:48:00";"214";"Com vítima";"1,000";"BR-493/RJ";"Crescente";"Colisão lateral no mesmo sentido";1;0;0;1;0;0;0;0;0;0;1;0;1;0;0
"15/10/2024";"12:36:00";"226";"Com vítima";"195,000";"BR-116/RJ";"Crescente";"Queda de moto";0;0;0;1;0;0;0;0;0;0;0;2;0;0;0
"15/10/2024";"12:50:00";"230";"Com vítima";"66,000";"BR-493/RJ";"Crescente";"Queda de moto";0;0;0;1;0;0;0;0;0;0;0;2;0;0;0
"15/10/2024";"12:55:00";"232";"Com vítima";"147,000";"BR-116/RJ";"Decrescente";"Colisão traseira";2;0;0;0;0;0;0;0;0;0;3;2;0;0;0
"15/10/2024";"04:13:00";"273";"Com vítima";"466,000";"BR-116/RJ";"Crescente";"Queda de moto";0;0;0;1;0;0;0;0;0;0;0;1;0;0;0
"16/10/2024";"12:10:00";"120";"Com vítima";"795,150";"BR-116/RJ";"Crescente";"Choque";0;0;0;0;0;1;0;0;0;0;0;0;0;1;0
"16/10/2024";"02:55:00";"132";"Com vítima";"182,000";"BR-116/RJ";"Decrescente";"Queda de moto";0;0;0;1;0;0;0;0;0;0;0;2;0;0;0
"16/10/2024";"04:53:00";"148";"Com vítima";"176,000";"BR-116/RJ";"Decrescente";"Colisão lateral no mesmo sentido";2;0;0;1;0;0;0;0;0;0;2;0;1;0;0
"16/10/2024";"05:34:00";"161";"Com vítima";"118,000";"BR-116/RJ";"Decrescente";"Colisão traseira";1;0;1;0;0;0;0;0;0;0;0;3;0;0;0
"16/10/2024";"06:38:00";"170";"Sem vítima";"551,880";"BR-116/RJ";"Crescente";"Colisão traseira";0;0;0;0;0;2;0;0;0;0;2;0;0;0;0
"16/10/2024";"10:16:00";"220";"Com vítima";"414,000";"BR-116/RJ";"Decrescente";"Colisão traseira";1;0;0;0;0;1;0;0;0;0;0;3;0;0;0
"16/10/2024";"10:54:00";"229";"Com vítima";"146,000";"BR-116/RJ";"Decrescente";"Engavetamento";3;0;0;0;0;0;0;0;0;0;0;5;0;0;0
"16/10/2024";"11:07:00";"233";"Com vítima";"146,000";"BR-116/RJ";"Decrescente";"Colisão lateral no mesmo sentido";1;0;0;1;0;0;0;0;0;0;0;2;0;0;0
"16/10/2024";"12:47:00";"259";"Com vítima";"539,000";"BR-116/RJ";"Decrescente";"Capotamento";1;0;0;0;0;0;0;0;0;0;0;1;0;0;0
"16/10/2024";"01:57:00";"281";"Sem vítima";"0,800";"BR-465/RJ";"Decrescente";"Colisão lateral no mesmo sentido";1;0;0;1;0;0;0;0;0;0;2;0;0;0;0
"16/10/2024";"02:40:00";"294";"Com vítima";"140,151";"BR-116/RJ";"Decrescente";"Queda de moto";0;0;0;1;0;0;0;0;0;0;0;0;2;0;0
"16/10/2024";"04:54:00";"321";"Sem vítima";"698,957";"BR-116/RJ";"Decrescente";"Atropelamento de animal";1;0;0;0;0;0;0;0;0;0;1;0;0;0;0
"16/10/2024";"09:03:00";"1";"Com vítima";"179,894";"BR-116/RJ";"Decrescente";"Colisão traseira";1;0;0;0;0;1;0;0;0;0;1;1;0;0;0
"16/10/2024";"11:41:00";"84";"Com vítima";"78,260";"BR-493/RJ";"Decrescente";"Tombamento";0;0;1;0;0;0;0;0;0;0;0;1;0;0;0
"17/10/2024";"04:09:00";"125";"Com vítima";"187,000";"BR-116/RJ";"Decrescente";"Colisão lateral no mesmo sentido";1;0;0;1;0;0;0;0;0;0;1;0;1;0;0
"17/10/2024";"04:30:00";"130";"Com vítima";"172,100";"BR-116/RJ";"Crescente";"Colisão lateral no mesmo sentido";1;0;0;1;0;0;0;0;0;0;2;0;1;0;0
"17/10/2024";"09:35:00";"196";"Sem vítima";"4,000";"BR-465/RJ";"Decrescente";"Colisão lateral no mesmo sentido";1;0;1;0;0;0;0;0;0;0;2;0;0;0;0
"17/10/2024";"10:05:00";"205";"Com vítima";"5,000";"BR-465/RJ";"Decrescente";"Colisão lateral em sentido contrário";1;0;0;1;0;0;0;0;0;0;0;1;1;0;0
"17/10/2024";"10:40:00";"210";"Com vítima";"523,000";"BR-116/RJ";"Decrescente";"Colisão lateral no mesmo sentido";1;0;0;1;0;0;0;0;0;0;0;1;1;0;0
"17/10/2024";"01:07:00";"255";"Com vítima";"193,000";"BR-116/RJ";"Decrescente";"Engavetamento";0;0;1;0;0;0;0;0;0;2;2;3;1;0;0
"17/10/2024";"02:06:00";"272";"Com vítima";"62,404";"BR-116/RJ";"Decrescente";"Queda de moto";0;0;0;1;0;0;0;0;0;0;0;1;0;0;0
"17/10/2024";"03:15:00";"282";"Sem vítima";"525,217";"BR-116/RJ";"Decrescente";"Colisão traseira";1;0;0;0;0;0;0;0;0;1;2;0;0;0;0
"17/10/2024";"04:22:00";"296";"Com vítima";"179,816";"BR-116/RJ";"Crescente";"Colisão traseira";1;0;0;1;0;0;0;0;0;0;1;1;1;0;0
"17/10/2024";"04:28:00";"298";"Com vítima";"3,000";"BR-465/RJ";"Crescente";"Atropelamento de pedestre";1;0;0;0;0;0;0;0;0;0;1;0;1;0;0
"17/10/2024";"05:55:00";"312";"Sem vítima";"699,311";"BR-116/RJ";"Decrescente";"Atropelamento de animal";1;0;0;0;0;0;0;0;0;0;1;0;0;0;0
"17/10/2024";"06:50:00";"319";"Com vítima";"175,867";"BR-116/RJ";"Decrescente";"Colisão traseira";2;0;0;0;0;0;0;0;0;0;0;2;0;0;0
"18/10/2024";"03:09:00";"131";"Sem vítima";"196,000";"BR-116/RJ";"Decrescente";"Colisão lateral no mesmo sentido";0;0;1;0;0;0;0;0;0;0;1;0;0;0;0
"18/10/2024";"03:21:00";"133";"Com vítima";"145,000";"BR-116/RJ";"Crescente";"Queda de moto";0;0;0;1;0;0;0;0;0;0;0;2;0;0;0
"18/10/2024";"03:24:00";"134";"Com vítima";"530,000";"BR-116/RJ";"Crescente";"Colisão traseira";2;0;0;0;0;0;0;0;0;0;0;2;0;0;0
"18/10/2024";"03:39:00";"136";"Com vítima";"545,149";"BR-116/RJ";"Decrescente";"Tombamento";0;0;0;0;0;1;0;0;0;0;0;0;2;0;0
"18/10/2024";"05:09:00";"157";"Com vítima";"147,050";"BR-116/RJ";"Crescente";"Engavetamento";3;0;1;0;0;0;0;0;0;0;0;4;0;0;0
"18/10/2024";"06:01:00";"165";"Com vítima";"690,000";"BR-116/RJ";"Decrescente";"Colisão lateral no mesmo sentido";0;0;0;0;0;2;0;0;0;0;1;1;0;0;0
"18/10/2024";"07:44:00";"196";"Com vítima";"182,000";"BR-116/RJ";"Crescente";"Colisão lateral no mesmo sentido";0;0;1;1;0;0;0;0;0;0;1;0;1;0;0
"18/10/2024";"08:20:00";"203";"Com vítima";"111,000";"BR-493/RJ";"Crescente";"Colisão lateral no mesmo sentido";2;0;0;0;0;0;0;0;0;0;1;1;0;0;0
"18/10/2024";"11:23:00";"247";"Com vítima";"765,341";"BR-116/RJ";"Crescente";"Colisão traseira";2;0;0;0;0;0;0;0;0;0;0;3;0;0;0
"18/10/2024";"02:31:00";"297";"Com vítima";"173,000";"BR-116/RJ";"Crescente";"Colisão lateral no mesmo sentido";0;0;0;2;0;0;0;0;0;0;0;2;0;0;0
"18/10/2024";"04:51:00";"343";"Sem vítima";"545,069";"BR-116/RJ";"Decrescente";"Colisão lateral em sentido contrário";2;0;0;0;0;0;0;0;0;0;2;0;0;0;0
"18/10/2024";"05:08:00";"345";"Com vítima";"0,200";"BR-493/RJ";"Decrescente";"Colisão traseira";2;0;0;0;0;0;0;0;0;0;0;2;0;0;0
"18/10/2024";"05:34:00";"350";"Com vítima";"412,179";"BR-116/RJ";"Crescente";"Colisão frontal";1;0;0;0;0;1;0;0;0;0;0;1;1;0;0
"18/10/2024";"06:41:00";"363";"Sem vítima";"650,000";"BR-116/RJ";"Decrescente";"Colisão traseira";1;0;0;0;0;1;0;0;0;0;2;0;0;0;0
"19/10/2024";"04:25:00";"107";"Com vítima";"707,000";"BR-116/RJ";"Decrescente";"Saída de pista";1;0;0;0;0;0;0;0;0;0;0;1;0;0;0
"19/10/2024";"05:44:00";"121";"Sem vítima";"480,000";"BR-116/RJ";"Crescente";"Colisão traseira";1;0;0;0;0;0;0;0;0;0;4;0;0;0;0
"19/10/2024";"08:36:00";"153";"Com vítima";"688,000";"BR-116/RJ";"Decrescente";"Choque";1;0;0;0;0;0;0;0;0;0;0;2;0;0;0
"19/10/2024";"10:10:00";"168";"Com vítima";"780,000";"BR-116/RJ";"Decrescente";"Capotamento";1;0;0;0;0;0;0;0;0;0;0;4;0;0;0
"19/10/2024";"10:17:00";"169";"Com vítima";"130,551";"BR-116/RJ";"Crescente";"Colisão traseira";0;0;0;2;0;0;0;0;0;0;0;1;2;0;0
"19/10/2024";"10:20:00";"170";"Com vítima";"0,200";"BR-493/RJ";"Crescente";"Colisão lateral no mesmo sentido";0;0;0;1;0;1;0;0;0;0;1;2;0;0;0
"19/10/2024";"10:28:00";"171";"Com vítima";"100,000";"BR-116/RJ";"Decrescente";"Saída de pista";1;0;0;0;0;0;0;0;0;0;0;2;0;0;0
"19/10/2024";"10:28:00";"173";"Com vítima";"100,000";"BR-116/RJ";"Decrescente";"Choque";1;0;0;0;0;0;0;0;0;0;0;2;0;0;0
"19/10/2024";"11:35:00";"186";"Com vítima";"176,716";"BR-116/RJ";"Decrescente";"Engavetamento";2;0;0;0;0;0;0;0;0;1;1;2;0;0;0
"19/10/2024";"11:50:00";"181";"Com vítima";"137,000";"BR-116/RJ";"Decrescente";"Colisão lateral no mesmo sentido";1;0;0;1;0;0;0;0;0;0;4;1;0;0;0
"19/10/2024";"02:47:00";"220";"Sem vítima";"129,847";"BR-116/RJ";"Decrescente";"Choque";1;0;0;0;0;0;0;0;0;0;1;0;0;0;0
"19/10/2024";"03:01:00";"222";"Com vítima";"469,000";"BR-116/RJ";"Decrescente";"Colisão lateral no mesmo sentido";1;0;0;0;0;1;0;0;0;0;0;4;0;0;0
"19/10/2024";"03:32:00";"228";"Com vítima";"143,000";"BR-116/RJ";"Crescente";"Engavetamento";2;0;0;0;1;0;0;0;0;0;4;1;0;0;0
"19/10/2024";"05:41:00";"252";"Sem vítima";"9,000";"BR-465/RJ";"Decrescente";"Colisão lateral em sentido contrário";2;0;0;0;0;0;0;0;0;0;2;0;0;0;0
"19/10/2024";"06:04:00";"258";"Com vítima";"148,184";"BR-116/RJ";"Crescente";"Engavetamento";5;0;0;0;0;0;0;0;0;0;1;8;0;0;0
"19/10/2024";"06:13:00";"260";"Com vítima";"113,800";"BR-493/RJ";"Decrescente";"Saída de pista";1;0;0;0;0;0;0;0;0;0;0;1;1;0;0
"19/10/2024";"07:13:00";"271";"Com vítima";"16,000";"BR-465/RJ";"Crescente";"Colisão lateral em sentido contrário";2;0;0;0;0;0;0;0;0;0;0;3;0;0;0
"19/10/2024";"08:13:00";"279";"Sem vítima";"145,733";"BR-116/RJ";"Crescente";"Choque";1;0;0;0;0;0;0;0;0;0;1;0;0;0;0
"19/10/2024";"08:48:00";"284";"Com vítima";"534,000";"BR-116/RJ";"Crescente";"Queda de moto";0;0;0;1;0;0;0;0;0;0;0;0;1;0;0
"19/10/2024";"09:19:00";"15";"Com vítima";"648,000";"BR-116/RJ";"Crescente";"Choque";1;0;1;0;0;0;0;0;0;0;0;1;1;0;0
"19/10/2024";"09:46:00";"22";"Com vítima";"193,400";"BR-116/RJ";"Crescente";"Colisão lateral no mesmo sentido";2;0;0;0;0;0;0;0;0;0;0;2;0;0;0
"19/10/2024";"10:01:00";"25";"Sem vítima";"148,360";"BR-116/RJ";"Decrescente";"Choque";1;0;0;0;0;0;0;0;0;0;1;0;0;0;0
"19/10/2024";"10:22:00";"27";"Com vítima";"581,341";"BR-116/RJ";"Decrescente";"Capotamento";1;0;0;0;0;0;0;0;0;0;0;1;0;0;0
"19/10/2024";"10:44:00";"29";"Sem vítima";"479,980";"BR-116/RJ";"Decrescente";"Choque";1;0;0;0;0;0;0;0;0;0;1;0;0;0;0
"19/10/2024";"11:39:00";"33";"Com vítima";"532,000";"BR-116/RJ";"Crescente";"Colisão lateral no mesmo sentido";0;0;0;1;0;0;0;0;0;0;0;0;1;0;0
"20/10/2024";"01:34:00";"45";"Com vítima";"528,000";"BR-116/RJ";"Crescente";"Queda de moto";0;0;0;1;0;0;0;0;0;0;0;0;1;0;0
"20/10/2024";"02:21:00";"53";"Com vítima";"177,000";"BR-116/RJ";"Decrescente";"Capotamento";1;0;0;0;0;0;0;0;0;0;0;1;0;0;0
"20/10/2024";"02:47:00";"56";"Sem vítima";"177,000";"BR-116/RJ";"Decrescente";"Colisão traseira";2;0;0;0;0;0;0;0;0;0;2;0;0;0;0
"20/10/2024";"03:00:00";"57";"Com vítima";"516,000";"BR-116/RJ";"Decrescente";"Capotamento";1;0;0;0;0;0;0;0;0;0;0;1;2;0;0
"20/10/2024";"03:19:00";"58";"Com vítima";"774,000";"BR-116/RJ";"Crescente";"Saída de pista";1;0;0;0;0;0;0;0;0;0;0;2;0;0;0
"20/10/2024";"03:30:00";"62";"Com vítima";"180,000";"BR-116/RJ";"Decrescente";"Colisão traseira";2;0;0;0;0;0;0;0;0;0;0;4;0;0;0
"20/10/2024";"05:38:00";"81";"Com vítima";"128,000";"BR-116/RJ";"Decrescente";"Colisão lateral no mesmo sentido";1;0;0;0;0;0;0;0;0;1;0;7;0;0;0
"20/10/2024";"05:40:00";"82";"Com vítima";"89,590";"BR-116/RJ";"Crescente";"Saída de pista";1;0;0;0;0;0;0;0;0;0;0;1;0;0;0
"20/10/2024";"05:49:00";"86";"Com vítima";"104,000";"BR-116/RJ";"Decrescente";"Choque";0;0;0;0;0;0;0;0;0;1;0;2;0;0;0
"20/10/2024";"09:26:00";"115";"Com vítima";"99,000";"BR-116/RJ";"Decrescente";"Colisão lateral em sentido contrário";2;0;0;0;0;0;0;0;0;0;0;8;0;0;0
"20/10/2024";"09:41:00";"116";"Sem vítima";"502,000";"BR-116/RJ";"Crescente";"Colisão lateral em sentido contrário";2;0;0;0;0;0;0;0;0;0;2;0;0;0;0
"20/10/2024";"09:50:00";"119";"Com vítima";"422,000";"BR-116/RJ";"Decrescente";"Colisão traseira";2;0;0;0;0;0;0;0;0;0;0;2;0;0;0
"20/10/2024";"09:50:00";"120";"Com vítima";"102,000";"BR-116/RJ";"Decrescente";"Choque";1;0;0;0;0;0;0;0;0;0;0;1;0;0;0
"20/10/2024";"09:52:00";"121";"Com vítima";"55,594";"BR-116/RJ";"Crescente";"Capotamento";1;0;0;0;0;0;0;0;0;0;0;2;2;0;0
"20/10/2024";"10:01:00";"123";"Sem vítima";"71,000";"BR-116/RJ";"Decrescente";"Saída de pista";0;0;1;0;0;0;0;0;0;0;2;0;0;0;0
"20/10/2024";"10:23:00";"126";"Com vítima";"18,000";"BR-493/RJ";"Crescente";"Colisão transversal";2;0;0;0;0;0;0;0;0;0;0;4;0;0;0
"20/10/2024";"11:01:00";"131";"Com vítima";"779,000";"BR-116/RJ";"Decrescente";"Capotamento";1;0;0;0;0;0;0;0;0;0;0;1;0;0;0
"20/10/2024";"11:49:00";"140";"Com vítima";"555,000";"BR-116/RJ";"Crescente";"Saída de pista";1;0;0;0;0;0;0;0;0;0;0;2;0;0;0
"20/10/2024";"12:37:00";"149";"Com vítima";"554,383";"BR-116/RJ";"Decrescente";"Colisão lateral em sentido contrário";2;0;0;0;0;0;0;0;0;0;0;0;1;3;1
"20/10/2024";"01:04:00";"151";"Sem vítima";"14,000";"BR-116/RJ";"Decrescente";"Choque";1;0;0;0;0;0;0;0;0;0;3;0;0;0;0
"20/10/2024";"01:46:00";"159";"Com vítima";"148,000";"BR-116/RJ";"Crescente";"Choque";1;0;0;0;0;0;0;0;0;0;1;2;0;0;0