data;horario;n_da_ocorrencia;tipo_de_ocorrencia;km;trecho;sentido;tipo_de_acidente;automovel;bicicleta;caminhao;moto;onibus;outros;tracao_animal;transporte_de_cargas_especiais;trator_maquinas;utilitarios;ilesos;levemente_feridos;moderadamente_feridos;gravemente_feridos;mortos
"20/10/2024";"01:54:00";"161";"Sem vítima";"29,925";"BR-116/RJ";"Decrescente";"Choque";1;0;0;0;0;0;0;0;0;0;4;0;0;0;0
"20/10/2024";"03:41:00";"191";"Sem vítima";"125,000";"BR-116/RJ";"Crescente";"Queda de moto";0;0;0;1;0;0;0;0;0;0;1;0;0;0;0
"20/10/2024";"03:42:00";"188";"Com vítima";"5,294";"BR-465/RJ";"Decrescente";"Colisão lateral no mesmo sentido";0;0;1;1;0;0;0;0;0;0;0;1;1;0;0
"20/10/2024";"03:59:00";"190";"Com vítima";"79,269";"BR-116/RJ";"Crescente";"Colisão frontal";2;0;0;0;0;0;0;0;0;0;0;3;0;0;0
"20/10/2024";"04:11:00";"194";"Com vítima";"96,700";"BR-493/RJ";"Crescente";"Choque";1;0;0;0;0;0;0;0;0;0;0;2;0;0;0
"20/10/2024";"05:33:00";"213";"Com vítima";"700,794";"BR-116/RJ";"Crescente";"Colisão traseira";1;0;0;0;0;1;0;0;0;0;1;0;1;0;0
"20/10/2024";"05:48:00";"217";"Com vítima";"173,000";"BR-116/RJ";"Crescente";"Engavetamento";2;0;1;0;0;0;0;0;0;0;0;7;0;0;0
"20/10/2024";"08:26:00";"239";"Sem vítima";"527,934";"BR-116/RJ";"Decrescente";"Choque";1;0;0;0;0;0;0;0;0;0;1;0;0;0;0
"21/10/2024";"07:36:00";"142";"Com vítima";"63,700";"BR-116/RJ";"Crescente";"Choque";2;0;0;0;0;1;0;0;0;0;1;2;1;1;0
"21/10/2024";"08:31:00";"158";"Com vítima";"689,000";"BR-116/RJ";"Decrescente";"Tombamento";0;0;0;0;0;1;0;0;0;0;0;1;0;0;0
"21/10/2024";"01:40:00";"212";"Com vítima";"103,000";"BR-116/RJ";"Decrescente";"Queda de moto";0;0;0;1;0;0;0;0;0;0;0;2;0;0;0
"21/10/2024";"02:12:00";"217";"Com vítima";"529,000";"BR-116/RJ";"Decrescente";"Colisão lateral em sentido contrário";0;0;0;1;0;1;0;0;0;0;1;0;1;0;0
"21/10/2024";"02:14:00";"218";"Sem vítima";"30,271";"BR-116/RJ";"Decrescente";"Capotamento";1;0;0;0;0;0;0;0;0;0;1;0;0;0;0
"21/10/2024";"04:00:00";"230";"Com vítima";"441,000";"BR-116/RJ";"Crescente";"Choque";1;0;0;0;0;0;0;0;0;0;0;1;0;0;0
"21/10/2024";"05:22:00";"246";"Com vítima";"139,558";"BR-116/RJ";"Decrescente";"Queda de moto";0;0;0;1;0;0;0;0;0;0;0;1;1;0;0
"21/10/2024";"06:01:00";"250";"Com vítima";"190,619";"BR-116/RJ";"Decrescente";"Atropelamento de pedestre";0;0;0;1;0;0;0;0;0;0;0;0;0;1;1
"21/10/2024";"06:05:00";"252";"Sem vítima";"177,600";"BR-116/RJ";"Crescente";"Queda de moto";0;0;0;1;0;0;0;0;0;0;2;0;0;0;0
"21/10/2024";"09:33:00";"57";"Com vítima";"812,590";"BR-116/RJ";"Crescente";"Tombamento";0;0;1;0;0;0;0;0;0;0;0;1;0;0;0
"22/10/2024";"03:25:00";"104";"Sem vítima";"21,000";"BR-493/RJ";"Decrescente";"Colisão lateral no mesmo sentido";1;0;0;1;0;0;0;0;0;0;2;0;0;0;0
"22/10/2024";"04:35:00";"119";"Com vítima";"22,000";"BR-493/RJ";"Decrescente";"Colisão traseira";1;0;0;1;0;0;0;0;0;0;0;2;1;0;0
"22/10/2024";"05:27:00";"129";"Sem vítima";"412,000";"BR-116/RJ";"Crescente";"Engavetamento";3;0;0;0;0;0;0;0;0;0;3;0;0;0;0
"22/10/2024";"06:11:00";"137";"Sem vítima";"414,000";"BR-116/RJ";"Crescente";"Colisão lateral no mesmo sentido";1;0;1;0;0;0;0;0;0;0;2;0;0;0;0
"22/10/2024";"06:22:00";"140";"Com vítima";"146,000";"BR-116/RJ";"Crescente";"Colisão traseira";1;0;0;0;0;1;0;0;0;0;1;2;0;0;0
"22/10/2024";"06:38:00";"144";"Com vítima";"25,000";"BR-493/RJ";"Decrescente";"Colisão lateral no mesmo sentido";2;0;0;0;0;0;0;0;0;0;0;7;0;0;0
"22/10/2024";"06:49:00";"146";"Com vítima";"429,000";"BR-116/RJ";"Crescente";"Colisão transversal";1;0;0;1;0;0;0;0;0;0;0;2;0;1;0
"22/10/2024";"07:33:00";"160";"Sem vítima";"781,000";"BR-116/RJ";"Crescente";"Choque";1;0;0;0;0;0;0;0;0;0;1;0;0;0;0
"22/10/2024";"07:48:00";"163";"Com vítima";"108,000";"BR-493/RJ";"Crescente";"Queda de moto";0;0;0;1;0;0;0;0;0;0;0;2;0;0;0
"22/10/2024";"09:19:00";"186";"Com vítima";"186,000";"BR-116/RJ";"Decrescente";"Colisão traseira";2;0;0;0;0;0;0;0;0;0;0;2;0;0;0
"22/10/2024";"10:46:00";"193";"Com vítima";"13,000";"BR-465/RJ";"Crescente";"Colisão traseira";1;0;0;1;0;0;0;0;0;0;0;2;0;0;0
"22/10/2024";"12:39:00";"208";"Com vítima";"178,000";"BR-116/RJ";"Crescente";"Queda de moto";0;0;0;1;0;0;0;0;0;0;0;1;0;0;0
"22/10/2024";"01:06:00";"220";"Com vítima";"177,700";"BR-116/RJ";"Crescente";"Colisão traseira";1;0;0;1;0;0;0;0;0;0;1;0;1;0;0
"22/10/2024";"03:52:00";"263";"Com vítima";"557,000";"BR-116/RJ";"Decrescente";"Colisão lateral no mesmo sentido";2;0;0;0;0;0;0;0;0;0;0;3;0;0;0
"22/10/2024";"04:11:00";"268";"Com vítima";"182,000";"BR-116/RJ";"Crescente";"Colisão lateral no mesmo sentido";0;0;0;1;1;0;0;0;0;0;1;1;0;0;0
"22/10/2024";"04:18:00";"271";"Com vítima";"175,333";"BR-116/RJ";"Crescente";"Engavetamento";2;0;0;1;0;0;0;0;0;0;2;2;0;0;0
"22/10/2024";"07:29:00";"310";"Com vítima";"146,589";"BR-116/RJ";"Decrescente";"Colisão traseira";0;0;1;1;0;0;0;0;0;0;1;1;0;0;0
"22/10/2024";"09:57:00";"62";"Sem vítima";"137,253";"BR-116/RJ";"Crescente";"Saída de pista";1;0;0;0;0;0;0;0;0;0;1;0;0;0;0
"23/10/2024";"04:08:00";"127";"Com vítima";"67,000";"BR-116/RJ";"Decrescente";"Queda de moto";0;0;0;1;0;0;0;0;0;0;0;0;1;0;0
"23/10/2024";"05:58:00";"154";"Com vítima";"704,000";"BR-116/RJ";"Decrescente";"Queda de moto";0;0;0;1;0;0;0;0;0;0;0;2;0;0;0
"23/10/2024";"06:25:00";"166";"Sem vítima";"22,100";"BR-116/RJ";"Decrescente";"Colisão traseira";1;0;0;0;0;1;0;0;0;0;2;0;0;0;0
"23/10/2024";"09:10:00";"216";"Com vítima";"83,000";"BR-116/RJ";"Decrescente";"Colisão traseira";1;0;0;1;0;0;0;0;0;0;1;0;1;0;0
"23/10/2024";"10:53:00";"244";"Com vítima";"601,000";"BR-116/RJ";"Decrescente";"Colisão frontal";2;0;0;0;0;0;0;0;0;0;0;1;0;1;0
"23/10/2024";"02:08:00";"293";"Sem vítima";"640,000";"BR-116/RJ";"Crescente";"Colisão traseira";2;0;0;0;0;0;0;0;0;0;4;0;0;0;0
"23/10/2024";"02:13:00";"295";"Com vítima";"99,430";"BR-116/RJ";"Crescente";"Choque";0;0;1;0;0;0;0;0;0;0;0;1;0;0;0
"23/10/2024";"02:33:00";"302";"Com vítima";"148,000";"BR-116/RJ";"Crescente";"Colisão traseira";1;0;1;0;0;0;0;0;0;0;0;4;0;0;0
"23/10/2024";"04:06:00";"325";"Com vítima";"21,000";"BR-465/RJ";"Decrescente";"Atropelamento de ciclista";0;1;0;1;0;0;0;0;0;0;0;1;0;0;0
"23/10/2024";"05:46:00";"353";"Com vítima";"719,471";"BR-116/RJ";"Crescente";"Choque";1;0;0;0;0;0;0;0;0;0;0;1;0;0;0
"24/10/2024";"12:46:00";"124";"Com vítima";"64,000";"BR-493/RJ";"Crescente";"Choque";0;0;1;0;0;0;0;0;0;0;0;1;0;0;0
"24/10/2024";"02:11:00";"143";"Com vítima";"768,000";"BR-116/RJ";"Decrescente";"Colisão lateral no mesmo sentido";2;0;0;0;0;0;0;0;0;0;0;2;0;0;0
"24/10/2024";"04:02:00";"155";"Com vítima";"21,000";"BR-493/RJ";"Decrescente";"Saída de pista";1;0;0;0;0;0;0;0;0;0;0;1;0;0;0
"24/10/2024";"05:47:00";"182";"Com vítima";"54,000";"BR-116/RJ";"Decrescente";"Queda de moto";0;0;0;1;0;0;0;0;0;0;0;0;1;0;0
"24/10/2024";"08:22:00";"217";"Com vítima";"506,372";"BR-116/RJ";"Crescente";"Colisão transversal";0;0;1;1;0;0;0;0;0;0;0;2;0;0;0
"24/10/2024";"12:57:00";"279";"Com vítima";"12,000";"BR-465/RJ";"Decrescente";"Atropelamento de pedestre";0;0;0;0;0;1;0;0;0;0;1;0;0;1;0
"24/10/2024";"01:58:00";"298";"Com vítima";"210,474";"BR-116/RJ";"Crescente";"Tombamento";0;0;1;0;0;0;0;0;0;0;0;2;0;0;0
"24/10/2024";"02:02:00";"300";"Com vítima";"186,000";"BR-116/RJ";"Decrescente";"Engavetamento";3;0;0;0;0;0;0;0;0;0;1;2;0;0;0
"24/10/2024";"02:12:00";"305";"Com vítima";"15,000";"BR-465/RJ";"Crescente";"Colisão lateral em sentido contrário";2;0;0;0;0;0;0;0;0;0;0;1;1;0;0
"24/10/2024";"02:28:00";"311";"Com vítima";"0,371";"BR-493/RJ";"Crescente";"Atropelamento de animal";1;0;0;0;0;0;0;0;0;0;0;3;0;0;0
"24/10/2024";"03:31:00";"323";"Com vítima";"17,000";"BR-493/RJ";"Decrescente";"Capotamento";1;0;0;0;0;0;0;0;0;0;0;3;0;0;0
"24/10/2024";"03:34:00";"324";"Com vítima";"117,000";"BR-116/RJ";"Decrescente";"Atropelamento de pedestre";0;0;0;1;0;0;0;0;0;0;1;1;0;0;0
"24/10/2024";"04:23:00";"336";"Com vítima";"63,000";"BR-493/RJ";"Crescente";"Saída de pista";1;0;0;0;0;0;0;0;0;0;0;2;0;0;0
"24/10/2024";"05:24:00";"353";"Com vítima";"530,000";"BR-116/RJ";"Decrescente";"Atropelamento de pedestre";1;0;0;0;0;0;0;0;0;0;0;1;1;0;0
"24/10/2024";"11:22:00";"101";"Com vítima";"182,000";"BR-116/RJ";"Decrescente";"Choque";1;0;0;0;0;0;0;0;0;0;0;2;0;0;0
"25/10/2024";"02:50:00";"158";"Sem vítima";"172,000";"BR-116/RJ";"Decrescente";"Colisão lateral no mesmo sentido";1;0;0;1;0;0;0;0;0;0;3;0;0;0;0
"25/10/2024";"02:57:00";"160";"Com vítima";"59,000";"BR-493/RJ";"Decrescente";"Queda de moto";0;0;0;1;0;0;0;0;0;0;0;0;1;0;0
"25/10/2024";"03:44:00";"166";"Com vítima";"171,000";"BR-116/RJ";"Decrescente";"Queda de moto";0;0;0;1;0;0;0;0;0;0;0;2;0;0;0
"25/10/2024";"04:58:00";"188";"Sem vítima";"148,000";"BR-116/RJ";"Crescente";"Queda de moto";0;0;0;1;0;0;0;0;0;0;1;0;0;0;0
"25/10/2024";"05:01:00";"187";"Com vítima";"772,000";"BR-116/RJ";"Decrescente";"Colisão transversal";2;0;0;0;0;0;0;0;0;0;1;4;0;0;0
"25/10/2024";"07:05:00";"228";"Com vítima";"103,000";"BR-116/RJ";"Decrescente";"Choque";0;0;1;0;0;0;0;0;0;0;0;2;0;0;0
"25/10/2024";"07:44:00";"244";"Com vítima";"595,000";"BR-116/RJ";"Decrescente";"Colisão traseira";1;0;1;0;0;0;0;0;0;0;0;2;0;0;0
"25/10/2024";"09:48:00";"278";"Com vítima";"148,000";"BR-116/RJ";"Decrescente";"Colisão lateral no mesmo sentido";0;0;1;1;0;0;0;0;0;0;1;1;0;0;0
"25/10/2024";"10:49:00";"289";"Com vítima";"184,000";"BR-116/RJ";"Crescente";"Colisão lateral no mesmo sentido";1;0;0;1;0;0;0;0;0;0;0;3;0;0;0
"25/10/2024";"11:08:00";"292";"Com vítima";"173,000";"BR-116/RJ";"Decrescente";"Colisão lateral no mesmo sentido";0;0;1;1;0;0;0;0;0;0;0;3;0;0;0
"25/10/2024";"11:54:00";"311";"Com vítima";"96,000";"BR-493/RJ";"Crescente";"Colisão lateral no mesmo sentido";0;0;0;0;0;2;0;0;0;0;0;2;0;0;0
"25/10/2024";"01:12:00";"323";"Com vítima";"205,000";"BR-116/RJ";"Decrescente";"Colisão lateral no mesmo sentido";1;0;1;0;0;0;0;0;0;0;0;2;0;0;0
"25/10/2024";"01:45:00";"339";"Com vítima";"14,000";"BR-465/RJ";"Crescente";"Colisão transversal";1;0;1;0;0;0;0;0;0;0;0;4;0;0;0
"25/10/2024";"03:53:00";"365";"Com vítima";"813,500";"BR-116/RJ";"Decrescente";"Colisão frontal";2;0;0;0;0;0;0;0;0;0;0;2;1;0;0
"25/10/2024";"04:18:00";"375";"Com vítima";"180,600";"BR-116/RJ";"Crescente";"Engavetamento";2;0;0;0;0;1;0;0;0;0;2;2;0;0;0
"25/10/2024";"05:53:00";"396";"Sem vítima";"813,368";"BR-116/RJ";"Crescente";"Choque";0;0;1;0;0;0;0;0;0;0;1;0;0;0;0
"25/10/2024";"06:42:00";"407";"Com vítima";"147,297";"BR-116/RJ";"Decrescente";"Colisão traseira";1;0;0;1;0;0;0;0;0;0;1;1;1;0;0
"25/10/2024";"07:06:00";"414";"Com vítima";"129,500";"BR-116/RJ";"Crescente";"Choque";1;0;0;0;0;0;0;0;0;0;0;3;0;0;0
"25/10/2024";"08:02:00";"423";"Com vítima";"87,776";"BR-116/RJ";"Decrescente";"Colisão traseira";1;0;1;0;0;0;0;0;0;0;0;3;0;0;0
"26/10/2024";"01:49:00";"82";"Com vítima";"48,293";"BR-493/RJ";"Decrescente";"Tombamento";1;0;0;0;0;0;0;0;0;0;0;1;1;0;0
"26/10/2024";"03:32:00";"99";"Com vítima";"173,000";"BR-116/RJ";"Decrescente";"Queda de moto";0;0;0;1;0;0;0;0;0;0;0;0;1;0;0
"26/10/2024";"03:33:00";"100";"Com vítima";"204,000";"BR-116/RJ";"Decrescente";"Tombamento";0;0;1;0;0;0;0;0;0;0;0;1;0;0;0
"26/10/2024";"04:18:00";"108";"Com vítima";"132,000";"BR-116/RJ";"Decrescente";"Colisão lateral no mesmo sentido";1;0;0;1;0;0;0;0;0;0;1;1;0;0;0
"26/10/2024";"05:28:00";"122";"Com vítima";"184,000";"BR-116/RJ";"Decrescente";"Engavetamento";3;0;0;0;0;0;0;0;0;0;0;3;0;0;0
"26/10/2024";"06:23:00";"135";"Com vítima";"184,000";"BR-116/RJ";"Crescente";"Engavetamento";1;0;0;0;0;1;0;0;0;0;2;1;0;0;0
"26/10/2024";"07:19:00";"146";"Com vítima";"148,000";"BR-116/RJ";"Decrescente";"Colisão traseira";1;0;1;0;0;0;0;0;0;0;0;2;0;0;0
"26/10/2024";"08:06:00";"156";"Com vítima";"182,100";"BR-116/RJ";"Crescente";"Queda de moto";0;0;0;1;0;0;0;0;0;0;0;0;1;0;0
"26/10/2024";"09:29:00";"172";"Com vítima";"109,000";"BR-116/RJ";"Decrescente";"Queda de moto";0;0;0;1;0;0;0;0;0;0;0;1;0;0;0
"26/10/2024";"09:51:00";"177";"Com vítima";"177,000";"BR-116/RJ";"Decrescente";"Colisão traseira";1;0;0;0;0;1;0;0;0;0;1;1;0;0;0
"26/10/2024";"10:28:00";"181";"Com vítima";"413,000";"BR-116/RJ";"Crescente";"Queda de bicicleta";0;1;0;1;0;0;0;0;0;0;0;1;0;0;0
"26/10/2024";"11:03:00";"189";"Sem vítima";"99,000";"BR-116/RJ";"Crescente";"Queda de moto";0;0;0;1;0;0;0;0;0;0;1;0;0;0;0
"26/10/2024";"12:03:00";"195";"Com vítima";"181,300";"BR-116/RJ";"Decrescente";"Colisão lateral no mesmo sentido";1;0;0;1;0;0;0;0;0;0;0;2;1;0;0
"26/10/2024";"12:14:00";"199";"Com vítima";"178,200";"BR-116/RJ";"Crescente";"Colisão lateral no mesmo sentido";2;0;0;0;0;0;0;0;0;0;0;2;0;0;0
"26/10/2024";"12:53:00";"208";"Com vítima";"143,000";"BR-116/RJ";"Decrescente";"Colisão lateral no mesmo sentido";2;0;0;0;0;0;0;0;0;0;0;3;0;0;0
"26/10/2024";"02:54:00";"237";"Sem vítima";"118,000";"BR-116/RJ";"Crescente";"Colisão traseira";1;0;0;0;0;1;0;0;0;0;2;0;0;0;0
"26/10/2024";"03:03:00";"239";"Com vítima";"513,572";"BR-116/RJ";"Crescente";"Atropelamento de animal";0;0;0;2;0;0;0;0;0;0;0;2;0;0;0
"26/10/2024";"03:09:00";"240";"Com vítima";"650,578";"BR-116/RJ";"Decrescente";"Colisão transversal";1;0;0;1;0;0;0;0;0;0;2;0;0;1;0
"26/10/2024";"03:33:00";"245";"Sem vítima";"693,893";"BR-116/RJ";"Decrescente";"Tombamento";0;0;0;0;0;0;0;0;0;1;1;0;0;0;0
"26/10/2024";"03:48:00";"250";"Com vítima";"0,392";"BR-493/RJ";"Decrescente";"Colisão frontal";0;0;0;1;0;1;0;0;0;0;2;0;1;0;0
"26/10/2024";"04:00:00";"253";"Com vítima";"622,000";"BR-116/RJ";"Decrescente";"Saída de pista";1;0;0;0;0;0;0;0;0;0;0;1;0;0;0
"26/10/2024";"05:53:00";"278";"Com vítima";"775,483";"BR-116/RJ";"Decrescente";"Capotamento";1;0;0;0;0;0;0;0;0;0;0;1;0;0;0
"26/10/2024";"09:05:00";"3";"Com vítima";"183,536";"BR-116/RJ";"Decrescente";"Choque";1;0;0;0;0;0;0;0;0;0;0;1;0;0;0
"26/10/2024";"10:16:00";"15";"Sem vítima";"519,000";"BR-116/RJ";"Decrescente";"Choque";1;0;0;0;0;0;0;0;0;0;2;0;0;0;0
"27/10/2024";"03:32:00";"50";"Sem vítima";"84,000";"BR-116/RJ";"Decrescente";"Choque";1;0;0;0;0;0;0;0;0;0;1;0;0;0;0
"27/10/2024";"03:39:00";"52";"Sem vítima";"103,000";"BR-116/RJ";"Decrescente";"Choque";1;0;0;0;0;0;0;0;0;0;1;0;0;0;0
"27/10/2024";"04:40:00";"65";"Com vítima";"76,000";"BR-116/RJ";"Crescente";"Queda de moto";0;0;0;0;1;0;0;0;0;0;0;1;0;0;0
"27/10/2024";"05:53:00";"77";"Sem vítima";"184,000";"BR-116/RJ";"Crescente";"Queda de moto";0;0;0;1;0;0;0;0;0;0;2;0;0;0;0
"27/10/2024";"06:34:00";"85";"Com vítima";"85,000";"BR-116/RJ";"Decrescente";"Choque";1;0;0;0;0;0;0;0;0;0;0;1;0;0;0
"27/10/2024";"07:10:00";"93";"Com vítima";"534,511";"BR-116/RJ";"Decrescente";"Tombamento";0;0;0;0;0;1;0;0;0;0;0;1;0;0;0
"27/10/2024";"08:37:00";"110";"Com vítima";"693,000";"BR-116/RJ";"Crescente";"Colisão traseira";2;0;0;0;0;0;0;0;0;0;0;5;0;0;0
"27/10/2024";"10:14:00";"123";"Com vítima";"530,000";"BR-116/RJ";"Crescente";"Queda de moto";0;0;0;1;0;0;0;0;0;0;0;1;0;0;0
"27/10/2024";"01:44:00";"150";"Sem vítima";"528,000";"BR-116/RJ";"Decrescente";"Colisão traseira";1;0;0;0;1;0;0;0;0;0;2;0;0;0;0
"27/10/2024";"02:20:00";"156";"Sem vítima";"529,000";"BR-116/RJ";"Decrescente";"Colisão traseira";1;0;0;0;0;1;0;0;0;0;2;0;0;0;0
"27/10/2024";"03:06:00";"167";"Sem vítima";"116,296";"BR-116/RJ";"Crescente";"Atropelamento de animal";1;0;0;0;0;0;0;0;0;0;1;0;0;0;0
"27/10/2024";"03:24:00";"169";"Com vítima";"85,501";"BR-493/RJ";"Crescente";"Capotamento";1;0;0;0;0;0;0;0;0;0;0;0;1;0;0
"27/10/2024";"03:50:00";"174";"Com vítima";"778,000";"BR-116/RJ";"Decrescente";"Saída de pista";1;0;0;0;0;0;0;0;0;0;1;1;0;0;0
"27/10/2024";"03:53:00";"177";"Sem vítima";"781,000";"BR-116/RJ";"Decrescente";"Choque";1;0;0;0;0;0;0;0;0;0;1;0;0;0;0
"27/10/2024";"05:08:00";"197";"Sem vítima";"685,186";"BR-116/RJ";"Crescente";"Choque";1;0;0;0;0;0;0;0;0;0;3;0;0;0;0
"27/10/2024";"05:36:00";"201";"Com vítima";"103,500";"BR-116/RJ";"Crescente";"Choque";1;0;0;0;0;0;0;0;0;0;0;1;0;0;0
"27/10/2024";"06:45:00";"209";"Com vítima";"494,476";"BR-116/RJ";"Crescente";"Colisão frontal";2;0;0;0;0;0;0;0;0;0;0;2;0;0;0
"27/10/2024";"10:21:00";"69";"Sem vítima";"108,857";"BR-116/RJ";"Decrescente";"Choque";1;0;0;0;0;0;0;0;0;0;2;0;0;0;0
"27/10/2024";"11:21:00";"72";"Com vítima";"175,389";"BR-116/RJ";"Crescente";"Colisão traseira";2;0;0;0;0;0;0;0;0;0;0;2;0;0;0
"28/10/2024";"03:16:00";"105";"Com vítima";"208,000";"BR-116/RJ";"Crescente";"Queda de moto";0;0;0;1;0;0;0;0;0;0;0;1;1;0;0
"28/10/2024";"03:21:00";"106";"Com vítima";"710,000";"BR-116/RJ";"Decrescente";"Queda de moto";0;0;0;1;0;0;0;0;0;0;0;1;0;0;0
"28/10/2024";"03:27:00";"107";"Com vítima";"674,000";"BR-116/RJ";"Crescente";"Choque";1;0;0;0;0;0;0;0;0;0;0;1;1;0;0
"28/10/2024";"05:50:00";"139";"Com vítima";"736,000";"BR-116/RJ";"Crescente";"Colisão transversal";1;0;0;1;0;0;0;0;0;0;0;2;0;0;0
"28/10/2024";"06:58:00";"153";"Com vítima";"715,000";"BR-116/RJ";"Decrescente";"Colisão lateral em sentido contrário";1;0;0;0;0;1;0;0;0;0;0;1;3;1;0
"28/10/2024";"09:54:00";"185";"Com vítima";"175,000";"BR-116/RJ";"Decrescente";"Colisão lateral no mesmo sentido";0;0;0;1;1;0;0;0;0;0;1;2;0;0;0
"28/10/2024";"11:01:00";"192";"Com vítima";"750,193";"BR-116/RJ";"Crescente";"Colisão traseira";1;0;0;0;0;0;0;0;0;1;0;2;0;0;0
"28/10/2024";"11:36:00";"199";"Com vítima";"185,000";"BR-116/RJ";"Decrescente";"Colisão traseira";1;0;0;1;0;0;0;0;0;0;0;1;2;0;0
"28/10/2024";"12:44:00";"209";"Com vítima";"120,700";"BR-116/RJ";"Crescente";"Atropelamento de ciclista";1;1;0;0;0;0;0;0;0;0;0;3;0;0;0
"28/10/2024";"03:52:00";"241";"Com vítima";"514,000";"BR-116/RJ";"Decrescente";"Saída de pista";1;0;0;0;0;0;0;0;0;0;0;2;0;0;0
"29/10/2024";"04:21:00";"152";"Com vítima";"89,901";"BR-493/RJ";"Crescente";"Tombamento";0;0;1;0;0;0;0;0;0;0;0;0;2;0;0
"29/10/2024";"05:30:00";"166";"Com vítima";"731,800";"BR-116/RJ";"Decrescente";"Queda de moto";0;0;0;1;0;0;0;0;0;0;0;0;1;0;0
"29/10/2024";"07:30:00";"189";"Com vítima";"144,000";"BR-116/RJ";"Decrescente";"Engavetamento";5;0;0;0;0;0;0;0;0;0;1;5;0;0;0
"29/10/2024";"08:01:00";"193";"Com vítima";"17,000";"BR-493/RJ";"Crescente";"Colisão traseira";1;0;0;1;0;0;0;0;0;0;0;2;0;0;0
"29/10/2024";"11:04:00";"228";"Com vítima";"25,000";"BR-493/RJ";"Crescente";"Queda de moto";0;0;0;1;0;0;0;0;0;0;0;1;0;0;0
"29/10/2024";"11:28:00";"235";"Com vítima";"174,000";"BR-116/RJ";"Crescente";"Colisão lateral no mesmo sentido";1;0;0;1;0;0;0;0;0;0;1;0;1;0;0
"29/10/2024";"11:36:00";"237";"Com vítima";"190,000";"BR-116/RJ";"Crescente";"Colisão lateral no mesmo sentido";1;0;1;0;0;0;0;0;0;0;0;2;0;0;0
"29/10/2024";"12:04:00";"243";"Com vítima";"190,000";"BR-116/RJ";"Crescente";"Colisão traseira";2;0;0;0;0;0;0;0;0;0;0;5;0;0;0
"29/10/2024";"12:24:00";"249";"Com vítima";"98,900";"BR-116/RJ";"Decrescente";"Colisão lateral em sentido contrário";1;0;0;0;0;1;0;0;0;0;0;3;0;0;0
"29/10/2024";"02:30:00";"263";"Com vítima";"527,000";"BR-116/RJ";"Decrescente";"Colisão lateral no mesmo sentido";2;0;0;0;0;0;0;0;0;0;0;2;0;0;0
"29/10/2024";"04:34:00";"289";"Sem vítima";"488,700";"BR-116/RJ";"Decrescente";"Colisão lateral no mesmo sentido";1;0;1;0;0;0;0;0;0;0;4;0;0;0;0
"29/10/2024";"06:53:00";"312";"Com vítima";"5,900";"BR-493/RJ";"Decrescente";"Saída de pista";1;0;0;0;0;0;0;0;0;0;0;1;0;0;0
"29/10/2024";"07:20:00";"318";"Sem vítima";"565,000";"BR-116/RJ";"Crescente";"Saída de pista";1;0;0;0;0;0;0;0;0;0;1;0;0;0;0
"29/10/2024";"07:41:00";"320";"Com vítima";"771,842";"BR-116/RJ";"Crescente";"Colisão lateral em sentido contrário";1;0;0;1;0;0;0;0;0;0;0;2;0;0;0
"29/10/2024";"07:56:00";"322";"Com vítima";"649,427";"BR-116/RJ";"Crescente";"Atropelamento de ciclista";0;1;0;0;1;0;0;0;0;0;0;1;0;0;0
"29/10/2024";"09:31:00";"28";"Com vítima";"144,000";"BR-116/RJ";"Decrescente";"Queda de moto";0;0;0;1;0;0;0;0;0;0;0;1;1;0;0
"29/10/2024";"09:54:00";"54";"Com vítima";"213,000";"BR-116/RJ";"Decrescente";"Atropelamento de ciclista";0;0;1;0;0;0;0;0;0;0;1;0;0;0;0
"30/10/2024";"02:45:00";"137";"Sem vítima";"186,000";"BR-116/RJ";"Decrescente";"Engavetamento";3;0;0;0;0;0;0;0;0;0;3;0;0;0;0
"30/10/2024";"03:13:00";"140";"Sem vítima";"21,100";"BR-493/RJ";"Decrescente";"Colisão traseira";0;0;0;0;0;2;0;0;0;0;2;0;0;0;0
"30/10/2024";"03:36:00";"143";"Com vítima";"196,000";"BR-116/RJ";"Decrescente";"Engavetamento";0;0;1;1;1;1;0;0;0;0;2;2;1;1;0
"30/10/2024";"05:56:00";"171";"Sem vítima";"174,000";"BR-116/RJ";"Decrescente";"Engavetamento";3;0;0;0;0;0;0;0;0;0;3;0;0;0;0