data;horario;n_da_ocorrencia;tipo_de_ocorrencia;km;trecho;sentido;tipo_de_acidente;automovel;bicicleta;caminhao;moto;onibus;outros;tracao_animal;transporte_de_cargas_especiais;trator_maquinas;utilitarios;ilesos;levemente_feridos;moderadamente_feridos;gravemente_feridos;mortos
"30/10/2024";"06:52:00";"184";"Sem vítima";"108,000";"BR-116/RJ";"Decrescente";"Colisão lateral no mesmo sentido";0;0;2;0;0;0;0;0;0;0;2;0;0;0;0
"30/10/2024";"07:13:00";"193";"Com vítima";"177,000";"BR-116/RJ";"Decrescente";"Engavetamento";3;0;0;0;0;0;0;0;0;0;1;3;0;0;0
"30/10/2024";"01:35:00";"253";"Com vítima";"184,000";"BR-116/RJ";"Crescente";"Colisão traseira";0;0;1;1;0;0;0;0;0;0;1;0;1;0;0
"30/10/2024";"03:16:00";"271";"Sem vítima";"549,320";"BR-116/RJ";"Crescente";"Colisão traseira";1;0;0;1;0;0;0;0;0;0;2;0;0;0;0
"31/10/2024";"12:10:00";"120";"Com vítima";"512,761";"BR-116/RJ";"Crescente";"Queda de moto";0;0;0;1;0;0;0;0;0;0;0;1;0;0;0
"31/10/2024";"03:07:00";"130";"Com vítima";"62,800";"BR-116/RJ";"Crescente";"Queda de moto";0;0;0;1;0;0;0;0;0;0;0;1;0;0;0
"31/10/2024";"03:12:00";"129";"Com vítima";"179,000";"BR-116/RJ";"Decrescente";"Queda de moto";0;0;0;1;0;0;0;0;0;0;0;1;0;0;0
"31/10/2024";"03:14:00";"131";"Com vítima";"129,900";"BR-116/RJ";"Decrescente";"Choque";0;0;0;1;0;0;0;0;0;0;0;1;0;0;0
"31/10/2024";"04:19:00";"142";"Com vítima";"176,000";"BR-116/RJ";"Decrescente";"Queda de moto";0;0;0;1;0;0;0;0;0;0;0;2;0;0;0
"31/10/2024";"04:57:00";"151";"Com vítima";"687,000";"BR-116/RJ";"Decrescente";"Atropelamento de animal";1;0;0;0;0;0;0;0;0;0;1;0;0;0;0
"31/10/2024";"05:12:00";"153";"Sem vítima";"186,000";"BR-116/RJ";"Decrescente";"Colisão lateral no mesmo sentido";0;0;0;2;0;0;0;0;0;0;2;0;0;0;0
"31/10/2024";"06:15:00";"171";"Com vítima";"191,000";"BR-116/RJ";"Crescente";"Colisão traseira";1;0;0;0;0;0;0;0;0;0;0;1;0;0;0
"31/10/2024";"08:15:00";"193";"Com vítima";"18,800";"BR-493/RJ";"Decrescente";"Colisão lateral no mesmo sentido";1;0;0;0;0;1;0;0;0;0;0;2;0;0;0
"31/10/2024";"08:50:00";"202";"Com vítima";"20,000";"BR-493/RJ";"Decrescente";"Colisão lateral em sentido contrário";1;0;0;1;0;0;0;0;0;0;1;1;0;0;0
"31/10/2024";"10:38:00";"219";"Com vítima";"146,000";"BR-116/RJ";"Crescente";"Queda de moto";0;0;0;1;0;0;0;0;0;0;0;1;0;0;0
"31/10/2024";"01:19:00";"243";"Com vítima";"656,420";"BR-116/RJ";"Crescente";"Colisão transversal";1;0;1;0;0;0;0;0;0;0;0;4;0;0;0
"31/10/2024";"01:42:00";"248";"Com vítima";"193,000";"BR-116/RJ";"Decrescente";"Queda de moto";0;0;0;1;0;0;0;0;0;0;0;2;0;0;0
"31/10/2024";"01:46:00";"249";"Sem vítima";"657,500";"BR-116/RJ";"Decrescente";"Colisão traseira";2;0;0;0;0;0;0;0;0;0;2;0;0;0;0
"31/10/2024";"02:49:00";"264";"Com vítima";"105,799";"BR-116/RJ";"Crescente";"Queda de moto";0;0;0;1;0;0;0;0;0;0;0;1;0;0;0
"31/10/2024";"03:36:00";"271";"Com vítima";"5,265";"BR-465/RJ";"Crescente";"Colisão lateral no mesmo sentido";1;0;0;1;0;0;0;0;0;0;0;2;0;0;0
"31/10/2024";"04:22:00";"284";"Com vítima";"474,332";"BR-116/RJ";"Decrescente";"Colisão transversal";2;0;0;0;0;0;0;0;0;0;1;2;0;0;0
"31/10/2024";"04:27:00";"287";"Com vítima";"13,863";"BR-465/RJ";"Decrescente";"Colisão traseira";1;0;0;1;0;0;0;0;0;0;0;2;0;0;0
"31/10/2024";"05:52:00";"308";"Sem vítima";"552,880";"BR-116/RJ";"Decrescente";"Choque";1;0;0;0;0;0;0;0;0;0;2;0;0;0;0
"31/10/2024";"07:07:00";"319";"Com vítima";"20,351";"BR-493/RJ";"Decrescente";"Colisão transversal";1;0;0;0;0;0;0;0;0;1;0;1;0;1;0
"31/10/2024";"07:22:00";"321";"Com vítima";"536,468";"BR-116/RJ";"Decrescente";"Colisão transversal";2;0;0;0;0;0;0;0;0;0;0;1;0;1;0
"01/11/2024";"02:45:00";"110";"Com vítima";"194,580";"BR-116/RJ";"Decrescente";"Choque";0;0;0;0;0;1;0;0;0;0;0;1;0;0;0
"01/11/2024";"03:24:00";"115";"Sem vítima";"170,000";"BR-116/RJ";"Decrescente";"Colisão lateral no mesmo sentido";1;0;0;1;0;0;0;0;0;0;2;0;0;0;0
"01/11/2024";"05:42:00";"144";"Com vítima";"15,830";"BR-465/RJ";"Decrescente";"Colisão lateral no mesmo sentido";1;0;0;1;0;0;0;0;0;0;0;3;0;0;0
"01/11/2024";"07:32:00";"157";"Com vítima";"199,000";"BR-116/RJ";"Decrescente";"Atropelamento de ciclista";1;1;0;0;0;0;0;0;0;0;0;3;0;0;0
"01/11/2024";"02:17:00";"228";"Sem vítima";"7,000";"BR-465/RJ";"Decrescente";"Colisão lateral no mesmo sentido";1;0;0;0;0;1;0;0;0;0;2;0;0;0;0
"01/11/2024";"03:48:00";"246";"Sem vítima";"171,500";"BR-116/RJ";"Crescente";"Colisão lateral no mesmo sentido";1;0;0;0;1;0;0;0;0;0;2;0;0;0;0
"01/11/2024";"04:16:00";"253";"Com vítima";"80,959";"BR-116/RJ";"Decrescente";"Colisão lateral no mesmo sentido";0;0;0;1;0;1;0;0;0;0;1;1;0;0;0
"01/11/2024";"04:23:00";"256";"Com vítima";"631,500";"BR-116/RJ";"Crescente";"Colisão frontal";1;0;0;1;0;0;0;0;0;0;0;1;1;0;0
"01/11/2024";"05:34:00";"275";"Com vítima";"93,050";"BR-493/RJ";"Crescente";"Colisão lateral no mesmo sentido";0;0;0;0;0;0;0;0;0;2;0;3;0;0;0
"01/11/2024";"06:34:00";"292";"Com vítima";"112,000";"BR-493/RJ";"Crescente";"Atropelamento de animal";1;0;0;0;0;0;0;0;0;0;0;1;0;0;0
"01/11/2024";"07:15:00";"303";"Com vítima";"13,700";"BR-465/RJ";"Decrescente";"Colisão transversal";0;0;0;0;0;2;0;0;0;0;0;2;0;0;0
"02/11/2024";"06:52:00";"140";"Com vítima";"132,000";"BR-116/RJ";"Decrescente";"Queda de moto";0;0;0;1;0;0;0;0;0;0;0;2;0;0;0
"02/11/2024";"11:58:00";"189";"Com vítima";"77,000";"BR-116/RJ";"Crescente";"Queda de moto";0;0;0;1;0;0;0;0;0;0;0;1;0;0;0
"02/11/2024";"03:05:00";"222";"Com vítima";"2,767";"BR-465/RJ";"Crescente";"Colisão frontal";2;0;0;0;0;0;0;0;0;0;1;1;0;0;0
"02/11/2024";"03:43:00";"232";"Com vítima";"674,000";"BR-116/RJ";"Crescente";"Queda de moto";0;0;0;1;0;0;1;0;0;0;0;2;0;0;0
"02/11/2024";"04:05:00";"244";"Com vítima";"659,000";"BR-116/RJ";"Crescente";"Choque";1;0;0;0;0;0;0;0;0;0;0;1;0;0;0
"02/11/2024";"06:10:00";"268";"Com vítima";"6,631";"BR-493/RJ";"Decrescente";"Queda de moto";0;0;0;1;0;0;0;0;0;0;0;2;0;0;0
"02/11/2024";"06:54:00";"277";"Com vítima";"615,900";"BR-116/RJ";"Decrescente";"Capotamento";1;0;0;0;0;0;0;0;0;0;0;1;0;0;0
"02/11/2024";"10:06:00";"51";"Com vítima";"189,956";"BR-116/RJ";"Decrescente";"Choque";1;0;0;0;0;0;0;0;0;0;0;1;0;0;0
"03/11/2024";"07:33:00";"99";"Com vítima";"105,000";"BR-116/RJ";"Crescente";"Queda de moto";0;0;0;1;0;0;0;0;0;0;0;0;1;0;0
"03/11/2024";"09:16:00";"118";"Com vítima";"14,050";"BR-465/RJ";"Crescente";"Atropelamento de ciclista";1;1;0;0;0;0;0;0;0;0;0;1;0;0;0
"03/11/2024";"11:21:00";"136";"Com vítima";"106,500";"BR-116/RJ";"Decrescente";"Colisão frontal";3;0;0;0;0;0;0;0;0;0;0;4;0;0;1
"03/11/2024";"11:38:00";"142";"Com vítima";"15,300";"BR-465/RJ";"Crescente";"Colisão traseira";0;0;0;2;0;0;0;0;0;0;0;1;1;0;0
"03/11/2024";"01:33:00";"168";"Com vítima";"145,637";"BR-116/RJ";"Decrescente";"Choque";1;0;0;0;0;0;0;0;0;0;0;2;0;0;0
"03/11/2024";"01:42:00";"171";"Com vítima";"626,059";"BR-116/RJ";"Crescente";"Choque";0;0;0;0;0;1;0;0;0;0;0;0;0;0;1
"03/11/2024";"02:23:00";"180";"Com vítima";"58,911";"BR-493/RJ";"Decrescente";"Queda de moto";0;0;0;1;0;0;0;0;0;0;0;1;0;0;1
"03/11/2024";"04:25:00";"195";"Com vítima";"14,000";"BR-465/RJ";"Crescente";"Queda de moto";0;0;0;1;0;0;0;0;0;0;0;0;1;0;0
"03/11/2024";"05:19:00";"210";"Sem vítima";"206,880";"BR-116/RJ";"Decrescente";"Saída de pista";1;0;0;0;0;0;0;0;0;0;1;0;0;0;0
"03/11/2024";"05:51:00";"214";"Com vítima";"2,000";"BR-493/RJ";"Decrescente";"Colisão lateral no mesmo sentido";1;0;0;0;0;0;0;0;0;1;0;2;0;0;0
"03/11/2024";"08:32:00";"236";"Com vítima";"138,486";"BR-116/RJ";"Decrescente";"Choque";1;0;0;0;0;0;0;0;0;0;0;9;1;0;0
"03/11/2024";"08:39:00";"239";"Com vítima";"20,000";"BR-493/RJ";"Crescente";"Colisão lateral no mesmo sentido";0;0;0;1;0;1;0;0;0;0;1;1;0;0;0
"03/11/2024";"09:50:00";"66";"Com vítima";"533,284";"BR-116/RJ";"Decrescente";"Saída de pista";1;0;0;0;0;0;0;0;0;0;0;1;0;0;0
"04/11/2024";"02:04:00";"119";"Sem vítima";"106,865";"BR-493/RJ";"Crescente";"Tombamento";0;0;0;0;0;1;0;0;0;0;1;0;0;0;0
"04/11/2024";"02:42:00";"121";"Com vítima";"147,000";"BR-116/RJ";"Crescente";"Atropelamento de ciclista";1;1;0;0;0;0;0;0;0;0;1;0;0;0;0
"04/11/2024";"03:24:00";"123";"Com vítima";"144,000";"BR-116/RJ";"Crescente";"Queda de moto";0;0;0;1;0;0;0;0;0;0;0;2;0;0;0
"04/11/2024";"05:20:00";"149";"Com vítima";"181,000";"BR-116/RJ";"Crescente";"Colisão traseira";0;0;0;2;0;0;0;0;0;0;1;1;1;0;0
"04/11/2024";"06:26:00";"170";"Com vítima";"185,000";"BR-116/RJ";"Decrescente";"Colisão traseira";2;0;0;0;0;0;0;0;0;0;0;5;0;0;0
"04/11/2024";"08:22:00";"193";"Com vítima";"188,000";"BR-116/RJ";"Decrescente";"Colisão lateral no mesmo sentido";1;0;0;1;0;0;0;0;0;0;0;2;0;0;0
"04/11/2024";"08:24:00";"194";"Com vítima";"521,000";"BR-116/RJ";"Decrescente";"Colisão lateral no mesmo sentido";1;0;0;1;0;0;0;0;0;0;1;2;0;0;0
"04/11/2024";"08:53:00";"202";"Com vítima";"776,000";"BR-116/RJ";"Decrescente";"Saída de pista";1;0;0;0;0;0;0;0;0;0;0;1;0;0;0
"04/11/2024";"09:02:00";"204";"Com vítima";"578,000";"BR-116/RJ";"Decrescente";"Colisão traseira";2;0;0;0;0;0;0;0;0;0;1;2;0;0;0
"04/11/2024";"12:37:00";"243";"Com vítima";"726,097";"BR-116/RJ";"Crescente";"Colisão lateral em sentido contrário";1;0;1;0;0;0;0;0;0;0;1;1;0;0;0
"04/11/2024";"12:43:00";"244";"Sem vítima";"527,000";"BR-116/RJ";"Decrescente";"Choque";1;0;0;0;0;0;0;0;0;0;1;0;0;0;0
"04/11/2024";"12:44:00";"245";"Com vítima";"178,000";"BR-116/RJ";"Crescente";"Choque";0;0;1;0;0;0;0;0;0;0;0;1;0;0;0
"04/11/2024";"01:12:00";"247";"Com vítima";"184,000";"BR-116/RJ";"Crescente";"Queda de moto";0;0;0;1;0;0;0;0;0;0;0;0;0;1;0
"04/11/2024";"02:12:00";"255";"Com vítima";"91,400";"BR-116/RJ";"Decrescente";"Choque";1;0;0;0;0;0;0;0;0;0;0;1;0;0;0
"04/11/2024";"04:03:00";"280";"Com vítima";"1,000";"BR-465/RJ";"Crescente";"Atropelamento de pedestre";1;0;0;0;0;0;0;0;0;0;1;0;1;0;0
"04/11/2024";"04:48:00";"291";"Com vítima";"475,698";"BR-116/RJ";"Crescente";"Queda de moto";0;0;0;1;0;0;0;0;0;0;0;1;0;0;0
"05/11/2024";"01:58:00";"120";"Com vítima";"176,200";"BR-116/RJ";"Crescente";"Choque";1;0;0;0;0;0;0;0;0;0;0;1;0;0;0
"05/11/2024";"04:13:00";"139";"Com vítima";"191,000";"BR-116/RJ";"Crescente";"Colisão lateral no mesmo sentido";1;0;1;0;0;0;0;0;0;0;0;2;0;0;0
"05/11/2024";"04:19:00";"140";"Com vítima";"686,000";"BR-116/RJ";"Crescente";"Choque";1;0;0;0;0;0;0;0;0;0;0;1;0;0;0
"05/11/2024";"05:25:00";"152";"Com vítima";"172,500";"BR-116/RJ";"Crescente";"Colisão lateral no mesmo sentido";1;0;0;1;0;0;0;0;0;0;0;3;0;0;0
"05/11/2024";"08:06:00";"188";"Com vítima";"555,000";"BR-116/RJ";"Crescente";"Saída de pista";1;0;0;0;0;0;0;0;0;0;0;1;0;0;0
"05/11/2024";"10:35:00";"226";"Com vítima";"641,000";"BR-116/RJ";"Decrescente";"Choque";1;0;0;0;0;0;0;0;0;0;0;1;0;0;0
"05/11/2024";"11:25:00";"232";"Com vítima";"81,834";"BR-493/RJ";"Decrescente";"Capotamento";1;0;0;0;0;0;0;0;0;0;0;1;0;0;0
"05/11/2024";"11:51:00";"236";"Sem vítima";"469,000";"BR-116/RJ";"Crescente";"Saída de pista";1;0;0;0;0;0;0;0;0;0;1;0;0;0;0
"05/11/2024";"01:13:00";"247";"Com vítima";"18,000";"BR-493/RJ";"Decrescente";"Colisão traseira";0;0;1;1;0;0;0;0;0;0;2;1;0;0;0
"05/11/2024";"01:31:00";"251";"Sem vítima";"764,724";"BR-116/RJ";"Crescente";"Colisão transversal";2;0;0;0;0;0;0;0;0;0;3;0;0;0;0
"05/11/2024";"02:35:00";"267";"Com vítima";"172,500";"BR-116/RJ";"Crescente";"Queda de moto";0;0;0;1;0;0;0;0;0;0;0;1;0;0;0
"05/11/2024";"03:42:00";"278";"Com vítima";"41,900";"BR-116/RJ";"Crescente";"Atropelamento de pedestre";0;0;0;1;0;0;0;0;0;0;0;1;0;1;0
"05/11/2024";"03:55:00";"284";"Com vítima";"454,218";"BR-116/RJ";"Decrescente";"Atropelamento de animal";1;0;0;0;0;0;0;0;0;0;1;0;0;0;0
"05/11/2024";"04:34:00";"293";"Com vítima";"64,779";"BR-116/RJ";"Decrescente";"Atropelamento de animal";2;0;0;0;0;0;0;0;0;0;2;2;0;0;0
"05/11/2024";"04:36:00";"294";"Com vítima";"522,230";"BR-116/RJ";"Crescente";"Atropelamento de pedestre";0;0;0;0;0;1;0;0;0;0;1;0;1;0;0
"05/11/2024";"04:47:00";"296";"Com vítima";"21,200";"BR-465/RJ";"Crescente";"Colisão lateral em sentido contrário";1;0;0;1;0;0;0;0;0;0;0;3;0;0;0
"05/11/2024";"06:55:00";"315";"Com vítima";"14,950";"BR-465/RJ";"Crescente";"Atropelamento de ciclista";0;1;0;0;0;1;0;0;0;0;1;0;0;0;0
"06/11/2024";"04:23:00";"131";"Com vítima";"172,452";"BR-116/RJ";"Decrescente";"Colisão lateral no mesmo sentido";0;0;0;1;0;1;0;0;0;0;0;1;1;0;1
"06/11/2024";"04:58:00";"137";"Com vítima";"86,000";"BR-116/RJ";"Crescente";"Colisão frontal";0;0;1;1;0;0;0;0;0;0;1;1;0;0;0
"06/11/2024";"06:56:00";"156";"Com vítima";"175,500";"BR-116/RJ";"Decrescente";"Colisão lateral no mesmo sentido";1;0;0;1;0;0;0;0;0;0;1;1;1;0;0
"06/11/2024";"07:11:00";"160";"Com vítima";"524,670";"BR-116/RJ";"Decrescente";"Queda de moto";0;0;0;1;0;0;0;0;0;0;0;0;1;0;0
"06/11/2024";"07:19:00";"162";"Sem vítima";"816,000";"BR-116/RJ";"Decrescente";"Colisão lateral no mesmo sentido";1;0;0;1;0;0;0;0;0;0;2;0;0;0;0
"06/11/2024";"09:11:00";"183";"Com vítima";"12,900";"BR-465/RJ";"Crescente";"Choque";1;0;0;0;0;0;0;0;0;0;0;2;0;0;0
"06/11/2024";"11:34:00";"216";"Com vítima";"185,500";"BR-116/RJ";"Decrescente";"Colisão traseira";2;0;0;0;0;0;0;0;0;0;0;4;0;0;0
"06/11/2024";"12:24:00";"224";"Sem vítima";"176,000";"BR-116/RJ";"Crescente";"Choque";0;0;0;0;0;0;0;0;0;1;1;0;0;0;0
"06/11/2024";"03:15:00";"257";"Com vítima";"173,000";"BR-116/RJ";"Decrescente";"Colisão traseira";2;0;0;0;0;0;0;0;0;0;0;3;0;0;0
"06/11/2024";"07:46:00";"302";"Com vítima";"457,888";"BR-116/RJ";"Decrescente";"Atropelamento de animal";1;0;0;0;0;0;0;0;0;0;1;0;0;0;0
"06/11/2024";"09:37:00";"23";"Com vítima";"177,814";"BR-116/RJ";"Crescente";"Choque";1;0;0;0;0;0;0;0;0;0;0;1;0;0;0
"07/11/2024";"01:05:00";"124";"Com vítima";"11,000";"BR-116/RJ";"Crescente";"Queda de moto";0;0;0;1;0;0;0;0;0;0;0;1;0;0;0
"07/11/2024";"03:11:00";"142";"Com vítima";"148,000";"BR-116/RJ";"Crescente";"Colisão lateral no mesmo sentido";0;0;0;2;0;0;0;0;0;0;0;2;0;0;0
"07/11/2024";"03:44:00";"146";"Com vítima";"118,000";"BR-116/RJ";"Decrescente";"Colisão lateral em sentido contrário";1;0;0;1;0;0;0;0;0;0;0;3;0;0;0
"07/11/2024";"03:50:00";"150";"Com vítima";"709,000";"BR-116/RJ";"Crescente";"Atropelamento de animal";1;0;0;0;0;0;0;0;0;0;0;1;0;0;0
"07/11/2024";"04:33:00";"157";"Com vítima";"144,000";"BR-116/RJ";"Crescente";"Colisão traseira";1;0;0;1;0;0;0;0;0;0;0;3;0;0;0
"07/11/2024";"05:07:00";"163";"Com vítima";"526,000";"BR-116/RJ";"Decrescente";"Colisão transversal";1;0;0;1;0;0;0;0;0;0;1;2;0;0;0
"07/11/2024";"05:32:00";"171";"Com vítima";"703,000";"BR-116/RJ";"Decrescente";"Colisão transversal";1;0;1;0;0;0;0;0;0;0;0;2;0;0;0
"07/11/2024";"06:59:00";"192";"Com vítima";"67,000";"BR-493/RJ";"Crescente";"Colisão lateral no mesmo sentido";1;0;1;0;0;0;0;0;0;0;0;2;0;0;0
"07/11/2024";"07:01:00";"193";"Com vítima";"685,950";"BR-116/RJ";"Crescente";"Colisão lateral em sentido contrário";1;0;1;0;0;0;0;0;0;0;0;1;0;0;1
"07/11/2024";"07:46:00";"200";"Com vítima";"461,000";"BR-116/RJ";"Crescente";"Saída de pista";1;0;0;0;0;0;0;0;0;0;0;1;0;0;0
"07/11/2024";"11:05:00";"233";"Com vítima";"173,000";"BR-116/RJ";"Crescente";"Choque";1;0;0;0;0;0;0;0;0;0;0;1;1;0;0
"07/11/2024";"11:20:00";"234";"Com vítima";"176,000";"BR-116/RJ";"Decrescente";"Queda de moto";0;0;0;1;0;0;0;0;0;0;0;1;0;0;0
"07/11/2024";"12:07:00";"244";"Com vítima";"146,000";"BR-116/RJ";"Decrescente";"Colisão traseira";0;0;1;0;0;0;0;0;0;1;0;2;0;0;0
"07/11/2024";"12:21:00";"246";"Com vítima";"130,000";"BR-116/RJ";"Crescente";"Queda de moto";0;0;0;1;0;0;0;0;0;0;0;2;0;0;0
"07/11/2024";"12:33:00";"251";"Com vítima";"84,000";"BR-116/RJ";"Crescente";"Queda de moto";0;0;0;1;0;0;0;0;0;0;0;2;0;0;0
"07/11/2024";"08:12:00";"337";"Com vítima";"114,351";"BR-116/RJ";"Crescente";"Choque";1;0;0;0;0;0;0;0;0;0;0;0;2;0;0
"08/11/2024";"12:00:00";"97";"Sem vítima";"465,523";"BR-116/RJ";"Crescente";"Choque";0;0;0;0;0;1;0;0;0;0;1;0;0;0;0
"08/11/2024";"05:30:00";"167";"Com vítima";"197,000";"BR-116/RJ";"Crescente";"Colisão traseira";1;0;0;0;0;1;0;0;0;0;1;1;0;0;0
"08/11/2024";"08:40:00";"209";"Com vítima";"111,000";"BR-116/RJ";"Crescente";"Colisão lateral no mesmo sentido";1;0;0;1;0;0;0;0;0;0;0;2;0;0;0
"08/11/2024";"09:21:00";"220";"Com vítima";"54,800";"BR-493/RJ";"Crescente";"Colisão lateral no mesmo sentido";2;0;0;0;0;0;0;0;0;0;1;1;0;0;0
"08/11/2024";"09:57:00";"231";"Com vítima";"537,000";"BR-116/RJ";"Crescente";"Colisão traseira";0;0;1;1;0;0;0;0;0;0;0;1;1;0;0
"08/11/2024";"11:34:00";"249";"Com vítima";"800,000";"BR-116/RJ";"Decrescente";"Queda de moto";0;0;0;1;0;0;0;0;0;0;0;1;0;0;0
"08/11/2024";"12:30:00";"262";"Com vítima";"184,000";"BR-116/RJ";"Decrescente";"Colisão lateral em sentido contrário";1;0;0;1;0;0;0;0;0;0;1;1;0;0;0
"08/11/2024";"12:52:00";"269";"Com vítima";"143,000";"BR-116/RJ";"Crescente";"Engavetamento";4;0;0;0;0;0;0;0;0;0;0;6;0;0;0
"08/11/2024";"01:25:00";"276";"Com vítima";"522,000";"BR-116/RJ";"Decrescente";"Colisão lateral no mesmo sentido";1;0;0;1;0;0;0;0;0;0;0;2;0;0;0
"08/11/2024";"01:45:00";"280";"Com vítima";"603,325";"BR-116/RJ";"Decrescente";"Engavetamento";3;0;0;0;0;0;0;0;0;0;0;3;0;0;0
"08/11/2024";"01:54:00";"282";"Com vítima";"536,000";"BR-116/RJ";"Decrescente";"Acidentes de outra natureza";0;0;0;1;0;0;0;0;0;0;0;1;0;0;0
"08/11/2024";"02:11:00";"284";"Com vítima";"13,000";"BR-465/RJ";"Crescente";"Colisão traseira";1;0;0;1;0;0;0;0;0;0;0;1;2;0;0
"08/11/2024";"02:36:00";"293";"Sem vítima";"78,769";"BR-493/RJ";"Crescente";"Choque";1;0;0;0;0;0;0;0;0;0;1;0;0;0;0
"08/11/2024";"02:37:00";"294";"Sem vítima";"57,269";"BR-493/RJ";"Crescente";"Queda de moto";0;0;0;1;0;0;0;0;0;0;1;0;0;0;0
"08/11/2024";"05:46:00";"338";"Sem vítima";"90,263";"BR-116/RJ";"Crescente";"Colisão lateral em sentido contrário";0;0;2;0;0;0;0;0;0;0;3;0;0;0;0
"08/11/2024";"07:57:00";"357";"Com vítima";"57,873";"BR-116/RJ";"Decrescente";"Choque";2;0;1;0;0;0;0;0;0;0;7;4;0;0;0
"09/11/2024";"01:01:00";"83";"Sem vítima";"197,832";"BR-116/RJ";"Crescente";"Choque";1;0;0;0;0;0;0;0;0;0;1;0;0;0;0
"09/11/2024";"08:31:00";"155";"Com vítima";"76,000";"BR-116/RJ";"Crescente";"Colisão traseira";1;0;1;0;0;0;0;0;0;1;0;4;0;0;0
"09/11/2024";"09:41:00";"167";"Sem vítima";"103,000";"BR-116/RJ";"Decrescente";"Choque";1;0;0;0;0;0;0;0;0;0;1;0;0;0;0
"09/11/2024";"10:21:00";"187";"Sem vítima";"97,500";"BR-116/RJ";"Decrescente";"Colisão lateral no mesmo sentido";0;0;2;0;0;0;0;0;0;0;2;0;0;0;0
"09/11/2024";"12:07:00";"191";"Com vítima";"441,000";"BR-116/RJ";"Decrescente";"Saída de pista";1;0;0;0;0;0;0;0;0;0;0;0;3;0;0
"09/11/2024";"02:36:00";"219";"Com vítima";"415,000";"BR-116/RJ";"Decrescente";"Colisão traseira";1;0;0;1;0;0;0;0;0;0;1;0;1;0;0
"09/11/2024";"05:02:00";"249";"Sem vítima";"48,100";"BR-493/RJ";"Decrescente";"Choque";1;0;0;0;0;0;0;0;0;0;1;0;0;0;0
"09/11/2024";"06:26:00";"263";"Sem vítima";"634,200";"BR-116/RJ";"Crescente";"Capotamento";1;0;0;0;0;0;0;0;0;0;1;0;0;0;0
"09/11/2024";"06:36:00";"266";"Com vítima";"575,000";"BR-116/RJ";"Decrescente";"Saída de pista";1;0;0;0;0;0;0;0;0;0;0;2;0;0;0
"09/11/2024";"08:47:00";"275";"Com vítima";"21,961";"BR-493/RJ";"Decrescente";"Capotamento";1;0;0;0;0;0;0;0;0;0;1;0;1;0;0
"09/11/2024";"09:33:00";"19";"Com vítima";"714,628";"BR-116/RJ";"Crescente";"Choque";1;0;0;0;0;0;0;0;0;0;0;1;0;0;0
"09/11/2024";"10:29:00";"23";"Com vítima";"184,500";"BR-116/RJ";"Crescente";"Colisão traseira";2;0;0;0;0;1;0;0;0;0;2;1;0;0;0
"10/11/2024";"01:57:00";"49";"Com vítima";"144,396";"BR-116/RJ";"Crescente";"Atropelamento de animal";1;0;0;0;0;0;0;0;0;0;1;0;0;0;0
"10/11/2024";"02:23:00";"52";"Com vítima";"20,500";"BR-465/RJ";"Decrescente";"Colisão frontal";2;0;0;0;0;0;0;0;0;0;0;3;0;0;0
"10/11/2024";"05:15:00";"74";"Com vítima";"6,000";"BR-493/RJ";"Crescente";"Queda de moto";1;0;0;0;0;0;0;0;0;0;0;1;0;0;0
"10/11/2024";"06:51:00";"90";"Com vítima";"557,000";"BR-116/RJ";"Decrescente";"Choque";1;0;0;0;0;0;0;0;0;0;0;0;1;0;0
"10/11/2024";"09:37:00";"119";"Com vítima";"776,414";"BR-116/RJ";"Crescente";"Tombamento";0;0;0;0;0;1;0;0;0;0;0;1;0;0;0
"10/11/2024";"09:55:00";"123";"Com vítima";"101,000";"BR-116/RJ";"Decrescente";"Queda de moto";0;0;0;1;0;0;0;0;0;0;0;1;0;0;0
"10/11/2024";"11:53:00";"142";"Com vítima";"171,697";"BR-116/RJ";"Decrescente";"Colisão traseira";1;0;0;1;0;0;0;0;0;0;0;2;1;0;0
"10/11/2024";"12:57:00";"156";"Com vítima";"35,551";"BR-116/RJ";"Crescente";"Colisão transversal";2;0;0;0;0;0;0;0;0;0;0;5;0;1;0
"10/11/2024";"04:45:00";"202";"Com vítima";"22,217";"BR-493/RJ";"Crescente";"Colisão frontal";2;0;0;0;0;0;0;0;0;0;0;0;0;1;1