data;horario;n_da_ocorrencia;tipo_de_ocorrencia;km;trecho;sentido;tipo_de_acidente;automovel;bicicleta;caminhao;moto;onibus;outros;tracao_animal;transporte_de_cargas_especiais;trator_maquinas;utilitarios;ilesos;levemente_feridos;moderadamente_feridos;gravemente_feridos;mortos
"10/11/2024";"05:45:00";"212";"Sem vítima";"528,000";"BR-116/RJ";"Crescente";"Choque";1;0;0;0;0;0;0;0;0;0;3;0;0;0;0
"10/11/2024";"08:47:00";"230";"Com vítima";"173,550";"BR-116/RJ";"Crescente";"Colisão traseira";1;0;0;1;0;0;0;0;0;0;0;0;1;1;0
"11/11/2024";"01:02:00";"80";"Com vítima";"813,000";"BR-116/RJ";"Crescente";"Choque";1;0;0;0;0;0;0;0;0;0;0;1;0;0;0
"11/11/2024";"01:57:00";"115";"Com vítima";"649,000";"BR-116/RJ";"Crescente";"Choque";1;0;0;0;0;0;0;0;0;0;0;2;0;0;0
"11/11/2024";"03:13:00";"125";"Com vítima";"174,000";"BR-116/RJ";"Decrescente";"Colisão lateral no mesmo sentido";1;0;0;1;0;0;0;0;0;0;0;2;0;0;0
"11/11/2024";"03:37:00";"128";"Com vítima";"532,000";"BR-116/RJ";"Crescente";"Choque";1;0;0;0;0;0;0;0;0;0;0;0;1;0;0
"11/11/2024";"04:12:00";"138";"Com vítima";"414,000";"BR-116/RJ";"Crescente";"Colisão transversal";1;0;0;1;0;0;0;0;0;0;0;2;0;0;0
"11/11/2024";"04:45:00";"143";"Com vítima";"203,000";"BR-116/RJ";"Crescente";"Colisão lateral no mesmo sentido";2;0;0;0;0;0;0;0;0;0;0;2;0;0;0
"11/11/2024";"05:22:00";"154";"Com vítima";"143,000";"BR-116/RJ";"Decrescente";"Colisão traseira";1;0;1;0;0;0;0;0;0;0;1;1;0;0;0
"11/11/2024";"07:01:00";"172";"Com vítima";"688,000";"BR-116/RJ";"Decrescente";"Choque";0;0;0;0;0;1;0;0;0;0;0;2;0;0;0
"11/11/2024";"01:58:00";"262";"Com vítima";"144,000";"BR-116/RJ";"Crescente";"Colisão lateral no mesmo sentido";1;0;0;1;0;0;0;0;0;0;0;4;0;0;0
"11/11/2024";"04:13:00";"285";"Com vítima";"758,586";"BR-116/RJ";"Crescente";"Queda de moto";0;0;0;1;0;0;0;0;0;0;0;0;1;0;0
"11/11/2024";"09:12:00";"9";"Com vítima";"634,010";"BR-116/RJ";"Crescente";"Tombamento";0;0;0;0;0;1;0;0;0;0;0;0;1;0;0
"11/11/2024";"11:04:00";"78";"Sem vítima";"660,590";"BR-116/RJ";"Decrescente";"Atropelamento de animal";1;0;0;0;0;0;0;0;0;0;3;0;0;0;0
"12/11/2024";"03:25:00";"150";"Com vítima";"170,000";"BR-116/RJ";"Crescente";"Colisão traseira";1;0;0;1;0;0;0;0;0;0;1;1;0;0;0
"12/11/2024";"04:28:00";"162";"Com vítima";"182,000";"BR-116/RJ";"Decrescente";"Colisão traseira";2;0;0;0;0;0;0;0;0;0;0;5;0;0;0
"12/11/2024";"06:42:00";"191";"Com vítima";"20,612";"BR-493/RJ";"Decrescente";"Colisão transversal";1;0;0;0;0;1;0;0;0;0;0;1;2;0;0
"12/11/2024";"01:55:00";"273";"Com vítima";"6,000";"BR-465/RJ";"Decrescente";"Choque";1;0;0;0;0;0;0;0;0;0;0;1;0;0;0
"12/11/2024";"01:58:00";"275";"Com vítima";"574,000";"BR-116/RJ";"Decrescente";"Choque";1;0;0;0;0;0;0;0;0;0;0;1;0;0;0
"12/11/2024";"02:07:00";"277";"Com vítima";"102,000";"BR-493/RJ";"Crescente";"Saída de pista";1;0;0;0;0;0;0;0;0;0;0;2;0;0;0
"12/11/2024";"02:51:00";"283";"Com vítima";"780,130";"BR-116/RJ";"Crescente";"Choque";0;0;0;0;0;0;0;0;0;1;1;3;0;0;0
"12/11/2024";"05:24:00";"320";"Com vítima";"177,000";"BR-116/RJ";"Crescente";"Queda de moto";0;0;0;1;0;0;0;0;0;0;0;2;0;0;0
"12/11/2024";"06:23:00";"325";"Com vítima";"20,500";"BR-493/RJ";"Decrescente";"Colisão frontal";1;0;1;0;0;0;0;0;0;0;0;2;0;0;0
"12/11/2024";"07:56:00";"337";"Com vítima";"94,300";"BR-116/RJ";"Decrescente";"Choque";1;0;0;0;0;0;0;0;0;0;0;3;0;0;0
"12/11/2024";"11:45:00";"15";"Sem vítima";"12,000";"BR-493/RJ";"Crescente";"Saída de pista";1;0;0;0;0;0;0;0;0;0;1;0;0;0;0
"13/11/2024";"01:58:00";"20";"Com vítima";"74,000";"BR-493/RJ";"Crescente";"Queda de moto";0;0;0;1;0;0;0;0;0;0;0;0;1;0;0
"13/11/2024";"06:01:00";"60";"Com vítima";"690,000";"BR-116/RJ";"Crescente";"Colisão transversal";2;0;0;0;0;0;0;0;0;0;0;2;0;0;0
"13/11/2024";"06:39:00";"69";"Com vítima";"71,000";"BR-493/RJ";"Crescente";"Saída de pista";0;0;1;0;0;0;0;0;0;0;0;2;0;0;0
"13/11/2024";"09:54:00";"101";"Sem vítima";"186,423";"BR-116/RJ";"Crescente";"Colisão traseira";2;0;0;0;0;0;0;0;0;0;3;0;0;0;0
"13/11/2024";"10:32:00";"105";"Com vítima";"23,000";"BR-493/RJ";"Decrescente";"Colisão traseira";1;0;1;0;0;0;0;0;0;0;0;2;0;0;0
"13/11/2024";"10:57:00";"110";"Com vítima";"22,000";"BR-493/RJ";"Decrescente";"Colisão traseira";0;0;0;0;0;2;0;0;0;0;0;2;0;0;0
"13/11/2024";"02:00:00";"145";"Com vítima";"413,000";"BR-116/RJ";"Decrescente";"Colisão lateral no mesmo sentido";1;0;0;0;1;0;0;0;0;0;2;2;0;0;0
"13/11/2024";"02:31:00";"151";"Com vítima";"179,506";"BR-116/RJ";"Crescente";"Queda de moto";1;0;0;0;0;0;0;0;0;0;0;2;0;0;0
"13/11/2024";"02:38:00";"154";"Sem vítima";"184,000";"BR-116/RJ";"Crescente";"Colisão traseira";2;0;0;0;0;0;0;0;0;0;3;0;0;0;0
"13/11/2024";"04:34:00";"172";"Sem vítima";"520,000";"BR-116/RJ";"Crescente";"Colisão lateral no mesmo sentido";1;0;0;0;0;0;0;0;0;0;1;0;0;0;0
"13/11/2024";"06:46:00";"191";"Com vítima";"144,000";"BR-116/RJ";"Decrescente";"Engavetamento";1;0;0;0;0;2;0;0;0;0;1;4;0;0;0
"13/11/2024";"07:37:00";"198";"Com vítima";"102,000";"BR-116/RJ";"Decrescente";"Saída de pista";1;0;0;0;0;0;0;0;0;0;1;2;0;0;0
"13/11/2024";"11:11:00";"88";"Sem vítima";"412,400";"BR-116/RJ";"Crescente";"Choque";1;0;0;0;0;0;0;0;0;0;1;0;0;0;0
"14/11/2024";"12:52:00";"120";"Com vítima";"178,591";"BR-116/RJ";"Decrescente";"Colisão traseira";2;0;0;1;0;0;0;0;0;0;2;0;1;0;0
"14/11/2024";"03:08:00";"130";"Com vítima";"196,000";"BR-116/RJ";"Crescente";"Queda de moto";0;0;0;1;0;0;0;0;0;0;0;1;0;0;0
"14/11/2024";"06:49:00";"168";"Com vítima";"6,000";"BR-493/RJ";"Crescente";"Engavetamento";2;0;1;0;0;0;0;0;0;0;0;3;0;0;0
"14/11/2024";"10:50:00";"225";"Com vítima";"22,000";"BR-465/RJ";"Crescente";"Colisão traseira";0;0;1;1;0;0;0;0;0;0;0;1;1;0;0
"14/11/2024";"12:04:00";"236";"Sem vítima";"139,000";"BR-116/RJ";"Crescente";"Colisão traseira";2;0;0;0;0;0;0;0;0;0;3;0;0;0;0
"14/11/2024";"01:26:00";"254";"Com vítima";"60,000";"BR-116/RJ";"Decrescente";"Saída de pista";1;0;0;0;0;0;0;0;0;0;0;1;0;0;0
"14/11/2024";"02:36:00";"268";"Com vítima";"101,000";"BR-116/RJ";"Crescente";"Queda de moto";0;0;0;1;0;0;0;0;0;0;0;1;0;0;0
"14/11/2024";"03:06:00";"272";"Com vítima";"622,559";"BR-116/RJ";"Decrescente";"Colisão transversal";2;0;0;0;0;0;0;0;0;0;0;4;1;0;0
"14/11/2024";"03:09:00";"274";"Com vítima";"192,233";"BR-116/RJ";"Decrescente";"Colisão lateral no mesmo sentido";1;0;0;1;0;0;0;0;0;0;1;1;0;0;0
"14/11/2024";"03:20:00";"276";"Com vítima";"99,450";"BR-116/RJ";"Crescente";"Engavetamento";4;0;1;0;0;0;0;0;0;0;1;11;0;0;0
"14/11/2024";"03:30:00";"277";"Sem vítima";"412,000";"BR-116/RJ";"Decrescente";"Colisão traseira";2;0;0;0;0;0;0;0;0;0;2;0;0;0;0
"14/11/2024";"04:12:00";"284";"Sem vítima";"412,200";"BR-116/RJ";"Decrescente";"Colisão traseira";2;0;0;0;0;0;0;0;0;0;2;0;0;0;0
"14/11/2024";"04:45:00";"288";"Com vítima";"199,147";"BR-116/RJ";"Crescente";"Atropelamento de pedestre";0;0;0;0;0;0;0;0;0;1;1;0;1;0;0
"14/11/2024";"05:49:00";"303";"Com vítima";"105,000";"BR-493/RJ";"Decrescente";"Colisão lateral no mesmo sentido";1;0;0;0;0;1;0;0;0;0;2;1;0;0;0
"14/11/2024";"08:46:00";"335";"Com vítima";"113,000";"BR-116/RJ";"Decrescente";"Queda de moto";0;0;0;1;0;0;0;0;0;0;0;1;0;1;0
"14/11/2024";"09:22:00";"45";"Com vítima";"207,145";"BR-116/RJ";"Crescente";"Colisão traseira";0;0;0;0;2;0;0;0;0;0;43;6;0;0;0
"14/11/2024";"09:41:00";"53";"Sem vítima";"196,917";"BR-116/RJ";"Crescente";"Choque";1;0;0;0;0;0;0;0;0;0;1;0;0;0;0
"14/11/2024";"09:42:00";"54";"Com vítima";"599,000";"BR-116/RJ";"Crescente";"Atropelamento de animal";1;0;0;0;0;0;0;0;0;0;0;2;0;0;0
"15/11/2024";"12:08:00";"96";"Sem vítima";"599,000";"BR-116/RJ";"Crescente";"Atropelamento de animal";1;0;0;0;0;0;0;0;0;0;1;0;0;0;0
"15/11/2024";"01:05:00";"98";"Sem vítima";"130,000";"BR-116/RJ";"Crescente";"Choque";0;0;0;0;0;0;0;0;0;1;1;0;0;0;0
"15/11/2024";"01:14:00";"99";"Com vítima";"503,429";"BR-116/RJ";"Crescente";"Capotamento";1;0;0;0;0;0;0;0;0;0;0;5;0;0;0
"15/11/2024";"02:18:00";"102";"Com vítima";"105,000";"BR-116/RJ";"Decrescente";"Tombamento";0;0;1;0;0;0;0;0;0;0;0;2;0;0;0
"15/11/2024";"02:35:00";"103";"Sem vítima";"789,000";"BR-116/RJ";"Crescente";"Choque";1;0;0;0;0;0;0;0;0;0;1;0;0;0;0
"15/11/2024";"04:05:00";"112";"Com vítima";"776,500";"BR-116/RJ";"Decrescente";"Colisão transversal";1;0;0;0;0;1;0;0;0;0;1;0;0;0;1
"15/11/2024";"04:10:00";"114";"Com vítima";"715,000";"BR-116/RJ";"Decrescente";"Choque";1;0;0;0;0;0;0;0;0;0;0;4;0;0;0
"15/11/2024";"04:20:00";"116";"Com vítima";"98,000";"BR-116/RJ";"Decrescente";"Choque";1;0;0;0;0;0;0;0;0;0;0;1;0;0;0
"15/11/2024";"04:31:00";"120";"Com vítima";"102,000";"BR-116/RJ";"Crescente";"Choque";1;0;0;0;0;0;0;0;0;0;0;1;0;0;0
"15/11/2024";"04:47:00";"123";"Com vítima";"9,000";"BR-493/RJ";"Decrescente";"Colisão traseira";2;0;0;0;0;0;0;0;0;0;0;2;0;0;0
"15/11/2024";"06:58:00";"145";"Com vítima";"181,000";"BR-116/RJ";"Crescente";"Colisão traseira";2;0;0;0;0;0;0;0;0;0;0;4;0;0;0
"15/11/2024";"07:26:00";"147";"Com vítima";"22,000";"BR-493/RJ";"Decrescente";"Colisão lateral em sentido contrário";1;0;1;0;0;0;0;0;0;0;0;5;0;0;0
"15/11/2024";"07:39:00";"152";"Com vítima";"73,000";"BR-493/RJ";"Crescente";"Colisão traseira";0;0;2;0;0;0;0;0;0;0;0;2;0;0;0
"15/11/2024";"09:00:00";"170";"Com vítima";"213,000";"BR-116/RJ";"Crescente";"Colisão traseira";2;0;0;0;0;0;0;0;0;0;0;2;0;0;0
"15/11/2024";"09:42:00";"179";"Com vítima";"212,000";"BR-116/RJ";"Crescente";"Colisão lateral no mesmo sentido";1;0;0;0;0;1;0;0;0;0;0;2;0;0;0
"15/11/2024";"10:25:00";"190";"Com vítima";"676,000";"BR-116/RJ";"Decrescente";"Colisão traseira";0;0;0;1;0;0;0;0;0;1;1;1;0;0;0
"15/11/2024";"10:31:00";"192";"Com vítima";"185,000";"BR-116/RJ";"Crescente";"Colisão traseira";2;0;0;0;0;0;0;0;0;0;0;3;0;0;0
"15/11/2024";"10:32:00";"193";"Com vítima";"146,000";"BR-116/RJ";"Decrescente";"Queda de moto";0;0;0;1;0;0;0;0;0;0;0;2;0;0;0
"15/11/2024";"10:41:00";"196";"Com vítima";"812,500";"BR-116/RJ";"Decrescente";"Colisão lateral no mesmo sentido";1;0;0;0;0;1;0;0;0;0;0;3;0;0;0
"15/11/2024";"12:00:00";"205";"Com vítima";"146,000";"BR-116/RJ";"Decrescente";"Colisão traseira";1;0;0;1;0;0;0;0;0;0;1;1;0;0;0
"15/11/2024";"01:00:00";"214";"Com vítima";"198,000";"BR-116/RJ";"Crescente";"Capotamento";1;0;0;0;0;0;0;0;0;0;0;2;0;0;0
"15/11/2024";"02:29:00";"237";"Com vítima";"173,000";"BR-116/RJ";"Decrescente";"Colisão traseira";1;0;0;1;0;0;0;0;0;0;2;1;0;0;0
"15/11/2024";"03:45:00";"252";"Com vítima";"19,599";"BR-465/RJ";"Crescente";"Capotamento";1;0;0;0;0;0;0;0;0;0;0;1;0;0;0
"15/11/2024";"04:12:00";"255";"Com vítima";"699,633";"BR-116/RJ";"Decrescente";"Colisão traseira";2;0;0;0;0;0;0;0;0;0;0;5;0;0;0
"15/11/2024";"06:36:00";"276";"Com vítima";"69,000";"BR-116/RJ";"Decrescente";"Atropelamento de pedestre";0;0;0;0;0;1;0;0;0;0;1;0;0;1;0
"15/11/2024";"08:49:00";"286";"Com vítima";"1,300";"BR-493/RJ";"Crescente";"Colisão frontal";0;0;0;1;0;1;0;0;0;0;1;0;1;0;0
"16/11/2024";"12:41:00";"54";"Com vítima";"454,935";"BR-116/RJ";"Decrescente";"Queda de moto";0;0;0;1;0;0;0;0;0;0;0;0;0;1;0
"16/11/2024";"02:01:00";"68";"Sem vítima";"628,761";"BR-116/RJ";"Decrescente";"Choque";2;0;0;0;0;0;0;0;0;0;2;0;0;0;0
"16/11/2024";"02:16:00";"70";"Com vítima";"130,000";"BR-116/RJ";"Crescente";"Choque";1;0;0;0;0;0;0;0;0;0;0;1;0;0;0
"16/11/2024";"04:26:00";"80";"Com vítima";"133,000";"BR-116/RJ";"Decrescente";"Colisão traseira";0;0;1;0;0;1;0;0;0;0;0;2;0;0;0
"16/11/2024";"05:14:00";"87";"Com vítima";"133,000";"BR-116/RJ";"Decrescente";"Queda de moto";0;0;0;1;0;0;0;0;0;0;0;1;0;0;0
"16/11/2024";"05:57:00";"95";"Com vítima";"603,000";"BR-116/RJ";"Crescente";"Atropelamento de ciclista";0;1;0;1;0;0;0;0;0;0;0;1;0;0;0
"16/11/2024";"10:08:00";"132";"Com vítima";"130,000";"BR-116/RJ";"Decrescente";"Saída de pista";1;0;0;0;0;0;0;0;0;0;0;2;0;0;0
"16/11/2024";"11:12:00";"142";"Com vítima";"195,000";"BR-116/RJ";"Crescente";"Capotamento";1;0;0;0;0;0;0;0;0;0;0;4;0;0;0
"16/11/2024";"11:14:00";"143";"Com vítima";"780,000";"BR-116/RJ";"Decrescente";"Saída de pista";1;0;0;0;0;0;0;0;0;0;0;1;0;0;0
"16/11/2024";"11:30:00";"144";"Com vítima";"780,000";"BR-116/RJ";"Decrescente";"Saída de pista";1;0;0;0;0;0;0;0;0;0;0;3;0;0;0
"16/11/2024";"11:52:00";"149";"Com vítima";"697,000";"BR-116/RJ";"Decrescente";"Choque";1;0;0;0;0;0;0;0;0;0;0;1;0;0;0
"16/11/2024";"11:59:00";"151";"Sem vítima";"176,000";"BR-116/RJ";"Decrescente";"Choque";0;0;0;0;0;1;0;0;0;0;1;0;0;0;0
"16/11/2024";"01:08:00";"161";"Com vítima";"648,000";"BR-116/RJ";"Crescente";"Queda de moto";0;0;0;1;0;0;0;0;0;0;0;0;1;0;0
"16/11/2024";"02:08:00";"172";"Com vítima";"103,000";"BR-116/RJ";"Decrescente";"Choque";1;0;0;0;0;0;0;0;0;0;0;2;0;0;0
"16/11/2024";"04:29:00";"189";"Com vítima";"691,584";"BR-116/RJ";"Decrescente";"Colisão lateral em sentido contrário";2;0;0;0;0;0;0;0;0;0;0;2;0;0;0
"16/11/2024";"06:18:00";"210";"Com vítima";"148,000";"BR-116/RJ";"Decrescente";"Choque";1;0;0;0;0;0;0;0;0;0;0;1;0;0;0
"16/11/2024";"06:30:00";"212";"Com vítima";"82,000";"BR-116/RJ";"Decrescente";"Queda de moto";0;0;0;1;0;0;0;0;0;0;0;1;1;0;0
"16/11/2024";"08:52:00";"226";"Sem vítima";"576,064";"BR-116/RJ";"Decrescente";"Choque";1;0;0;0;0;0;0;0;0;0;1;0;0;0;0
"16/11/2024";"08:58:00";"227";"Com vítima";"636,110";"BR-116/RJ";"Crescente";"Saída de pista";0;0;0;1;0;0;0;0;0;0;0;1;0;0;0
"16/11/2024";"09:05:00";"1";"Com vítima";"192,000";"BR-116/RJ";"Crescente";"Colisão traseira";2;0;0;0;0;0;0;0;0;0;1;2;0;0;0
"17/11/2024";"12:51:00";"35";"Sem vítima";"3,000";"BR-493/RJ";"Decrescente";"Saída de pista";1;0;0;0;0;0;0;0;0;0;1;0;0;0;0
"17/11/2024";"03:01:00";"43";"Com vítima";"129,000";"BR-116/RJ";"Crescente";"Choque";1;0;0;0;0;0;0;0;0;0;4;1;0;0;0
"17/11/2024";"05:12:00";"61";"Com vítima";"172,000";"BR-116/RJ";"Crescente";"Colisão traseira";0;0;0;1;1;0;0;0;0;0;0;2;0;0;0
"17/11/2024";"05:21:00";"62";"Com vítima";"503,000";"BR-116/RJ";"Crescente";"Saída de pista";1;0;0;0;0;0;0;0;0;0;0;1;0;0;0
"17/11/2024";"10:15:00";"107";"Com vítima";"84,000";"BR-116/RJ";"Decrescente";"Colisão traseira";1;0;0;1;0;0;0;0;0;0;0;2;0;0;0
"17/11/2024";"12:19:00";"127";"Com vítima";"104,000";"BR-116/RJ";"Decrescente";"Saída de pista";1;0;0;0;0;0;0;0;0;0;0;2;0;0;0
"17/11/2024";"12:27:00";"130";"Com vítima";"104,000";"BR-116/RJ";"Decrescente";"Queda de moto";0;0;0;1;0;0;0;0;0;0;0;2;0;0;0
"17/11/2024";"02:50:00";"162";"Com vítima";"189,000";"BR-116/RJ";"Decrescente";"Engavetamento";3;0;0;0;0;0;0;0;0;0;0;4;0;0;0
"17/11/2024";"03:03:00";"164";"Com vítima";"195,722";"BR-116/RJ";"Decrescente";"Colisão traseira";2;0;0;0;1;0;0;0;0;0;44;3;0;0;0
"17/11/2024";"03:39:00";"174";"Com vítima";"410,000";"BR-116/RJ";"Crescente";"Colisão traseira";1;0;0;1;0;0;0;0;0;0;1;0;1;0;0
"17/11/2024";"03:40:00";"175";"Sem vítima";"22,000";"BR-493/RJ";"Decrescente";"Colisão lateral em sentido contrário";2;0;0;0;0;0;0;0;0;0;2;0;0;0;0
"17/11/2024";"03:43:00";"177";"Com vítima";"14,074";"BR-465/RJ";"Crescente";"Engavetamento";3;0;0;0;0;0;0;0;0;0;0;3;0;0;0
"17/11/2024";"04:24:00";"188";"Sem vítima";"673,850";"BR-116/RJ";"Decrescente";"Colisão transversal";2;0;0;0;0;0;0;0;0;0;2;0;0;0;0
"17/11/2024";"11:07:00";"46";"Com vítima";"811,000";"BR-116/RJ";"Decrescente";"Tombamento";0;0;1;0;0;0;0;0;0;0;0;2;0;0;0
"18/11/2024";"04:58:00";"116";"Sem vítima";"21,000";"BR-493/RJ";"Crescente";"Colisão lateral no mesmo sentido";1;0;0;0;0;1;0;0;0;0;2;0;0;0;0
"18/11/2024";"04:58:00";"117";"Com vítima";"187,000";"BR-116/RJ";"Decrescente";"Colisão traseira";1;0;0;1;0;0;0;0;0;0;1;3;0;0;0
"18/11/2024";"05:09:00";"120";"Com vítima";"22,000";"BR-493/RJ";"Decrescente";"Colisão traseira";0;0;0;0;1;1;0;0;0;0;1;1;0;0;0
"18/11/2024";"06:42:00";"143";"Com vítima";"174,000";"BR-116/RJ";"Decrescente";"Queda de moto";1;0;0;0;0;0;0;0;0;0;0;1;0;0;0
"18/11/2024";"07:33:00";"154";"Com vítima";"86,000";"BR-493/RJ";"Crescente";"Tombamento";1;0;0;0;0;0;0;0;0;0;0;1;0;0;0
"18/11/2024";"08:43:00";"171";"Com vítima";"175,000";"BR-116/RJ";"Crescente";"Queda de moto";1;0;0;1;0;0;0;0;0;0;1;2;0;0;0
"18/11/2024";"09:56:00";"202";"Com vítima";"148,000";"BR-116/RJ";"Crescente";"Queda de moto";0;0;0;1;0;0;0;0;0;0;0;2;0;0;0
"18/11/2024";"11:04:00";"213";"Com vítima";"91,000";"BR-493/RJ";"Decrescente";"Capotamento";1;0;0;0;0;0;0;0;0;0;0;1;0;0;0
"18/11/2024";"11:33:00";"219";"Sem vítima";"142,000";"BR-116/RJ";"Decrescente";"Colisão lateral no mesmo sentido";1;0;1;0;0;0;0;0;0;0;2;0;0;0;0
"18/11/2024";"12:22:00";"232";"Com vítima";"182,000";"BR-116/RJ";"Crescente";"Colisão traseira";1;0;0;0;0;0;0;0;0;1;1;1;0;0;0
"18/11/2024";"03:39:00";"277";"Com vítima";"527,000";"BR-116/RJ";"Crescente";"Colisão transversal";1;0;0;1;0;0;0;0;0;0;0;3;0;0;0
"18/11/2024";"04:18:00";"283";"Com vítima";"135,912";"BR-116/RJ";"Decrescente";"Colisão traseira";0;0;0;1;0;1;0;0;0;0;1;1;0;0;0
"18/11/2024";"04:25:00";"285";"Com vítima";"631,000";"BR-116/RJ";"Crescente";"Queda de moto";0;0;0;1;0;0;0;0;0;0;0;1;0;0;0
"18/11/2024";"06:15:00";"305";"Com vítima";"707,261";"BR-116/RJ";"Decrescente";"Atropelamento de ciclista";1;1;0;0;0;0;0;0;0;0;0;1;0;0;0
"18/11/2024";"08:41:00";"317";"Com vítima";"187,000";"BR-116/RJ";"Decrescente";"Queda de moto";0;0;0;1;0;0;0;0;0;0;0;1;1;0;0
"19/11/2024";"06:44:00";"189";"Com vítima";"770,000";"BR-116/RJ";"Decrescente";"Tombamento";0;0;1;0;0;0;0;0;0;0;0;3;0;0;0
"19/11/2024";"11:04:00";"240";"Sem vítima";"117,000";"BR-116/RJ";"Decrescente";"Colisão lateral no mesmo sentido";2;0;0;0;0;0;0;0;0;0;3;0;0;0;0
"19/11/2024";"01:33:00";"266";"Com vítima";"542,000";"BR-116/RJ";"Crescente";"Queda de moto";1;0;0;1;0;0;0;0;0;0;0;2;0;0;0
"19/11/2024";"02:55:00";"279";"Sem vítima";"182,000";"BR-116/RJ";"Crescente";"Colisão lateral no mesmo sentido";1;0;0;1;0;0;0;0;0;0;2;0;0;0;0
"19/11/2024";"05:11:00";"301";"Sem vítima";"57,000";"BR-493/RJ";"Decrescente";"Saída de pista";1;0;0;0;0;0;0;0;0;0;1;0;0;0;0
"19/11/2024";"06:51:00";"318";"Sem vítima";"176,500";"BR-116/RJ";"Decrescente";"Colisão traseira";1;0;0;0;0;0;0;0;0;1;2;0;0;0;0
"19/11/2024";"07:39:00";"328";"Com vítima";"213,000";"BR-116/RJ";"Decrescente";"Atropelamento de animal";1;0;0;0;0;0;0;0;0;0;1;0;0;0;0
"19/11/2024";"11:36:00";"95";"Sem vítima";"88,100";"BR-116/RJ";"Crescente";"Saída de pista";0;0;1;0;0;0;0;0;0;0;1;0;0;0;0
"20/11/2024";"05:08:00";"129";"Com vítima";"5,500";"BR-493/RJ";"Crescente";"Colisão traseira";2;0;0;0;0;0;0;0;0;0;0;2;0;0;0
"20/11/2024";"08:18:00";"167";"Com vítima";"177,000";"BR-116/RJ";"Crescente";"Colisão lateral no mesmo sentido";1;0;0;1;0;0;0;0;0;0;0;4;1;0;0
"20/11/2024";"08:50:00";"174";"Com vítima";"189,000";"BR-116/RJ";"Decrescente";"Choque";1;0;0;0;0;0;0;0;0;0;0;1;0;0;0
"20/11/2024";"10:08:00";"187";"Com vítima";"6,000";"BR-493/RJ";"Decrescente";"Colisão lateral em sentido contrário";1;0;0;1;0;0;0;0;0;0;1;0;1;0;0
"20/11/2024";"12:08:00";"210";"Com vítima";"422,000";"BR-116/RJ";"Crescente";"Choque";1;0;0;0;0;0;0;0;0;0;0;1;0;0;0
"20/11/2024";"03:46:00";"252";"Com vítima";"445,725";"BR-116/RJ";"Crescente";"Colisão traseira";1;0;0;0;0;1;0;0;0;0;1;4;1;0;0
"20/11/2024";"03:47:00";"253";"Com vítima";"9,000";"BR-465/RJ";"Crescente";"Colisão frontal";0;1;0;0;0;0;0;0;0;0;0;0;0;0;0
"20/11/2024";"06:03:00";"272";"Sem vítima";"102,000";"BR-493/RJ";"Decrescente";"Saída de pista";1;0;0;0;0;0;0;0;0;0;1;0;0;0;0
"20/11/2024";"07:09:00";"284";"Com vítima";"25,437";"BR-116/RJ";"Decrescente";"Tombamento";0;0;0;0;0;1;0;0;0;0;0;0;1;0;0
"20/11/2024";"07:49:00";"286";"Com vítima";"2,759";"BR-465/RJ";"Decrescente";"Tombamento";0;0;0;0;0;1;0;0;0;0;0;1;0;0;0
"20/11/2024";"10:27:00";"11";"Sem vítima";"191,000";"BR-116/RJ";"Decrescente";"Choque";1;0;0;0;0;0;0;0;0;0;4;0;0;0;0
"20/11/2024";"10:42:00";"13";"Sem vítima";"97,970";"BR-493/RJ";"Decrescente";"Capotamento";1;0;0;0;0;0;0;0;0;0;1;0;0;0;0
"20/11/2024";"11:36:00";"16";"Com vítima";"728,966";"BR-116/RJ";"Crescente";"Choque";1;0;0;0;0;0;0;0;0;0;0;1;0;0;0
"21/11/2024";"01:50:00";"22";"Com vítima";"173,000";"BR-116/RJ";"Decrescente";"Tombamento";0;0;0;0;0;0;0;0;0;1;0;2;0;0;0
"21/11/2024";"05:30:00";"50";"Com vítima";"96,000";"BR-493/RJ";"Crescente";"Capotamento";1;0;0;0;0;0;0;0;0;0;0;1;0;0;0
"21/11/2024";"05:30:00";"52";"Com vítima";"96,000";"BR-493/RJ";"Crescente";"Saída de pista";1;0;0;0;0;0;0;0;0;0;0;1;0;0;0
"21/11/2024";"06:10:00";"56";"Com vítima";"22,000";"BR-465/RJ";"Decrescente";"Colisão lateral no mesmo sentido";1;0;0;1;0;0;0;0;0;0;0;3;0;0;0