data;horario;n_da_ocorrencia;tipo_de_ocorrencia;km;trecho;sentido;tipo_de_acidente;automovel;bicicleta;caminhao;moto;onibus;outros;tracao_animal;transporte_de_cargas_especiais;trator_maquinas;utilitarios;ilesos;levemente_feridos;moderadamente_feridos;gravemente_feridos;mortos
"21/11/2024";"06:49:00";"66";"Com vítima";"69,132";"BR-493/RJ";"Decrescente";"Colisão lateral no mesmo sentido";1;0;0;0;0;1;0;0;0;0;0;2;0;0;0
"21/11/2024";"09:36:00";"92";"Com vítima";"3,000";"BR-465/RJ";"Decrescente";"Colisão lateral em sentido contrário";1;0;1;0;0;0;0;0;0;0;0;4;0;0;0
"21/11/2024";"11:00:00";"112";"Com vítima";"715,000";"BR-116/RJ";"Crescente";"Tombamento";0;0;0;0;0;1;0;0;0;0;0;0;1;0;0
"21/11/2024";"02:44:00";"156";"Sem vítima";"176,000";"BR-116/RJ";"Crescente";"Engavetamento";3;0;0;0;0;0;0;0;0;0;3;0;0;0;0
"21/11/2024";"02:49:00";"159";"Com vítima";"105,000";"BR-116/RJ";"Crescente";"Queda de moto";0;0;0;1;0;0;0;0;0;0;0;0;1;0;0
"21/11/2024";"05:13:00";"181";"Com vítima";"175,000";"BR-116/RJ";"Crescente";"Colisão traseira";2;0;0;0;0;0;0;0;0;0;0;4;0;0;0
"21/11/2024";"07:52:00";"208";"Com vítima";"176,459";"BR-116/RJ";"Decrescente";"Colisão traseira";1;0;0;0;1;0;0;0;0;0;0;5;0;0;0
"22/11/2024";"12:24:00";"80";"Com vítima";"97,000";"BR-116/RJ";"Crescente";"Choque";1;0;0;0;0;0;0;0;0;0;0;1;0;0;0
"22/11/2024";"02:37:00";"137";"Com vítima";"171,800";"BR-116/RJ";"Crescente";"Queda de moto";0;0;0;1;0;0;0;0;0;0;0;1;0;0;0
"22/11/2024";"02:41:00";"143";"Sem vítima";"37,000";"BR-116/RJ";"Crescente";"Colisão lateral no mesmo sentido";1;0;1;0;0;0;0;0;0;0;4;0;0;0;0
"22/11/2024";"04:53:00";"161";"Com vítima";"6,000";"BR-493/RJ";"Decrescente";"Colisão lateral no mesmo sentido";1;0;1;0;0;0;0;0;0;0;0;2;0;0;0
"22/11/2024";"05:07:00";"164";"Com vítima";"127,000";"BR-116/RJ";"Decrescente";"Colisão lateral no mesmo sentido";1;0;1;0;0;0;0;0;0;0;1;1;1;0;0
"22/11/2024";"05:16:00";"168";"Com vítima";"17,950";"BR-493/RJ";"Crescente";"Colisão frontal";2;0;0;0;0;0;0;0;0;0;0;3;1;0;0
"22/11/2024";"06:17:00";"178";"Sem vítima";"185,000";"BR-116/RJ";"Crescente";"Colisão traseira";2;0;0;0;0;0;0;0;0;0;5;0;0;0;0
"22/11/2024";"07:08:00";"190";"Com vítima";"143,000";"BR-116/RJ";"Crescente";"Queda de moto";0;0;0;1;0;0;0;0;0;0;0;1;1;0;0
"22/11/2024";"07:12:00";"191";"Com vítima";"525,000";"BR-116/RJ";"Decrescente";"Capotamento";1;0;0;0;0;0;0;0;0;0;0;0;1;0;0
"22/11/2024";"08:09:00";"212";"Com vítima";"525,500";"BR-116/RJ";"Crescente";"Colisão frontal";1;0;0;1;0;0;0;0;0;0;1;0;1;0;0
"22/11/2024";"09:21:00";"225";"Com vítima";"413,000";"BR-116/RJ";"Crescente";"Colisão traseira";1;0;1;0;0;0;0;0;0;0;0;2;0;0;0
"22/11/2024";"10:35:00";"237";"Com vítima";"765,000";"BR-116/RJ";"Decrescente";"Colisão transversal";1;0;0;0;0;0;0;0;0;1;0;3;0;0;0
"22/11/2024";"12:32:00";"267";"Com vítima";"780,144";"BR-116/RJ";"Decrescente";"Saída de pista";1;0;0;0;0;0;0;0;0;0;2;1;0;0;0
"22/11/2024";"02:24:00";"285";"Com vítima";"778,174";"BR-116/RJ";"Crescente";"Choque";1;0;0;0;0;0;0;0;0;0;0;1;0;0;0
"22/11/2024";"03:16:00";"291";"Com vítima";"412,661";"BR-116/RJ";"Decrescente";"Queda de moto";0;0;0;1;0;0;0;0;0;0;0;0;1;0;0
"22/11/2024";"03:48:00";"301";"Com vítima";"49,000";"BR-493/RJ";"Crescente";"Choque";0;0;0;0;0;1;0;0;0;0;0;1;0;0;0
"22/11/2024";"04:13:00";"310";"Com vítima";"148,000";"BR-116/RJ";"Crescente";"Colisão lateral no mesmo sentido";1;0;1;0;0;0;0;0;0;0;0;4;0;0;0
"22/11/2024";"05:52:00";"327";"Com vítima";"21,514";"BR-465/RJ";"Crescente";"Colisão lateral no mesmo sentido";1;0;0;1;0;0;0;0;0;0;1;1;0;0;0
"22/11/2024";"07:25:00";"338";"Com vítima";"143,000";"BR-116/RJ";"Crescente";"Choque";1;0;0;0;0;0;0;0;0;0;0;1;0;0;0
"22/11/2024";"07:28:00";"340";"Com vítima";"135,000";"BR-116/RJ";"Crescente";"Queda de moto";0;0;0;1;0;1;0;0;0;0;0;2;0;0;0
"22/11/2024";"09:30:00";"84";"Com vítima";"532,145";"BR-116/RJ";"Crescente";"Colisão frontal";2;0;0;0;0;0;0;0;0;0;0;1;0;1;0
"23/11/2024";"02:17:00";"101";"Com vítima";"6,300";"BR-116/RJ";"Crescente";"Tombamento";0;0;0;0;0;1;0;0;0;0;0;1;0;0;0
"23/11/2024";"02:53:00";"105";"Com vítima";"193,000";"BR-116/RJ";"Decrescente";"Colisão traseira";2;0;0;0;0;0;0;0;0;0;0;3;1;0;0
"23/11/2024";"04:28:00";"115";"Com vítima";"71,000";"BR-493/RJ";"Decrescente";"Saída de pista";1;0;0;0;0;0;0;0;0;0;0;1;0;0;0
"23/11/2024";"05:52:00";"134";"Com vítima";"547,000";"BR-116/RJ";"Decrescente";"Queda de moto";0;0;0;1;0;0;0;0;0;0;0;0;1;0;0
"23/11/2024";"06:05:00";"135";"Com vítima";"176,000";"BR-116/RJ";"Decrescente";"Queda de moto";0;0;0;1;0;0;0;0;0;0;0;1;0;0;0
"23/11/2024";"08:37:00";"163";"Com vítima";"99,000";"BR-116/RJ";"Crescente";"Colisão lateral em sentido contrário";2;0;0;0;0;0;0;0;0;0;1;2;0;0;0
"23/11/2024";"10:13:00";"178";"Com vítima";"30,000";"BR-116/RJ";"Crescente";"Choque";1;0;0;0;0;0;0;0;0;0;0;4;0;0;0
"23/11/2024";"01:28:00";"206";"Com vítima";"84,900";"BR-116/RJ";"Decrescente";"Capotamento";1;0;0;0;0;0;0;0;0;0;0;1;0;0;0
"23/11/2024";"02:15:00";"209";"Com vítima";"632,100";"BR-116/RJ";"Decrescente";"Capotamento";1;0;0;0;0;0;0;0;0;0;0;1;0;0;0
"23/11/2024";"02:31:00";"212";"Com vítima";"18,000";"BR-116/RJ";"Crescente";"Choque";1;0;0;0;0;0;0;0;0;0;0;4;0;0;0
"23/11/2024";"05:04:00";"236";"Com vítima";"606,973";"BR-116/RJ";"Crescente";"Colisão transversal";1;0;0;1;0;0;0;0;0;0;4;1;1;0;0
"23/11/2024";"08:23:00";"259";"Com vítima";"550,438";"BR-116/RJ";"Decrescente";"Colisão transversal";1;0;0;1;0;0;0;0;0;0;1;0;1;0;0
"23/11/2024";"09:13:00";"16";"Com vítima";"502,490";"BR-116/RJ";"Crescente";"Capotamento";1;0;0;0;0;0;0;0;0;0;0;1;1;0;0
"23/11/2024";"11:08:00";"21";"Com vítima";"494,754";"BR-116/RJ";"Crescente";"Queda de moto";0;0;0;1;0;0;0;0;0;0;0;1;0;0;0
"24/11/2024";"12:24:00";"25";"Sem vítima";"191,000";"BR-116/RJ";"Decrescente";"Colisão traseira";2;0;0;0;0;0;0;0;0;0;2;0;0;0;0
"24/11/2024";"08:22:00";"95";"Sem vítima";"176,000";"BR-116/RJ";"Crescente";"Choque";1;0;0;0;0;0;0;0;0;0;1;0;0;0;0
"24/11/2024";"09:32:00";"115";"Com vítima";"173,000";"BR-116/RJ";"Decrescente";"Atropelamento de animal";0;0;0;1;0;0;0;0;0;0;0;2;0;0;0
"24/11/2024";"02:58:00";"171";"Sem vítima";"178,600";"BR-116/RJ";"Crescente";"Colisão lateral no mesmo sentido";2;0;0;0;0;0;0;0;0;0;2;0;0;0;0
"24/11/2024";"03:21:00";"176";"Com vítima";"180,900";"BR-116/RJ";"Crescente";"Queda de moto";0;0;0;1;0;0;0;0;0;0;0;2;0;0;0
"24/11/2024";"03:38:00";"178";"Com vítima";"409,000";"BR-116/RJ";"Decrescente";"Queda de moto";0;0;0;1;0;0;0;0;0;0;0;0;1;0;0
"24/11/2024";"03:49:00";"181";"Com vítima";"93,000";"BR-116/RJ";"Crescente";"Colisão transversal";2;0;0;0;0;0;0;0;0;0;0;7;0;0;0
"24/11/2024";"06:24:00";"202";"Com vítima";"417,900";"BR-116/RJ";"Decrescente";"Colisão transversal";1;0;0;1;0;0;0;0;0;0;0;1;1;0;0
"24/11/2024";"06:28:00";"203";"Com vítima";"199,000";"BR-116/RJ";"Decrescente";"Capotamento";1;0;0;0;0;0;0;0;0;0;0;2;0;0;0
"24/11/2024";"06:37:00";"206";"Com vítima";"2,000";"BR-493/RJ";"Crescente";"Queda de moto";0;0;0;1;0;0;0;0;0;0;0;1;0;0;0
"24/11/2024";"08:39:00";"223";"Com vítima";"454,000";"BR-116/RJ";"Decrescente";"Colisão lateral no mesmo sentido";0;0;0;2;0;0;0;0;0;0;0;0;2;0;0
"25/11/2024";"04:29:00";"93";"Com vítima";"144,000";"BR-116/RJ";"Decrescente";"Colisão traseira";2;0;0;0;0;0;0;0;0;0;0;2;0;0;0
"25/11/2024";"04:35:00";"95";"Sem vítima";"148,000";"BR-116/RJ";"Crescente";"Colisão traseira";2;0;0;0;0;0;0;0;0;0;2;0;0;0;0
"25/11/2024";"04:38:00";"96";"Com vítima";"412,000";"BR-116/RJ";"Decrescente";"Engavetamento";2;0;0;1;0;0;0;0;0;0;0;3;0;0;0
"25/11/2024";"04:55:00";"101";"Com vítima";"185,000";"BR-116/RJ";"Decrescente";"Colisão traseira";1;0;0;1;0;0;0;0;0;0;0;2;0;0;0
"25/11/2024";"01:27:00";"194";"Com vítima";"703,220";"BR-116/RJ";"Decrescente";"Colisão traseira";0;0;0;2;0;0;0;0;0;0;1;1;0;0;0
"25/11/2024";"03:07:00";"209";"Com vítima";"126,000";"BR-116/RJ";"Decrescente";"Queda de moto";0;0;0;1;0;0;0;0;0;0;0;1;0;0;0
"25/11/2024";"03:19:00";"211";"Com vítima";"21,000";"BR-465/RJ";"Decrescente";"Atropelamento de pedestre";0;0;0;1;0;0;0;0;0;0;0;2;0;0;0
"25/11/2024";"03:35:00";"218";"Com vítima";"413,459";"BR-116/RJ";"Decrescente";"Colisão traseira";1;0;0;1;0;0;0;0;0;0;1;0;2;0;0
"25/11/2024";"04:11:00";"225";"Com vítima";"513,960";"BR-116/RJ";"Crescente";"Atropelamento de ciclista";1;1;0;0;0;0;0;0;0;0;0;1;0;0;0
"25/11/2024";"04:26:00";"228";"Com vítima";"8,180";"BR-493/RJ";"Crescente";"Atropelamento de animal";0;0;0;1;0;0;0;0;0;0;0;0;1;0;0
"25/11/2024";"06:54:00";"246";"Sem vítima";"544,000";"BR-116/RJ";"Crescente";"Queda de moto";0;0;0;1;0;0;0;0;0;0;1;0;0;0;0
"25/11/2024";"10:31:00";"90";"Com vítima";"148,065";"BR-116/RJ";"Decrescente";"Choque";1;0;0;0;0;0;0;0;0;0;0;0;1;0;0
"26/11/2024";"12:02:00";"112";"Com vítima";"203,000";"BR-116/RJ";"Crescente";"Choque";4;0;0;0;0;1;0;0;0;0;5;3;0;0;0
"26/11/2024";"03:42:00";"149";"Com vítima";"182,900";"BR-116/RJ";"Decrescente";"Engavetamento";1;0;1;1;0;0;0;0;0;0;1;2;0;0;0
"26/11/2024";"03:48:00";"152";"Com vítima";"190,252";"BR-116/RJ";"Crescente";"Colisão traseira";0;0;2;0;0;0;0;0;0;0;0;1;1;0;0
"26/11/2024";"04:15:00";"158";"Sem vítima";"137,000";"BR-116/RJ";"Crescente";"Colisão lateral no mesmo sentido";2;0;0;0;0;0;0;0;0;0;2;0;0;0;0
"26/11/2024";"04:27:00";"161";"Com vítima";"191,105";"BR-116/RJ";"Crescente";"Colisão lateral no mesmo sentido";1;0;0;1;0;0;0;0;0;0;0;2;0;0;0
"26/11/2024";"05:41:00";"170";"Com vítima";"196,000";"BR-116/RJ";"Crescente";"Colisão traseira";1;0;0;1;0;0;0;0;0;0;0;2;0;0;0
"26/11/2024";"07:30:00";"192";"Com vítima";"17,000";"BR-493/RJ";"Decrescente";"Colisão traseira";1;0;0;0;0;1;0;0;0;0;0;2;0;0;0
"26/11/2024";"07:35:00";"193";"Com vítima";"765,000";"BR-116/RJ";"Crescente";"Colisão traseira";1;0;0;1;0;0;0;0;0;0;0;2;0;0;0
"26/11/2024";"08:39:00";"207";"Com vítima";"528,000";"BR-116/RJ";"Crescente";"Colisão lateral no mesmo sentido";1;0;0;0;0;0;0;0;0;1;0;2;0;0;0
"26/11/2024";"10:18:00";"233";"Com vítima";"759,000";"BR-116/RJ";"Crescente";"Colisão traseira";1;0;1;0;0;0;0;0;0;0;0;3;0;0;0
"26/11/2024";"01:39:00";"276";"Com vítima";"525,000";"BR-116/RJ";"Decrescente";"Colisão traseira";2;0;0;0;0;0;0;0;0;0;0;2;0;0;0
"26/11/2024";"04:32:00";"316";"Com vítima";"523,800";"BR-116/RJ";"Decrescente";"Atropelamento de ciclista";0;1;0;1;0;0;0;0;0;0;1;0;0;0;0
"26/11/2024";"05:10:00";"322";"Com vítima";"19,000";"BR-465/RJ";"Decrescente";"Colisão traseira";0;0;1;1;0;0;0;0;0;0;0;1;1;0;0
"26/11/2024";"09:01:00";"1";"Com vítima";"119,300";"BR-493/RJ";"Decrescente";"Choque";1;0;0;0;0;0;0;0;0;0;0;3;0;0;0
"27/11/2024";"03:32:00";"148";"Com vítima";"174,000";"BR-116/RJ";"Decrescente";"Engavetamento";4;0;0;0;0;0;0;0;0;0;0;4;0;0;0
"27/11/2024";"03:47:00";"149";"Com vítima";"177,000";"BR-116/RJ";"Decrescente";"Colisão lateral no mesmo sentido";1;0;0;1;0;0;0;0;0;0;1;0;1;0;0
"27/11/2024";"04:03:00";"151";"Com vítima";"203,000";"BR-116/RJ";"Decrescente";"Queda de moto";0;0;0;1;0;0;0;0;0;0;0;0;1;0;0
"27/11/2024";"04:04:00";"150";"Com vítima";"129,000";"BR-116/RJ";"Decrescente";"Colisão traseira";2;0;0;0;0;0;0;0;0;0;0;4;0;0;0
"27/11/2024";"06:19:00";"170";"Com vítima";"186,000";"BR-116/RJ";"Decrescente";"Colisão traseira";1;0;0;1;0;0;0;0;0;0;0;3;0;0;0
"27/11/2024";"11:20:00";"235";"Com vítima";"10,000";"BR-493/RJ";"Crescente";"Colisão transversal";1;0;1;0;0;0;0;0;0;0;0;1;1;0;0
"27/11/2024";"11:26:00";"237";"Com vítima";"198,400";"BR-116/RJ";"Decrescente";"Colisão traseira";0;0;1;1;0;0;0;0;0;0;0;2;0;0;0
"27/11/2024";"11:55:00";"242";"Com vítima";"48,400";"BR-493/RJ";"Decrescente";"Colisão traseira";1;0;1;0;0;0;0;0;0;0;1;1;0;0;0
"27/11/2024";"12:10:00";"246";"Sem vítima";"24,800";"BR-116/RJ";"Decrescente";"Choque";1;0;0;0;0;0;0;0;0;0;1;0;0;0;0
"27/11/2024";"12:33:00";"250";"Sem vítima";"500,000";"BR-116/RJ";"Crescente";"Saída de pista";1;0;0;0;0;0;0;0;0;0;1;0;0;0;0
"27/11/2024";"02:12:00";"277";"Com vítima";"172,000";"BR-116/RJ";"Crescente";"Engavetamento";3;0;0;0;0;0;0;0;0;0;0;3;0;0;0
"27/11/2024";"05:46:00";"323";"Com vítima";"522,000";"BR-116/RJ";"Decrescente";"Queda de moto";0;0;0;1;0;1;0;0;0;0;1;1;0;0;0
"27/11/2024";"05:52:00";"325";"Com vítima";"95,800";"BR-493/RJ";"Decrescente";"Choque";1;0;0;0;0;0;0;0;0;0;0;1;0;0;0
"27/11/2024";"06:58:00";"340";"Com vítima";"605,000";"BR-116/RJ";"Decrescente";"Queda de moto";0;0;0;1;0;0;0;0;0;0;0;1;0;0;0
"27/11/2024";"07:54:00";"345";"Com vítima";"18,990";"BR-465/RJ";"Decrescente";"Atropelamento de animal";0;0;0;0;0;0;0;0;0;0;0;0;0;0;1
"27/11/2024";"09:55:00";"97";"Sem vítima";"130,118";"BR-116/RJ";"Crescente";"Choque";1;0;0;0;0;0;0;0;0;0;1;0;0;0;0
"28/11/2024";"04:43:00";"154";"Com vítima";"2,000";"BR-465/RJ";"Crescente";"Choque";1;0;0;0;0;0;0;0;0;0;0;2;0;0;0
"28/11/2024";"04:43:00";"155";"Sem vítima";"753,000";"BR-116/RJ";"Crescente";"Saída de pista";1;0;0;0;0;0;0;0;0;0;1;0;0;0;0
"28/11/2024";"04:56:00";"161";"Com vítima";"196,000";"BR-116/RJ";"Crescente";"Colisão lateral no mesmo sentido";1;0;0;1;0;0;0;0;0;0;1;1;0;0;0
"28/11/2024";"07:57:00";"211";"Com vítima";"174,000";"BR-116/RJ";"Decrescente";"Colisão traseira";1;0;0;2;0;0;0;0;0;0;2;1;0;0;0
"28/11/2024";"09:56:00";"240";"Com vítima";"74,000";"BR-493/RJ";"Decrescente";"Colisão traseira";1;0;1;0;0;0;0;0;0;0;2;1;0;0;0
"28/11/2024";"10:30:00";"248";"Com vítima";"181,000";"BR-116/RJ";"Decrescente";"Colisão traseira";2;0;0;0;0;0;0;0;0;0;1;1;0;0;0
"28/11/2024";"12:29:00";"278";"Com vítima";"528,000";"BR-116/RJ";"Decrescente";"Colisão transversal";2;0;0;0;0;0;0;0;0;0;0;3;0;0;0
"28/11/2024";"12:32:00";"279";"Com vítima";"19,553";"BR-493/RJ";"Crescente";"Colisão transversal";0;0;0;1;1;0;0;0;0;0;1;0;0;1;0
"28/11/2024";"12:42:00";"284";"Com vítima";"141,000";"BR-116/RJ";"Decrescente";"Queda de moto";0;0;0;1;0;0;0;0;0;0;0;2;0;0;0
"28/11/2024";"12:54:00";"287";"Com vítima";"94,292";"BR-116/RJ";"Decrescente";"Colisão lateral em sentido contrário";1;0;0;1;0;0;0;0;0;0;2;2;0;0;0
"28/11/2024";"02:06:00";"306";"Com vítima";"96,000";"BR-493/RJ";"Crescente";"Choque";1;0;0;0;0;0;0;0;0;0;0;2;0;0;0
"28/11/2024";"02:28:00";"313";"Com vítima";"88,000";"BR-493/RJ";"Decrescente";"Capotamento";1;0;0;0;0;0;0;0;0;0;0;1;0;0;0
"28/11/2024";"02:43:00";"319";"Com vítima";"4,700";"BR-465/RJ";"Crescente";"Atropelamento de pedestre";0;0;0;1;0;0;0;0;0;0;1;0;1;0;0
"28/11/2024";"06:30:00";"374";"Sem vítima";"537,000";"BR-116/RJ";"Decrescente";"Colisão transversal";0;0;1;0;1;0;0;0;0;0;2;0;0;0;0
"28/11/2024";"07:33:00";"381";"Com vítima";"611,000";"BR-116/RJ";"Crescente";"Queda de moto";0;0;0;1;0;0;0;0;0;0;0;0;0;1;0
"29/11/2024";"05:10:00";"146";"Com vítima";"22,200";"BR-116/RJ";"Decrescente";"Colisão transversal";1;0;0;1;0;0;0;0;0;0;0;2;0;0;0
"29/11/2024";"05:20:00";"147";"Com vítima";"545,000";"BR-116/RJ";"Crescente";"Colisão traseira";1;0;0;1;0;0;0;0;0;0;0;1;1;1;0
"29/11/2024";"05:21:00";"148";"Com vítima";"105,050";"BR-116/RJ";"Decrescente";"Colisão frontal";2;0;0;0;0;0;0;0;0;0;0;1;0;1;0
"29/11/2024";"06:15:00";"154";"Com vítima";"183,000";"BR-116/RJ";"Crescente";"Colisão traseira";1;0;0;1;0;0;0;0;0;0;0;2;0;0;0
"29/11/2024";"07:39:00";"175";"Sem vítima";"1,000";"BR-493/RJ";"Decrescente";"Colisão lateral no mesmo sentido";1;0;0;0;0;1;0;0;0;0;2;0;0;0;0
"29/11/2024";"07:54:00";"179";"Com vítima";"67,000";"BR-116/RJ";"Crescente";"Choque";1;0;0;0;0;0;0;0;0;0;0;1;0;0;0
"29/11/2024";"07:57:00";"181";"Com vítima";"1,500";"BR-493/RJ";"Crescente";"Colisão transversal";1;0;0;1;0;0;0;0;0;0;0;1;1;0;0
"29/11/2024";"11:50:00";"224";"Com vítima";"102,000";"BR-116/RJ";"Decrescente";"Colisão lateral em sentido contrário";2;0;0;0;0;0;0;0;0;0;0;0;2;0;0
"29/11/2024";"12:21:00";"235";"Com vítima";"122,000";"BR-493/RJ";"Crescente";"Tombamento";0;0;0;0;0;1;0;0;0;0;0;1;0;0;0
"29/11/2024";"12:53:00";"239";"Com vítima";"673,000";"BR-116/RJ";"Decrescente";"Colisão transversal";0;0;1;0;0;1;0;0;0;0;0;2;0;0;0
"29/11/2024";"01:14:00";"242";"Com vítima";"547,000";"BR-116/RJ";"Crescente";"Colisão traseira";0;0;1;1;0;0;0;0;0;0;0;2;0;0;0
"29/11/2024";"01:28:00";"249";"Com vítima";"97,000";"BR-116/RJ";"Decrescente";"Choque";1;0;0;0;0;0;0;0;0;0;0;1;0;0;0
"29/11/2024";"01:57:00";"255";"Com vítima";"100,000";"BR-493/RJ";"Crescente";"Colisão lateral no mesmo sentido";1;0;2;0;0;0;0;0;0;0;0;4;0;0;0
"29/11/2024";"02:35:00";"264";"Com vítima";"421,000";"BR-116/RJ";"Crescente";"Colisão lateral no mesmo sentido";2;0;0;0;0;0;0;0;0;0;0;2;0;0;0
"29/11/2024";"02:43:00";"265";"Com vítima";"525,900";"BR-116/RJ";"Crescente";"Colisão lateral no mesmo sentido";0;0;0;2;0;0;0;0;0;0;1;0;1;0;0
"29/11/2024";"02:47:00";"267";"Sem vítima";"137,000";"BR-116/RJ";"Decrescente";"Colisão lateral no mesmo sentido";1;0;0;0;0;1;0;0;0;0;4;0;0;0;0
"29/11/2024";"04:13:00";"281";"Sem vítima";"16,000";"BR-493/RJ";"Crescente";"Saída de pista";1;0;0;0;0;0;0;0;0;0;1;0;0;0;0
"29/11/2024";"06:23:00";"310";"Com vítima";"486,778";"BR-116/RJ";"Decrescente";"Saída de pista";1;0;0;0;0;0;0;0;0;0;0;3;0;0;0
"29/11/2024";"07:31:00";"316";"Sem vítima";"0,000";"BR-493/RJ";"Crescente";"Colisão lateral em sentido contrário";1;0;0;1;0;0;0;0;0;0;3;0;0;0;0
"29/11/2024";"08:18:00";"320";"Com vítima";"208,500";"BR-116/RJ";"Decrescente";"Engavetamento";3;0;0;0;0;0;0;0;0;0;0;3;0;0;0
"29/11/2024";"11:47:00";"79";"Com vítima";"172,000";"BR-116/RJ";"Crescente";"Queda de moto";0;0;0;1;0;0;0;0;0;0;0;0;1;0;0
"30/11/2024";"12:00:00";"81";"Com vítima";"82,000";"BR-116/RJ";"Crescente";"Atropelamento de pedestre";0;0;1;0;0;0;0;0;0;0;1;0;1;0;0
"30/11/2024";"12:40:00";"91";"Sem vítima";"61,465";"BR-493/RJ";"Crescente";"Atropelamento de animal";1;0;0;0;0;0;0;0;0;0;3;0;0;0;0
"30/11/2024";"02:11:00";"97";"Com vítima";"812,376";"BR-116/RJ";"Crescente";"Colisão traseira";0;0;1;1;0;0;0;0;0;0;0;2;0;0;1
"30/11/2024";"03:54:00";"108";"Com vítima";"70,142";"BR-493/RJ";"Crescente";"Atropelamento de ciclista";0;1;1;0;0;0;0;0;0;0;1;0;0;0;0
"30/11/2024";"04:29:00";"112";"Com vítima";"638,000";"BR-116/RJ";"Crescente";"Tombamento";0;0;0;0;0;1;0;0;0;0;0;0;2;0;0
"30/11/2024";"04:32:00";"113";"Com vítima";"585,000";"BR-116/RJ";"Crescente";"Colisão lateral no mesmo sentido";1;0;0;1;0;0;0;0;0;0;0;3;0;0;0
"30/11/2024";"07:20:00";"152";"Com vítima";"178,000";"BR-116/RJ";"Decrescente";"Colisão lateral no mesmo sentido";0;0;0;1;1;0;0;0;0;0;0;3;0;0;0
"30/11/2024";"07:58:00";"163";"Com vítima";"72,200";"BR-493/RJ";"Crescente";"Choque";1;0;0;0;0;0;0;0;0;0;0;2;0;0;0
"30/11/2024";"08:02:00";"164";"Com vítima";"129,850";"BR-116/RJ";"Decrescente";"Tombamento";0;0;0;0;0;1;0;0;0;0;0;1;0;0;0
"30/11/2024";"08:30:00";"165";"Com vítima";"130,000";"BR-116/RJ";"Decrescente";"Queda de moto";0;0;0;1;0;0;0;0;0;0;0;1;0;0;0
"30/11/2024";"09:02:00";"169";"Com vítima";"21,000";"BR-465/RJ";"Crescente";"Colisão transversal";1;0;0;1;0;0;0;0;0;0;0;2;1;0;0
"30/11/2024";"09:31:00";"176";"Com vítima";"628,000";"BR-116/RJ";"Crescente";"Capotamento";1;0;0;0;0;0;0;0;0;0;0;0;0;0;1
"30/11/2024";"09:43:00";"178";"Com vítima";"174,000";"BR-116/RJ";"Decrescente";"Colisão traseira";1;0;0;1;0;0;0;0;0;0;0;2;1;0;0
"30/11/2024";"10:40:00";"187";"Com vítima";"553,138";"BR-116/RJ";"Crescente";"Saída de pista";0;0;1;0;1;0;0;0;0;0;1;1;0;0;0
"30/11/2024";"12:43:00";"210";"Com vítima";"774,000";"BR-116/RJ";"Crescente";"Saída de pista";1;0;0;0;0;0;0;0;0;0;0;1;0;0;0
"30/11/2024";"01:16:00";"215";"Com vítima";"469,000";"BR-116/RJ";"Crescente";"Colisão lateral em sentido contrário";2;0;0;0;0;0;0;0;0;0;0;4;0;0;0
"30/11/2024";"02:18:00";"227";"Com vítima";"191,951";"BR-116/RJ";"Decrescente";"Colisão traseira";1;0;1;0;0;0;0;0;0;0;0;4;0;0;0
"30/11/2024";"04:03:00";"245";"Com vítima";"563,246";"BR-116/RJ";"Decrescente";"Queda de moto";0;0;0;1;0;0;0;0;0;0;0;0;1;0;0
"30/11/2024";"04:13:00";"249";"Com vítima";"702,000";"BR-116/RJ";"Decrescente";"Atropelamento de ciclista";0;1;0;1;0;0;0;0;0;0;0;0;1;0;0
"30/11/2024";"05:31:00";"264";"Sem vítima";"198,786";"BR-116/RJ";"Crescente";"Choque";1;0;0;0;0;0;0;0;0;0;1;0;0;0;0
"30/11/2024";"07:30:00";"279";"Sem vítima";"526,150";"BR-116/RJ";"Decrescente";"Colisão traseira";2;0;0;0;0;0;0;0;0;0;3;0;0;0;0
"30/11/2024";"08:00:00";"280";"Sem vítima";"19,630";"BR-493/RJ";"Crescente";"Queda de moto";0;0;0;1;0;0;0;0;0;0;2;0;0;0;0
"30/11/2024";"10:22:00";"17";"Com vítima";"534,538";"BR-116/RJ";"Decrescente";"Saída de pista";1;0;0;0;0;0;0;0;0;0;0;1;0;0;0